<?xml version="1.0" encoding="UTF-8"?>
<gpx creator="StravaGPX" version="1.1" xmlns="http://www.topografix.com/GPX/1/1" xmlns:xsi="http://www.w3.org/2001/XMLSchema-instance" xsi:schemaLocation="http://www.topografix.com/GPX/1/1 http://www.topografix.com/GPX/1/1/gpx.xsd">
 <metadata>
  <time>2026-07-05T00:48:58Z</time>
 </metadata>
 <trk>
  <name>Bengaluru 10k Challenge - 2026</name>
  <type>running</type>
  <trkseg>
   <trkpt lat="12.9353890" lon="77.5311830">
    <ele>826.2</ele>
    <time>2026-07-05T00:48:58Z</time>
   </trkpt>
   <trkpt lat="12.9353540" lon="77.5312000">
    <ele>826.1</ele>
    <time>2026-07-05T00:48:59Z</time>
   </trkpt>
   <trkpt lat="12.9353200" lon="77.5312050">
    <ele>826.0</ele>
    <time>2026-07-05T00:49:00Z</time>
   </trkpt>
   <trkpt lat="12.9352810" lon="77.5312120">
    <ele>825.8</ele>
    <time>2026-07-05T00:49:01Z</time>
   </trkpt>
   <trkpt lat="12.9352470" lon="77.5312190">
    <ele>825.7</ele>
    <time>2026-07-05T00:49:02Z</time>
   </trkpt>
   <trkpt lat="12.9352150" lon="77.5312250">
    <ele>825.6</ele>
    <time>2026-07-05T00:49:03Z</time>
   </trkpt>
   <trkpt lat="12.9351840" lon="77.5312270">
    <ele>825.5</ele>
    <time>2026-07-05T00:49:04Z</time>
   </trkpt>
   <trkpt lat="12.9351520" lon="77.5312350">
    <ele>825.4</ele>
    <time>2026-07-05T00:49:05Z</time>
   </trkpt>
   <trkpt lat="12.9351210" lon="77.5312400">
    <ele>825.3</ele>
    <time>2026-07-05T00:49:06Z</time>
   </trkpt>
   <trkpt lat="12.9350890" lon="77.5312370">
    <ele>825.2</ele>
    <time>2026-07-05T00:49:07Z</time>
   </trkpt>
   <trkpt lat="12.9350550" lon="77.5312350">
    <ele>825.1</ele>
    <time>2026-07-05T00:49:08Z</time>
   </trkpt>
   <trkpt lat="12.9350250" lon="77.5312400">
    <ele>825.0</ele>
    <time>2026-07-05T00:49:09Z</time>
   </trkpt>
   <trkpt lat="12.9349880" lon="77.5312480">
    <ele>824.9</ele>
    <time>2026-07-05T00:49:10Z</time>
   </trkpt>
   <trkpt lat="12.9349620" lon="77.5312530">
    <ele>824.8</ele>
    <time>2026-07-05T00:49:11Z</time>
   </trkpt>
   <trkpt lat="12.9349320" lon="77.5312570">
    <ele>824.6</ele>
    <time>2026-07-05T00:49:12Z</time>
   </trkpt>
   <trkpt lat="12.9349180" lon="77.5312610">
    <ele>824.6</ele>
    <time>2026-07-05T00:49:13Z</time>
   </trkpt>
   <trkpt lat="12.9348960" lon="77.5312650">
    <ele>824.5</ele>
    <time>2026-07-05T00:49:14Z</time>
   </trkpt>
   <trkpt lat="12.9348710" lon="77.5312680">
    <ele>824.4</ele>
    <time>2026-07-05T00:49:15Z</time>
   </trkpt>
   <trkpt lat="12.9348470" lon="77.5312660">
    <ele>824.3</ele>
    <time>2026-07-05T00:49:16Z</time>
   </trkpt>
   <trkpt lat="12.9348210" lon="77.5312680">
    <ele>824.2</ele>
    <time>2026-07-05T00:49:17Z</time>
   </trkpt>
   <trkpt lat="12.9348030" lon="77.5312730">
    <ele>824.1</ele>
    <time>2026-07-05T00:49:18Z</time>
   </trkpt>
   <trkpt lat="12.9347810" lon="77.5312760">
    <ele>824.0</ele>
    <time>2026-07-05T00:49:19Z</time>
   </trkpt>
   <trkpt lat="12.9347560" lon="77.5312670">
    <ele>823.9</ele>
    <time>2026-07-05T00:49:20Z</time>
   </trkpt>
   <trkpt lat="12.9347310" lon="77.5312630">
    <ele>823.8</ele>
    <time>2026-07-05T00:49:21Z</time>
   </trkpt>
   <trkpt lat="12.9347010" lon="77.5312680">
    <ele>823.8</ele>
    <time>2026-07-05T00:49:22Z</time>
   </trkpt>
   <trkpt lat="12.9346710" lon="77.5312740">
    <ele>823.7</ele>
    <time>2026-07-05T00:49:23Z</time>
   </trkpt>
   <trkpt lat="12.9346430" lon="77.5312790">
    <ele>823.6</ele>
    <time>2026-07-05T00:49:24Z</time>
   </trkpt>
   <trkpt lat="12.9346150" lon="77.5312790">
    <ele>823.5</ele>
    <time>2026-07-05T00:49:25Z</time>
   </trkpt>
   <trkpt lat="12.9345850" lon="77.5312810">
    <ele>823.4</ele>
    <time>2026-07-05T00:49:26Z</time>
   </trkpt>
   <trkpt lat="12.9345570" lon="77.5312830">
    <ele>823.4</ele>
    <time>2026-07-05T00:49:27Z</time>
   </trkpt>
   <trkpt lat="12.9345310" lon="77.5312890">
    <ele>823.3</ele>
    <time>2026-07-05T00:49:28Z</time>
   </trkpt>
   <trkpt lat="12.9345090" lon="77.5312930">
    <ele>823.2</ele>
    <time>2026-07-05T00:49:29Z</time>
   </trkpt>
   <trkpt lat="12.9344790" lon="77.5312920">
    <ele>823.2</ele>
    <time>2026-07-05T00:49:30Z</time>
   </trkpt>
   <trkpt lat="12.9344480" lon="77.5312960">
    <ele>823.1</ele>
    <time>2026-07-05T00:49:31Z</time>
   </trkpt>
   <trkpt lat="12.9344220" lon="77.5312970">
    <ele>823.0</ele>
    <time>2026-07-05T00:49:32Z</time>
   </trkpt>
   <trkpt lat="12.9343930" lon="77.5312990">
    <ele>822.9</ele>
    <time>2026-07-05T00:49:33Z</time>
   </trkpt>
   <trkpt lat="12.9343640" lon="77.5312970">
    <ele>822.8</ele>
    <time>2026-07-05T00:49:34Z</time>
   </trkpt>
   <trkpt lat="12.9343380" lon="77.5312950">
    <ele>822.8</ele>
    <time>2026-07-05T00:49:35Z</time>
   </trkpt>
   <trkpt lat="12.9343110" lon="77.5312910">
    <ele>822.7</ele>
    <time>2026-07-05T00:49:36Z</time>
   </trkpt>
   <trkpt lat="12.9342810" lon="77.5312900">
    <ele>822.6</ele>
    <time>2026-07-05T00:49:37Z</time>
   </trkpt>
   <trkpt lat="12.9342500" lon="77.5312890">
    <ele>822.5</ele>
    <time>2026-07-05T00:49:38Z</time>
   </trkpt>
   <trkpt lat="12.9342200" lon="77.5312910">
    <ele>822.5</ele>
    <time>2026-07-05T00:49:39Z</time>
   </trkpt>
   <trkpt lat="12.9341900" lon="77.5312920">
    <ele>822.4</ele>
    <time>2026-07-05T00:49:40Z</time>
   </trkpt>
   <trkpt lat="12.9341600" lon="77.5312910">
    <ele>822.3</ele>
    <time>2026-07-05T00:49:41Z</time>
   </trkpt>
   <trkpt lat="12.9341340" lon="77.5312940">
    <ele>822.2</ele>
    <time>2026-07-05T00:49:42Z</time>
   </trkpt>
   <trkpt lat="12.9341080" lon="77.5312990">
    <ele>822.2</ele>
    <time>2026-07-05T00:49:43Z</time>
   </trkpt>
   <trkpt lat="12.9340830" lon="77.5313030">
    <ele>822.1</ele>
    <time>2026-07-05T00:49:44Z</time>
   </trkpt>
   <trkpt lat="12.9340590" lon="77.5313040">
    <ele>822.1</ele>
    <time>2026-07-05T00:49:45Z</time>
   </trkpt>
   <trkpt lat="12.9340330" lon="77.5313060">
    <ele>822.0</ele>
    <time>2026-07-05T00:49:46Z</time>
   </trkpt>
   <trkpt lat="12.9340080" lon="77.5313070">
    <ele>821.9</ele>
    <time>2026-07-05T00:49:47Z</time>
   </trkpt>
   <trkpt lat="12.9339830" lon="77.5313070">
    <ele>821.9</ele>
    <time>2026-07-05T00:49:48Z</time>
   </trkpt>
   <trkpt lat="12.9339600" lon="77.5313070">
    <ele>821.8</ele>
    <time>2026-07-05T00:49:49Z</time>
   </trkpt>
   <trkpt lat="12.9339310" lon="77.5313070">
    <ele>821.8</ele>
    <time>2026-07-05T00:49:50Z</time>
   </trkpt>
   <trkpt lat="12.9339040" lon="77.5313110">
    <ele>821.7</ele>
    <time>2026-07-05T00:49:51Z</time>
   </trkpt>
   <trkpt lat="12.9338790" lon="77.5313210">
    <ele>821.7</ele>
    <time>2026-07-05T00:49:52Z</time>
   </trkpt>
   <trkpt lat="12.9338510" lon="77.5313290">
    <ele>821.6</ele>
    <time>2026-07-05T00:49:53Z</time>
   </trkpt>
   <trkpt lat="12.9338240" lon="77.5313350">
    <ele>821.5</ele>
    <time>2026-07-05T00:49:54Z</time>
   </trkpt>
   <trkpt lat="12.9337970" lon="77.5313380">
    <ele>821.5</ele>
    <time>2026-07-05T00:49:55Z</time>
   </trkpt>
   <trkpt lat="12.9337680" lon="77.5313420">
    <ele>821.4</ele>
    <time>2026-07-05T00:49:56Z</time>
   </trkpt>
   <trkpt lat="12.9337410" lon="77.5313460">
    <ele>821.4</ele>
    <time>2026-07-05T00:49:57Z</time>
   </trkpt>
   <trkpt lat="12.9337140" lon="77.5313490">
    <ele>821.3</ele>
    <time>2026-07-05T00:49:58Z</time>
   </trkpt>
   <trkpt lat="12.9336870" lon="77.5313480">
    <ele>821.3</ele>
    <time>2026-07-05T00:49:59Z</time>
   </trkpt>
   <trkpt lat="12.9336640" lon="77.5313490">
    <ele>821.2</ele>
    <time>2026-07-05T00:50:00Z</time>
   </trkpt>
   <trkpt lat="12.9336370" lon="77.5313490">
    <ele>821.2</ele>
    <time>2026-07-05T00:50:01Z</time>
   </trkpt>
   <trkpt lat="12.9336100" lon="77.5313500">
    <ele>821.1</ele>
    <time>2026-07-05T00:50:02Z</time>
   </trkpt>
   <trkpt lat="12.9335830" lon="77.5313520">
    <ele>821.1</ele>
    <time>2026-07-05T00:50:03Z</time>
   </trkpt>
   <trkpt lat="12.9335560" lon="77.5313530">
    <ele>821.0</ele>
    <time>2026-07-05T00:50:04Z</time>
   </trkpt>
   <trkpt lat="12.9335310" lon="77.5313530">
    <ele>820.9</ele>
    <time>2026-07-05T00:50:05Z</time>
   </trkpt>
   <trkpt lat="12.9335060" lon="77.5313510">
    <ele>820.9</ele>
    <time>2026-07-05T00:50:06Z</time>
   </trkpt>
   <trkpt lat="12.9334780" lon="77.5313520">
    <ele>820.8</ele>
    <time>2026-07-05T00:50:07Z</time>
   </trkpt>
   <trkpt lat="12.9334500" lon="77.5313520">
    <ele>820.8</ele>
    <time>2026-07-05T00:50:08Z</time>
   </trkpt>
   <trkpt lat="12.9334240" lon="77.5313490">
    <ele>820.7</ele>
    <time>2026-07-05T00:50:09Z</time>
   </trkpt>
   <trkpt lat="12.9333990" lon="77.5313440">
    <ele>820.7</ele>
    <time>2026-07-05T00:50:10Z</time>
   </trkpt>
   <trkpt lat="12.9333700" lon="77.5313470">
    <ele>820.7</ele>
    <time>2026-07-05T00:50:11Z</time>
   </trkpt>
   <trkpt lat="12.9333420" lon="77.5313500">
    <ele>820.6</ele>
    <time>2026-07-05T00:50:12Z</time>
   </trkpt>
   <trkpt lat="12.9333160" lon="77.5313530">
    <ele>820.6</ele>
    <time>2026-07-05T00:50:13Z</time>
   </trkpt>
   <trkpt lat="12.9332900" lon="77.5313590">
    <ele>820.5</ele>
    <time>2026-07-05T00:50:14Z</time>
   </trkpt>
   <trkpt lat="12.9332660" lon="77.5313640">
    <ele>820.5</ele>
    <time>2026-07-05T00:50:15Z</time>
   </trkpt>
   <trkpt lat="12.9332410" lon="77.5313720">
    <ele>820.4</ele>
    <time>2026-07-05T00:50:16Z</time>
   </trkpt>
   <trkpt lat="12.9332160" lon="77.5313840">
    <ele>820.4</ele>
    <time>2026-07-05T00:50:17Z</time>
   </trkpt>
   <trkpt lat="12.9331910" lon="77.5313910">
    <ele>820.3</ele>
    <time>2026-07-05T00:50:18Z</time>
   </trkpt>
   <trkpt lat="12.9331640" lon="77.5313940">
    <ele>820.3</ele>
    <time>2026-07-05T00:50:19Z</time>
   </trkpt>
   <trkpt lat="12.9331340" lon="77.5313960">
    <ele>820.2</ele>
    <time>2026-07-05T00:50:20Z</time>
   </trkpt>
   <trkpt lat="12.9331070" lon="77.5313990">
    <ele>820.2</ele>
    <time>2026-07-05T00:50:21Z</time>
   </trkpt>
   <trkpt lat="12.9330790" lon="77.5314010">
    <ele>820.1</ele>
    <time>2026-07-05T00:50:22Z</time>
   </trkpt>
   <trkpt lat="12.9330520" lon="77.5314020">
    <ele>820.1</ele>
    <time>2026-07-05T00:50:23Z</time>
   </trkpt>
   <trkpt lat="12.9330260" lon="77.5314030">
    <ele>820.1</ele>
    <time>2026-07-05T00:50:24Z</time>
   </trkpt>
   <trkpt lat="12.9329940" lon="77.5314030">
    <ele>820.0</ele>
    <time>2026-07-05T00:50:25Z</time>
   </trkpt>
   <trkpt lat="12.9329620" lon="77.5314000">
    <ele>820.0</ele>
    <time>2026-07-05T00:50:26Z</time>
   </trkpt>
   <trkpt lat="12.9329310" lon="77.5314010">
    <ele>819.9</ele>
    <time>2026-07-05T00:50:27Z</time>
   </trkpt>
   <trkpt lat="12.9329010" lon="77.5314010">
    <ele>819.9</ele>
    <time>2026-07-05T00:50:28Z</time>
   </trkpt>
   <trkpt lat="12.9328720" lon="77.5314010">
    <ele>819.9</ele>
    <time>2026-07-05T00:50:29Z</time>
   </trkpt>
   <trkpt lat="12.9328390" lon="77.5314030">
    <ele>819.8</ele>
    <time>2026-07-05T00:50:30Z</time>
   </trkpt>
   <trkpt lat="12.9328100" lon="77.5314040">
    <ele>819.8</ele>
    <time>2026-07-05T00:50:31Z</time>
   </trkpt>
   <trkpt lat="12.9327810" lon="77.5314030">
    <ele>819.8</ele>
    <time>2026-07-05T00:50:32Z</time>
   </trkpt>
   <trkpt lat="12.9327530" lon="77.5314030">
    <ele>819.8</ele>
    <time>2026-07-05T00:50:33Z</time>
   </trkpt>
   <trkpt lat="12.9327250" lon="77.5314060">
    <ele>819.7</ele>
    <time>2026-07-05T00:50:34Z</time>
   </trkpt>
   <trkpt lat="12.9326990" lon="77.5314100">
    <ele>819.7</ele>
    <time>2026-07-05T00:50:35Z</time>
   </trkpt>
   <trkpt lat="12.9326720" lon="77.5314120">
    <ele>819.7</ele>
    <time>2026-07-05T00:50:36Z</time>
   </trkpt>
   <trkpt lat="12.9326470" lon="77.5314130">
    <ele>819.7</ele>
    <time>2026-07-05T00:50:37Z</time>
   </trkpt>
   <trkpt lat="12.9326210" lon="77.5314170">
    <ele>819.7</ele>
    <time>2026-07-05T00:50:38Z</time>
   </trkpt>
   <trkpt lat="12.9325970" lon="77.5314240">
    <ele>819.7</ele>
    <time>2026-07-05T00:50:39Z</time>
   </trkpt>
   <trkpt lat="12.9325710" lon="77.5314300">
    <ele>819.7</ele>
    <time>2026-07-05T00:50:40Z</time>
   </trkpt>
   <trkpt lat="12.9325460" lon="77.5314370">
    <ele>819.7</ele>
    <time>2026-07-05T00:50:41Z</time>
   </trkpt>
   <trkpt lat="12.9325200" lon="77.5314410">
    <ele>819.7</ele>
    <time>2026-07-05T00:50:42Z</time>
   </trkpt>
   <trkpt lat="12.9324930" lon="77.5314390">
    <ele>819.6</ele>
    <time>2026-07-05T00:50:43Z</time>
   </trkpt>
   <trkpt lat="12.9324670" lon="77.5314370">
    <ele>819.6</ele>
    <time>2026-07-05T00:50:44Z</time>
   </trkpt>
   <trkpt lat="12.9324430" lon="77.5314360">
    <ele>819.6</ele>
    <time>2026-07-05T00:50:45Z</time>
   </trkpt>
   <trkpt lat="12.9324160" lon="77.5314380">
    <ele>819.6</ele>
    <time>2026-07-05T00:50:46Z</time>
   </trkpt>
   <trkpt lat="12.9323910" lon="77.5314430">
    <ele>819.6</ele>
    <time>2026-07-05T00:50:47Z</time>
   </trkpt>
   <trkpt lat="12.9323660" lon="77.5314460">
    <ele>819.6</ele>
    <time>2026-07-05T00:50:48Z</time>
   </trkpt>
   <trkpt lat="12.9323390" lon="77.5314460">
    <ele>819.6</ele>
    <time>2026-07-05T00:50:49Z</time>
   </trkpt>
   <trkpt lat="12.9323130" lon="77.5314440">
    <ele>819.6</ele>
    <time>2026-07-05T00:50:50Z</time>
   </trkpt>
   <trkpt lat="12.9322880" lon="77.5314420">
    <ele>819.6</ele>
    <time>2026-07-05T00:50:51Z</time>
   </trkpt>
   <trkpt lat="12.9322610" lon="77.5314440">
    <ele>819.6</ele>
    <time>2026-07-05T00:50:52Z</time>
   </trkpt>
   <trkpt lat="12.9322360" lon="77.5314460">
    <ele>819.6</ele>
    <time>2026-07-05T00:50:53Z</time>
   </trkpt>
   <trkpt lat="12.9322100" lon="77.5314490">
    <ele>819.6</ele>
    <time>2026-07-05T00:50:54Z</time>
   </trkpt>
   <trkpt lat="12.9321840" lon="77.5314530">
    <ele>819.6</ele>
    <time>2026-07-05T00:50:55Z</time>
   </trkpt>
   <trkpt lat="12.9321580" lon="77.5314590">
    <ele>819.6</ele>
    <time>2026-07-05T00:50:56Z</time>
   </trkpt>
   <trkpt lat="12.9321320" lon="77.5314650">
    <ele>819.6</ele>
    <time>2026-07-05T00:50:57Z</time>
   </trkpt>
   <trkpt lat="12.9321050" lon="77.5314720">
    <ele>819.6</ele>
    <time>2026-07-05T00:50:58Z</time>
   </trkpt>
   <trkpt lat="12.9320790" lon="77.5314810">
    <ele>819.6</ele>
    <time>2026-07-05T00:50:59Z</time>
   </trkpt>
   <trkpt lat="12.9320520" lon="77.5314900">
    <ele>819.6</ele>
    <time>2026-07-05T00:51:00Z</time>
   </trkpt>
   <trkpt lat="12.9320260" lon="77.5314970">
    <ele>819.6</ele>
    <time>2026-07-05T00:51:01Z</time>
   </trkpt>
   <trkpt lat="12.9319990" lon="77.5315030">
    <ele>819.6</ele>
    <time>2026-07-05T00:51:02Z</time>
   </trkpt>
   <trkpt lat="12.9319720" lon="77.5314990">
    <ele>819.6</ele>
    <time>2026-07-05T00:51:03Z</time>
   </trkpt>
   <trkpt lat="12.9319420" lon="77.5314920">
    <ele>819.6</ele>
    <time>2026-07-05T00:51:04Z</time>
   </trkpt>
   <trkpt lat="12.9319140" lon="77.5314880">
    <ele>819.6</ele>
    <time>2026-07-05T00:51:05Z</time>
   </trkpt>
   <trkpt lat="12.9318900" lon="77.5314880">
    <ele>819.7</ele>
    <time>2026-07-05T00:51:06Z</time>
   </trkpt>
   <trkpt lat="12.9318640" lon="77.5314920">
    <ele>819.7</ele>
    <time>2026-07-05T00:51:07Z</time>
   </trkpt>
   <trkpt lat="12.9318380" lon="77.5315000">
    <ele>819.7</ele>
    <time>2026-07-05T00:51:08Z</time>
   </trkpt>
   <trkpt lat="12.9318130" lon="77.5315050">
    <ele>819.7</ele>
    <time>2026-07-05T00:51:09Z</time>
   </trkpt>
   <trkpt lat="12.9317890" lon="77.5315090">
    <ele>819.8</ele>
    <time>2026-07-05T00:51:10Z</time>
   </trkpt>
   <trkpt lat="12.9317650" lon="77.5315090">
    <ele>819.8</ele>
    <time>2026-07-05T00:51:11Z</time>
   </trkpt>
   <trkpt lat="12.9317380" lon="77.5315070">
    <ele>819.8</ele>
    <time>2026-07-05T00:51:12Z</time>
   </trkpt>
   <trkpt lat="12.9317120" lon="77.5315080">
    <ele>819.8</ele>
    <time>2026-07-05T00:51:13Z</time>
   </trkpt>
   <trkpt lat="12.9316900" lon="77.5315100">
    <ele>819.9</ele>
    <time>2026-07-05T00:51:14Z</time>
   </trkpt>
   <trkpt lat="12.9316650" lon="77.5315140">
    <ele>819.9</ele>
    <time>2026-07-05T00:51:15Z</time>
   </trkpt>
   <trkpt lat="12.9316390" lon="77.5315190">
    <ele>819.9</ele>
    <time>2026-07-05T00:51:16Z</time>
   </trkpt>
   <trkpt lat="12.9316080" lon="77.5315220">
    <ele>820.0</ele>
    <time>2026-07-05T00:51:17Z</time>
   </trkpt>
   <trkpt lat="12.9315800" lon="77.5315240">
    <ele>820.0</ele>
    <time>2026-07-05T00:51:18Z</time>
   </trkpt>
   <trkpt lat="12.9315540" lon="77.5315250">
    <ele>820.1</ele>
    <time>2026-07-05T00:51:19Z</time>
   </trkpt>
   <trkpt lat="12.9315290" lon="77.5315260">
    <ele>820.1</ele>
    <time>2026-07-05T00:51:20Z</time>
   </trkpt>
   <trkpt lat="12.9315050" lon="77.5315230">
    <ele>820.1</ele>
    <time>2026-07-05T00:51:21Z</time>
   </trkpt>
   <trkpt lat="12.9314810" lon="77.5315200">
    <ele>820.2</ele>
    <time>2026-07-05T00:51:22Z</time>
   </trkpt>
   <trkpt lat="12.9314610" lon="77.5315240">
    <ele>820.2</ele>
    <time>2026-07-05T00:51:23Z</time>
   </trkpt>
   <trkpt lat="12.9314370" lon="77.5315270">
    <ele>820.2</ele>
    <time>2026-07-05T00:51:24Z</time>
   </trkpt>
   <trkpt lat="12.9314140" lon="77.5315300">
    <ele>820.3</ele>
    <time>2026-07-05T00:51:25Z</time>
   </trkpt>
   <trkpt lat="12.9313910" lon="77.5315320">
    <ele>820.3</ele>
    <time>2026-07-05T00:51:26Z</time>
   </trkpt>
   <trkpt lat="12.9313680" lon="77.5315350">
    <ele>820.3</ele>
    <time>2026-07-05T00:51:27Z</time>
   </trkpt>
   <trkpt lat="12.9313420" lon="77.5315400">
    <ele>820.4</ele>
    <time>2026-07-05T00:51:28Z</time>
   </trkpt>
   <trkpt lat="12.9313170" lon="77.5315450">
    <ele>820.4</ele>
    <time>2026-07-05T00:51:29Z</time>
   </trkpt>
   <trkpt lat="12.9312910" lon="77.5315490">
    <ele>820.5</ele>
    <time>2026-07-05T00:51:30Z</time>
   </trkpt>
   <trkpt lat="12.9312660" lon="77.5315520">
    <ele>820.5</ele>
    <time>2026-07-05T00:51:31Z</time>
   </trkpt>
   <trkpt lat="12.9312430" lon="77.5315560">
    <ele>820.6</ele>
    <time>2026-07-05T00:51:32Z</time>
   </trkpt>
   <trkpt lat="12.9312200" lon="77.5315610">
    <ele>820.6</ele>
    <time>2026-07-05T00:51:33Z</time>
   </trkpt>
   <trkpt lat="12.9311940" lon="77.5315630">
    <ele>820.7</ele>
    <time>2026-07-05T00:51:34Z</time>
   </trkpt>
   <trkpt lat="12.9311660" lon="77.5315650">
    <ele>820.8</ele>
    <time>2026-07-05T00:51:35Z</time>
   </trkpt>
   <trkpt lat="12.9311410" lon="77.5315670">
    <ele>820.8</ele>
    <time>2026-07-05T00:51:36Z</time>
   </trkpt>
   <trkpt lat="12.9311150" lon="77.5315690">
    <ele>820.9</ele>
    <time>2026-07-05T00:51:37Z</time>
   </trkpt>
   <trkpt lat="12.9310870" lon="77.5315700">
    <ele>820.9</ele>
    <time>2026-07-05T00:51:38Z</time>
   </trkpt>
   <trkpt lat="12.9310610" lon="77.5315720">
    <ele>821.0</ele>
    <time>2026-07-05T00:51:39Z</time>
   </trkpt>
   <trkpt lat="12.9310340" lon="77.5315730">
    <ele>821.0</ele>
    <time>2026-07-05T00:51:40Z</time>
   </trkpt>
   <trkpt lat="12.9310090" lon="77.5315760">
    <ele>821.1</ele>
    <time>2026-07-05T00:51:41Z</time>
   </trkpt>
   <trkpt lat="12.9309830" lon="77.5315780">
    <ele>821.2</ele>
    <time>2026-07-05T00:51:42Z</time>
   </trkpt>
   <trkpt lat="12.9309590" lon="77.5315770">
    <ele>821.2</ele>
    <time>2026-07-05T00:51:43Z</time>
   </trkpt>
   <trkpt lat="12.9309350" lon="77.5315780">
    <ele>821.3</ele>
    <time>2026-07-05T00:51:44Z</time>
   </trkpt>
   <trkpt lat="12.9309090" lon="77.5315800">
    <ele>821.3</ele>
    <time>2026-07-05T00:51:45Z</time>
   </trkpt>
   <trkpt lat="12.9308830" lon="77.5315790">
    <ele>821.4</ele>
    <time>2026-07-05T00:51:46Z</time>
   </trkpt>
   <trkpt lat="12.9308610" lon="77.5315820">
    <ele>821.4</ele>
    <time>2026-07-05T00:51:47Z</time>
   </trkpt>
   <trkpt lat="12.9308390" lon="77.5315830">
    <ele>821.5</ele>
    <time>2026-07-05T00:51:48Z</time>
   </trkpt>
   <trkpt lat="12.9308160" lon="77.5315810">
    <ele>821.6</ele>
    <time>2026-07-05T00:51:49Z</time>
   </trkpt>
   <trkpt lat="12.9307920" lon="77.5315790">
    <ele>821.6</ele>
    <time>2026-07-05T00:51:50Z</time>
   </trkpt>
   <trkpt lat="12.9307680" lon="77.5315820">
    <ele>821.7</ele>
    <time>2026-07-05T00:51:51Z</time>
   </trkpt>
   <trkpt lat="12.9307490" lon="77.5315880">
    <ele>821.8</ele>
    <time>2026-07-05T00:51:52Z</time>
   </trkpt>
   <trkpt lat="12.9307270" lon="77.5315930">
    <ele>821.8</ele>
    <time>2026-07-05T00:51:53Z</time>
   </trkpt>
   <trkpt lat="12.9307030" lon="77.5316010">
    <ele>821.9</ele>
    <time>2026-07-05T00:51:54Z</time>
   </trkpt>
   <trkpt lat="12.9306790" lon="77.5316070">
    <ele>822.0</ele>
    <time>2026-07-05T00:51:55Z</time>
   </trkpt>
   <trkpt lat="12.9306520" lon="77.5316100">
    <ele>822.1</ele>
    <time>2026-07-05T00:51:56Z</time>
   </trkpt>
   <trkpt lat="12.9306240" lon="77.5316090">
    <ele>822.1</ele>
    <time>2026-07-05T00:51:57Z</time>
   </trkpt>
   <trkpt lat="12.9305940" lon="77.5316120">
    <ele>822.2</ele>
    <time>2026-07-05T00:51:58Z</time>
   </trkpt>
   <trkpt lat="12.9305660" lon="77.5316170">
    <ele>822.3</ele>
    <time>2026-07-05T00:51:59Z</time>
   </trkpt>
   <trkpt lat="12.9305400" lon="77.5316220">
    <ele>822.4</ele>
    <time>2026-07-05T00:52:00Z</time>
   </trkpt>
   <trkpt lat="12.9305100" lon="77.5316200">
    <ele>822.5</ele>
    <time>2026-07-05T00:52:01Z</time>
   </trkpt>
   <trkpt lat="12.9304820" lon="77.5316210">
    <ele>822.6</ele>
    <time>2026-07-05T00:52:02Z</time>
   </trkpt>
   <trkpt lat="12.9304560" lon="77.5316200">
    <ele>822.7</ele>
    <time>2026-07-05T00:52:03Z</time>
   </trkpt>
   <trkpt lat="12.9304290" lon="77.5316190">
    <ele>822.8</ele>
    <time>2026-07-05T00:52:04Z</time>
   </trkpt>
   <trkpt lat="12.9304010" lon="77.5316220">
    <ele>822.9</ele>
    <time>2026-07-05T00:52:05Z</time>
   </trkpt>
   <trkpt lat="12.9303750" lon="77.5316260">
    <ele>822.9</ele>
    <time>2026-07-05T00:52:06Z</time>
   </trkpt>
   <trkpt lat="12.9303470" lon="77.5316260">
    <ele>823.0</ele>
    <time>2026-07-05T00:52:07Z</time>
   </trkpt>
   <trkpt lat="12.9303190" lon="77.5316270">
    <ele>823.1</ele>
    <time>2026-07-05T00:52:08Z</time>
   </trkpt>
   <trkpt lat="12.9302930" lon="77.5316290">
    <ele>823.2</ele>
    <time>2026-07-05T00:52:09Z</time>
   </trkpt>
   <trkpt lat="12.9302680" lon="77.5316320">
    <ele>823.3</ele>
    <time>2026-07-05T00:52:10Z</time>
   </trkpt>
   <trkpt lat="12.9302420" lon="77.5316340">
    <ele>823.4</ele>
    <time>2026-07-05T00:52:11Z</time>
   </trkpt>
   <trkpt lat="12.9302180" lon="77.5316350">
    <ele>823.5</ele>
    <time>2026-07-05T00:52:12Z</time>
   </trkpt>
   <trkpt lat="12.9301890" lon="77.5316370">
    <ele>823.6</ele>
    <time>2026-07-05T00:52:13Z</time>
   </trkpt>
   <trkpt lat="12.9301610" lon="77.5316360">
    <ele>823.7</ele>
    <time>2026-07-05T00:52:14Z</time>
   </trkpt>
   <trkpt lat="12.9301340" lon="77.5316380">
    <ele>823.8</ele>
    <time>2026-07-05T00:52:15Z</time>
   </trkpt>
   <trkpt lat="12.9301070" lon="77.5316400">
    <ele>823.9</ele>
    <time>2026-07-05T00:52:16Z</time>
   </trkpt>
   <trkpt lat="12.9300800" lon="77.5316430">
    <ele>824.0</ele>
    <time>2026-07-05T00:52:17Z</time>
   </trkpt>
   <trkpt lat="12.9300570" lon="77.5316440">
    <ele>824.0</ele>
    <time>2026-07-05T00:52:18Z</time>
   </trkpt>
   <trkpt lat="12.9300310" lon="77.5316460">
    <ele>824.1</ele>
    <time>2026-07-05T00:52:19Z</time>
   </trkpt>
   <trkpt lat="12.9300060" lon="77.5316450">
    <ele>824.2</ele>
    <time>2026-07-05T00:52:20Z</time>
   </trkpt>
   <trkpt lat="12.9299810" lon="77.5316460">
    <ele>824.3</ele>
    <time>2026-07-05T00:52:21Z</time>
   </trkpt>
   <trkpt lat="12.9299540" lon="77.5316470">
    <ele>824.4</ele>
    <time>2026-07-05T00:52:22Z</time>
   </trkpt>
   <trkpt lat="12.9299300" lon="77.5316490">
    <ele>824.5</ele>
    <time>2026-07-05T00:52:23Z</time>
   </trkpt>
   <trkpt lat="12.9299080" lon="77.5316500">
    <ele>824.6</ele>
    <time>2026-07-05T00:52:24Z</time>
   </trkpt>
   <trkpt lat="12.9298820" lon="77.5316540">
    <ele>824.7</ele>
    <time>2026-07-05T00:52:25Z</time>
   </trkpt>
   <trkpt lat="12.9298570" lon="77.5316540">
    <ele>824.8</ele>
    <time>2026-07-05T00:52:26Z</time>
   </trkpt>
   <trkpt lat="12.9298320" lon="77.5316550">
    <ele>824.9</ele>
    <time>2026-07-05T00:52:27Z</time>
   </trkpt>
   <trkpt lat="12.9298080" lon="77.5316570">
    <ele>825.0</ele>
    <time>2026-07-05T00:52:28Z</time>
   </trkpt>
   <trkpt lat="12.9297830" lon="77.5316580">
    <ele>825.1</ele>
    <time>2026-07-05T00:52:29Z</time>
   </trkpt>
   <trkpt lat="12.9297570" lon="77.5316580">
    <ele>825.2</ele>
    <time>2026-07-05T00:52:30Z</time>
   </trkpt>
   <trkpt lat="12.9297300" lon="77.5316540">
    <ele>825.3</ele>
    <time>2026-07-05T00:52:31Z</time>
   </trkpt>
   <trkpt lat="12.9297050" lon="77.5316550">
    <ele>825.4</ele>
    <time>2026-07-05T00:52:32Z</time>
   </trkpt>
   <trkpt lat="12.9296780" lon="77.5316610">
    <ele>825.5</ele>
    <time>2026-07-05T00:52:33Z</time>
   </trkpt>
   <trkpt lat="12.9296510" lon="77.5316650">
    <ele>825.6</ele>
    <time>2026-07-05T00:52:34Z</time>
   </trkpt>
   <trkpt lat="12.9296250" lon="77.5316660">
    <ele>825.7</ele>
    <time>2026-07-05T00:52:35Z</time>
   </trkpt>
   <trkpt lat="12.9296020" lon="77.5316690">
    <ele>825.7</ele>
    <time>2026-07-05T00:52:36Z</time>
   </trkpt>
   <trkpt lat="12.9295800" lon="77.5316770">
    <ele>825.8</ele>
    <time>2026-07-05T00:52:37Z</time>
   </trkpt>
   <trkpt lat="12.9295560" lon="77.5316820">
    <ele>825.9</ele>
    <time>2026-07-05T00:52:38Z</time>
   </trkpt>
   <trkpt lat="12.9295320" lon="77.5316830">
    <ele>826.0</ele>
    <time>2026-07-05T00:52:39Z</time>
   </trkpt>
   <trkpt lat="12.9295080" lon="77.5316850">
    <ele>826.1</ele>
    <time>2026-07-05T00:52:40Z</time>
   </trkpt>
   <trkpt lat="12.9294850" lon="77.5316900">
    <ele>826.2</ele>
    <time>2026-07-05T00:52:41Z</time>
   </trkpt>
   <trkpt lat="12.9294610" lon="77.5316950">
    <ele>826.3</ele>
    <time>2026-07-05T00:52:42Z</time>
   </trkpt>
   <trkpt lat="12.9294370" lon="77.5316970">
    <ele>826.4</ele>
    <time>2026-07-05T00:52:43Z</time>
   </trkpt>
   <trkpt lat="12.9294120" lon="77.5316990">
    <ele>826.5</ele>
    <time>2026-07-05T00:52:44Z</time>
   </trkpt>
   <trkpt lat="12.9293880" lon="77.5317010">
    <ele>826.6</ele>
    <time>2026-07-05T00:52:45Z</time>
   </trkpt>
   <trkpt lat="12.9293620" lon="77.5317030">
    <ele>826.7</ele>
    <time>2026-07-05T00:52:46Z</time>
   </trkpt>
   <trkpt lat="12.9293370" lon="77.5317030">
    <ele>826.7</ele>
    <time>2026-07-05T00:52:47Z</time>
   </trkpt>
   <trkpt lat="12.9293140" lon="77.5317020">
    <ele>826.8</ele>
    <time>2026-07-05T00:52:48Z</time>
   </trkpt>
   <trkpt lat="12.9292930" lon="77.5316990">
    <ele>826.9</ele>
    <time>2026-07-05T00:52:49Z</time>
   </trkpt>
   <trkpt lat="12.9292710" lon="77.5316990">
    <ele>827.0</ele>
    <time>2026-07-05T00:52:50Z</time>
   </trkpt>
   <trkpt lat="12.9292490" lon="77.5317000">
    <ele>827.1</ele>
    <time>2026-07-05T00:52:51Z</time>
   </trkpt>
   <trkpt lat="12.9292250" lon="77.5317000">
    <ele>827.2</ele>
    <time>2026-07-05T00:52:52Z</time>
   </trkpt>
   <trkpt lat="12.9292010" lon="77.5316980">
    <ele>827.3</ele>
    <time>2026-07-05T00:52:53Z</time>
   </trkpt>
   <trkpt lat="12.9291770" lon="77.5317010">
    <ele>827.4</ele>
    <time>2026-07-05T00:52:54Z</time>
   </trkpt>
   <trkpt lat="12.9291500" lon="77.5317000">
    <ele>827.5</ele>
    <time>2026-07-05T00:52:55Z</time>
   </trkpt>
   <trkpt lat="12.9291240" lon="77.5317010">
    <ele>827.6</ele>
    <time>2026-07-05T00:52:56Z</time>
   </trkpt>
   <trkpt lat="12.9290980" lon="77.5317060">
    <ele>827.7</ele>
    <time>2026-07-05T00:52:57Z</time>
   </trkpt>
   <trkpt lat="12.9290740" lon="77.5317130">
    <ele>827.8</ele>
    <time>2026-07-05T00:52:58Z</time>
   </trkpt>
   <trkpt lat="12.9290510" lon="77.5317160">
    <ele>827.9</ele>
    <time>2026-07-05T00:52:59Z</time>
   </trkpt>
   <trkpt lat="12.9290250" lon="77.5317190">
    <ele>828.0</ele>
    <time>2026-07-05T00:53:00Z</time>
   </trkpt>
   <trkpt lat="12.9289980" lon="77.5317190">
    <ele>828.1</ele>
    <time>2026-07-05T00:53:01Z</time>
   </trkpt>
   <trkpt lat="12.9289730" lon="77.5317230">
    <ele>828.2</ele>
    <time>2026-07-05T00:53:02Z</time>
   </trkpt>
   <trkpt lat="12.9289490" lon="77.5317340">
    <ele>828.3</ele>
    <time>2026-07-05T00:53:03Z</time>
   </trkpt>
   <trkpt lat="12.9289230" lon="77.5317340">
    <ele>828.4</ele>
    <time>2026-07-05T00:53:04Z</time>
   </trkpt>
   <trkpt lat="12.9288980" lon="77.5317320">
    <ele>828.5</ele>
    <time>2026-07-05T00:53:05Z</time>
   </trkpt>
   <trkpt lat="12.9288730" lon="77.5317310">
    <ele>828.6</ele>
    <time>2026-07-05T00:53:06Z</time>
   </trkpt>
   <trkpt lat="12.9288480" lon="77.5317280">
    <ele>828.7</ele>
    <time>2026-07-05T00:53:07Z</time>
   </trkpt>
   <trkpt lat="12.9288250" lon="77.5317270">
    <ele>828.7</ele>
    <time>2026-07-05T00:53:08Z</time>
   </trkpt>
   <trkpt lat="12.9288000" lon="77.5317290">
    <ele>828.8</ele>
    <time>2026-07-05T00:53:09Z</time>
   </trkpt>
   <trkpt lat="12.9287750" lon="77.5317280">
    <ele>828.9</ele>
    <time>2026-07-05T00:53:10Z</time>
   </trkpt>
   <trkpt lat="12.9287520" lon="77.5317270">
    <ele>829.0</ele>
    <time>2026-07-05T00:53:11Z</time>
   </trkpt>
   <trkpt lat="12.9287270" lon="77.5317330">
    <ele>829.1</ele>
    <time>2026-07-05T00:53:12Z</time>
   </trkpt>
   <trkpt lat="12.9287020" lon="77.5317390">
    <ele>829.2</ele>
    <time>2026-07-05T00:53:13Z</time>
   </trkpt>
   <trkpt lat="12.9286780" lon="77.5317450">
    <ele>829.3</ele>
    <time>2026-07-05T00:53:14Z</time>
   </trkpt>
   <trkpt lat="12.9286530" lon="77.5317560">
    <ele>829.5</ele>
    <time>2026-07-05T00:53:15Z</time>
   </trkpt>
   <trkpt lat="12.9286260" lon="77.5317570">
    <ele>829.6</ele>
    <time>2026-07-05T00:53:16Z</time>
   </trkpt>
   <trkpt lat="12.9286000" lon="77.5317570">
    <ele>829.7</ele>
    <time>2026-07-05T00:53:17Z</time>
   </trkpt>
   <trkpt lat="12.9285740" lon="77.5317580">
    <ele>829.8</ele>
    <time>2026-07-05T00:53:18Z</time>
   </trkpt>
   <trkpt lat="12.9285470" lon="77.5317560">
    <ele>829.9</ele>
    <time>2026-07-05T00:53:19Z</time>
   </trkpt>
   <trkpt lat="12.9285230" lon="77.5317530">
    <ele>830.0</ele>
    <time>2026-07-05T00:53:20Z</time>
   </trkpt>
   <trkpt lat="12.9284970" lon="77.5317530">
    <ele>830.1</ele>
    <time>2026-07-05T00:53:21Z</time>
   </trkpt>
   <trkpt lat="12.9284700" lon="77.5317520">
    <ele>830.2</ele>
    <time>2026-07-05T00:53:22Z</time>
   </trkpt>
   <trkpt lat="12.9284470" lon="77.5317520">
    <ele>830.3</ele>
    <time>2026-07-05T00:53:23Z</time>
   </trkpt>
   <trkpt lat="12.9284240" lon="77.5317530">
    <ele>830.4</ele>
    <time>2026-07-05T00:53:24Z</time>
   </trkpt>
   <trkpt lat="12.9284020" lon="77.5317530">
    <ele>830.5</ele>
    <time>2026-07-05T00:53:25Z</time>
   </trkpt>
   <trkpt lat="12.9283760" lon="77.5317530">
    <ele>830.6</ele>
    <time>2026-07-05T00:53:26Z</time>
   </trkpt>
   <trkpt lat="12.9283550" lon="77.5317560">
    <ele>830.7</ele>
    <time>2026-07-05T00:53:27Z</time>
   </trkpt>
   <trkpt lat="12.9283310" lon="77.5317590">
    <ele>830.8</ele>
    <time>2026-07-05T00:53:28Z</time>
   </trkpt>
   <trkpt lat="12.9283080" lon="77.5317630">
    <ele>830.9</ele>
    <time>2026-07-05T00:53:29Z</time>
   </trkpt>
   <trkpt lat="12.9282850" lon="77.5317620">
    <ele>830.9</ele>
    <time>2026-07-05T00:53:30Z</time>
   </trkpt>
   <trkpt lat="12.9282630" lon="77.5317660">
    <ele>831.0</ele>
    <time>2026-07-05T00:53:31Z</time>
   </trkpt>
   <trkpt lat="12.9282390" lon="77.5317700">
    <ele>831.1</ele>
    <time>2026-07-05T00:53:32Z</time>
   </trkpt>
   <trkpt lat="12.9282150" lon="77.5317740">
    <ele>831.2</ele>
    <time>2026-07-05T00:53:33Z</time>
   </trkpt>
   <trkpt lat="12.9281910" lon="77.5317770">
    <ele>831.2</ele>
    <time>2026-07-05T00:53:34Z</time>
   </trkpt>
   <trkpt lat="12.9281670" lon="77.5317750">
    <ele>831.2</ele>
    <time>2026-07-05T00:53:35Z</time>
   </trkpt>
   <trkpt lat="12.9281450" lon="77.5317750">
    <ele>831.3</ele>
    <time>2026-07-05T00:53:36Z</time>
   </trkpt>
   <trkpt lat="12.9281200" lon="77.5317770">
    <ele>831.3</ele>
    <time>2026-07-05T00:53:37Z</time>
   </trkpt>
   <trkpt lat="12.9280980" lon="77.5317790">
    <ele>831.3</ele>
    <time>2026-07-05T00:53:38Z</time>
   </trkpt>
   <trkpt lat="12.9280740" lon="77.5317820">
    <ele>831.3</ele>
    <time>2026-07-05T00:53:39Z</time>
   </trkpt>
   <trkpt lat="12.9280500" lon="77.5317840">
    <ele>831.3</ele>
    <time>2026-07-05T00:53:40Z</time>
   </trkpt>
   <trkpt lat="12.9280250" lon="77.5317870">
    <ele>831.4</ele>
    <time>2026-07-05T00:53:41Z</time>
   </trkpt>
   <trkpt lat="12.9280010" lon="77.5317890">
    <ele>831.4</ele>
    <time>2026-07-05T00:53:42Z</time>
   </trkpt>
   <trkpt lat="12.9279770" lon="77.5317900">
    <ele>831.4</ele>
    <time>2026-07-05T00:53:43Z</time>
   </trkpt>
   <trkpt lat="12.9279520" lon="77.5317910">
    <ele>831.4</ele>
    <time>2026-07-05T00:53:44Z</time>
   </trkpt>
   <trkpt lat="12.9279290" lon="77.5317950">
    <ele>831.4</ele>
    <time>2026-07-05T00:53:45Z</time>
   </trkpt>
   <trkpt lat="12.9279050" lon="77.5317990">
    <ele>831.5</ele>
    <time>2026-07-05T00:53:46Z</time>
   </trkpt>
   <trkpt lat="12.9278840" lon="77.5318030">
    <ele>831.5</ele>
    <time>2026-07-05T00:53:47Z</time>
   </trkpt>
   <trkpt lat="12.9278640" lon="77.5318040">
    <ele>831.6</ele>
    <time>2026-07-05T00:53:48Z</time>
   </trkpt>
   <trkpt lat="12.9278440" lon="77.5318070">
    <ele>831.7</ele>
    <time>2026-07-05T00:53:49Z</time>
   </trkpt>
   <trkpt lat="12.9278210" lon="77.5318110">
    <ele>831.7</ele>
    <time>2026-07-05T00:53:50Z</time>
   </trkpt>
   <trkpt lat="12.9277990" lon="77.5318170">
    <ele>831.8</ele>
    <time>2026-07-05T00:53:51Z</time>
   </trkpt>
   <trkpt lat="12.9277740" lon="77.5318190">
    <ele>831.8</ele>
    <time>2026-07-05T00:53:52Z</time>
   </trkpt>
   <trkpt lat="12.9277500" lon="77.5318200">
    <ele>831.9</ele>
    <time>2026-07-05T00:53:53Z</time>
   </trkpt>
   <trkpt lat="12.9277260" lon="77.5318210">
    <ele>832.0</ele>
    <time>2026-07-05T00:53:54Z</time>
   </trkpt>
   <trkpt lat="12.9277040" lon="77.5318220">
    <ele>832.0</ele>
    <time>2026-07-05T00:53:55Z</time>
   </trkpt>
   <trkpt lat="12.9276820" lon="77.5318230">
    <ele>832.1</ele>
    <time>2026-07-05T00:53:56Z</time>
   </trkpt>
   <trkpt lat="12.9276580" lon="77.5318230">
    <ele>832.1</ele>
    <time>2026-07-05T00:53:57Z</time>
   </trkpt>
   <trkpt lat="12.9276350" lon="77.5318230">
    <ele>832.2</ele>
    <time>2026-07-05T00:53:58Z</time>
   </trkpt>
   <trkpt lat="12.9276070" lon="77.5318280">
    <ele>832.2</ele>
    <time>2026-07-05T00:53:59Z</time>
   </trkpt>
   <trkpt lat="12.9275810" lon="77.5318370">
    <ele>832.3</ele>
    <time>2026-07-05T00:54:00Z</time>
   </trkpt>
   <trkpt lat="12.9275540" lon="77.5318440">
    <ele>832.3</ele>
    <time>2026-07-05T00:54:01Z</time>
   </trkpt>
   <trkpt lat="12.9275280" lon="77.5318490">
    <ele>832.4</ele>
    <time>2026-07-05T00:54:02Z</time>
   </trkpt>
   <trkpt lat="12.9274940" lon="77.5318470">
    <ele>832.4</ele>
    <time>2026-07-05T00:54:03Z</time>
   </trkpt>
   <trkpt lat="12.9274630" lon="77.5318440">
    <ele>832.5</ele>
    <time>2026-07-05T00:54:04Z</time>
   </trkpt>
   <trkpt lat="12.9274340" lon="77.5318490">
    <ele>832.5</ele>
    <time>2026-07-05T00:54:05Z</time>
   </trkpt>
   <trkpt lat="12.9274080" lon="77.5318540">
    <ele>832.5</ele>
    <time>2026-07-05T00:54:06Z</time>
   </trkpt>
   <trkpt lat="12.9273790" lon="77.5318580">
    <ele>832.6</ele>
    <time>2026-07-05T00:54:07Z</time>
   </trkpt>
   <trkpt lat="12.9273510" lon="77.5318560">
    <ele>832.6</ele>
    <time>2026-07-05T00:54:08Z</time>
   </trkpt>
   <trkpt lat="12.9273250" lon="77.5318550">
    <ele>832.7</ele>
    <time>2026-07-05T00:54:09Z</time>
   </trkpt>
   <trkpt lat="12.9272950" lon="77.5318530">
    <ele>832.7</ele>
    <time>2026-07-05T00:54:10Z</time>
   </trkpt>
   <trkpt lat="12.9272690" lon="77.5318540">
    <ele>832.7</ele>
    <time>2026-07-05T00:54:11Z</time>
   </trkpt>
   <trkpt lat="12.9272430" lon="77.5318570">
    <ele>832.7</ele>
    <time>2026-07-05T00:54:12Z</time>
   </trkpt>
   <trkpt lat="12.9272190" lon="77.5318570">
    <ele>832.8</ele>
    <time>2026-07-05T00:54:13Z</time>
   </trkpt>
   <trkpt lat="12.9271940" lon="77.5318580">
    <ele>832.8</ele>
    <time>2026-07-05T00:54:14Z</time>
   </trkpt>
   <trkpt lat="12.9271710" lon="77.5318610">
    <ele>832.8</ele>
    <time>2026-07-05T00:54:15Z</time>
   </trkpt>
   <trkpt lat="12.9271490" lon="77.5318640">
    <ele>832.8</ele>
    <time>2026-07-05T00:54:16Z</time>
   </trkpt>
   <trkpt lat="12.9271260" lon="77.5318660">
    <ele>832.9</ele>
    <time>2026-07-05T00:54:17Z</time>
   </trkpt>
   <trkpt lat="12.9271040" lon="77.5318680">
    <ele>832.9</ele>
    <time>2026-07-05T00:54:18Z</time>
   </trkpt>
   <trkpt lat="12.9270790" lon="77.5318730">
    <ele>832.9</ele>
    <time>2026-07-05T00:54:19Z</time>
   </trkpt>
   <trkpt lat="12.9270530" lon="77.5318780">
    <ele>832.9</ele>
    <time>2026-07-05T00:54:20Z</time>
   </trkpt>
   <trkpt lat="12.9270270" lon="77.5318810">
    <ele>832.9</ele>
    <time>2026-07-05T00:54:21Z</time>
   </trkpt>
   <trkpt lat="12.9270010" lon="77.5318840">
    <ele>833.0</ele>
    <time>2026-07-05T00:54:22Z</time>
   </trkpt>
   <trkpt lat="12.9269750" lon="77.5318850">
    <ele>833.0</ele>
    <time>2026-07-05T00:54:23Z</time>
   </trkpt>
   <trkpt lat="12.9269510" lon="77.5318880">
    <ele>833.0</ele>
    <time>2026-07-05T00:54:24Z</time>
   </trkpt>
   <trkpt lat="12.9269260" lon="77.5318920">
    <ele>833.0</ele>
    <time>2026-07-05T00:54:25Z</time>
   </trkpt>
   <trkpt lat="12.9269010" lon="77.5318930">
    <ele>833.0</ele>
    <time>2026-07-05T00:54:26Z</time>
   </trkpt>
   <trkpt lat="12.9268750" lon="77.5318980">
    <ele>833.0</ele>
    <time>2026-07-05T00:54:27Z</time>
   </trkpt>
   <trkpt lat="12.9268490" lon="77.5319000">
    <ele>833.1</ele>
    <time>2026-07-05T00:54:28Z</time>
   </trkpt>
   <trkpt lat="12.9268240" lon="77.5318990">
    <ele>833.1</ele>
    <time>2026-07-05T00:54:29Z</time>
   </trkpt>
   <trkpt lat="12.9267980" lon="77.5318990">
    <ele>833.1</ele>
    <time>2026-07-05T00:54:30Z</time>
   </trkpt>
   <trkpt lat="12.9267710" lon="77.5318990">
    <ele>833.1</ele>
    <time>2026-07-05T00:54:31Z</time>
   </trkpt>
   <trkpt lat="12.9267430" lon="77.5319000">
    <ele>833.1</ele>
    <time>2026-07-05T00:54:32Z</time>
   </trkpt>
   <trkpt lat="12.9267170" lon="77.5319040">
    <ele>833.1</ele>
    <time>2026-07-05T00:54:33Z</time>
   </trkpt>
   <trkpt lat="12.9266890" lon="77.5319050">
    <ele>833.2</ele>
    <time>2026-07-05T00:54:34Z</time>
   </trkpt>
   <trkpt lat="12.9266610" lon="77.5319010">
    <ele>833.2</ele>
    <time>2026-07-05T00:54:35Z</time>
   </trkpt>
   <trkpt lat="12.9266350" lon="77.5319000">
    <ele>833.2</ele>
    <time>2026-07-05T00:54:36Z</time>
   </trkpt>
   <trkpt lat="12.9266090" lon="77.5319040">
    <ele>833.2</ele>
    <time>2026-07-05T00:54:37Z</time>
   </trkpt>
   <trkpt lat="12.9265820" lon="77.5319080">
    <ele>833.2</ele>
    <time>2026-07-05T00:54:38Z</time>
   </trkpt>
   <trkpt lat="12.9265570" lon="77.5319110">
    <ele>833.2</ele>
    <time>2026-07-05T00:54:39Z</time>
   </trkpt>
   <trkpt lat="12.9265300" lon="77.5319110">
    <ele>833.2</ele>
    <time>2026-07-05T00:54:40Z</time>
   </trkpt>
   <trkpt lat="12.9265010" lon="77.5319120">
    <ele>833.3</ele>
    <time>2026-07-05T00:54:41Z</time>
   </trkpt>
   <trkpt lat="12.9264730" lon="77.5319160">
    <ele>833.3</ele>
    <time>2026-07-05T00:54:42Z</time>
   </trkpt>
   <trkpt lat="12.9264440" lon="77.5319230">
    <ele>833.3</ele>
    <time>2026-07-05T00:54:43Z</time>
   </trkpt>
   <trkpt lat="12.9264150" lon="77.5319300">
    <ele>833.3</ele>
    <time>2026-07-05T00:54:44Z</time>
   </trkpt>
   <trkpt lat="12.9263860" lon="77.5319350">
    <ele>833.3</ele>
    <time>2026-07-05T00:54:45Z</time>
   </trkpt>
   <trkpt lat="12.9263570" lon="77.5319380">
    <ele>833.4</ele>
    <time>2026-07-05T00:54:46Z</time>
   </trkpt>
   <trkpt lat="12.9263290" lon="77.5319430">
    <ele>833.4</ele>
    <time>2026-07-05T00:54:47Z</time>
   </trkpt>
   <trkpt lat="12.9263050" lon="77.5319390">
    <ele>833.4</ele>
    <time>2026-07-05T00:54:48Z</time>
   </trkpt>
   <trkpt lat="12.9262800" lon="77.5319400">
    <ele>833.5</ele>
    <time>2026-07-05T00:54:49Z</time>
   </trkpt>
   <trkpt lat="12.9262570" lon="77.5319340">
    <ele>833.5</ele>
    <time>2026-07-05T00:54:50Z</time>
   </trkpt>
   <trkpt lat="12.9262320" lon="77.5319290">
    <ele>833.5</ele>
    <time>2026-07-05T00:54:51Z</time>
   </trkpt>
   <trkpt lat="12.9262060" lon="77.5319290">
    <ele>833.5</ele>
    <time>2026-07-05T00:54:52Z</time>
   </trkpt>
   <trkpt lat="12.9261810" lon="77.5319320">
    <ele>833.5</ele>
    <time>2026-07-05T00:54:53Z</time>
   </trkpt>
   <trkpt lat="12.9261560" lon="77.5319310">
    <ele>833.6</ele>
    <time>2026-07-05T00:54:54Z</time>
   </trkpt>
   <trkpt lat="12.9261300" lon="77.5319310">
    <ele>833.6</ele>
    <time>2026-07-05T00:54:55Z</time>
   </trkpt>
   <trkpt lat="12.9261050" lon="77.5319290">
    <ele>833.6</ele>
    <time>2026-07-05T00:54:56Z</time>
   </trkpt>
   <trkpt lat="12.9260820" lon="77.5319290">
    <ele>833.6</ele>
    <time>2026-07-05T00:54:57Z</time>
   </trkpt>
   <trkpt lat="12.9260560" lon="77.5319340">
    <ele>833.6</ele>
    <time>2026-07-05T00:54:58Z</time>
   </trkpt>
   <trkpt lat="12.9260290" lon="77.5319400">
    <ele>833.7</ele>
    <time>2026-07-05T00:54:59Z</time>
   </trkpt>
   <trkpt lat="12.9260030" lon="77.5319410">
    <ele>833.7</ele>
    <time>2026-07-05T00:55:00Z</time>
   </trkpt>
   <trkpt lat="12.9259780" lon="77.5319460">
    <ele>833.7</ele>
    <time>2026-07-05T00:55:01Z</time>
   </trkpt>
   <trkpt lat="12.9259560" lon="77.5319520">
    <ele>833.8</ele>
    <time>2026-07-05T00:55:02Z</time>
   </trkpt>
   <trkpt lat="12.9259330" lon="77.5319540">
    <ele>833.8</ele>
    <time>2026-07-05T00:55:03Z</time>
   </trkpt>
   <trkpt lat="12.9259090" lon="77.5319570">
    <ele>833.8</ele>
    <time>2026-07-05T00:55:04Z</time>
   </trkpt>
   <trkpt lat="12.9258830" lon="77.5319550">
    <ele>833.9</ele>
    <time>2026-07-05T00:55:05Z</time>
   </trkpt>
   <trkpt lat="12.9258590" lon="77.5319560">
    <ele>833.9</ele>
    <time>2026-07-05T00:55:06Z</time>
   </trkpt>
   <trkpt lat="12.9258360" lon="77.5319590">
    <ele>834.0</ele>
    <time>2026-07-05T00:55:07Z</time>
   </trkpt>
   <trkpt lat="12.9258140" lon="77.5319610">
    <ele>834.0</ele>
    <time>2026-07-05T00:55:08Z</time>
   </trkpt>
   <trkpt lat="12.9257900" lon="77.5319640">
    <ele>834.0</ele>
    <time>2026-07-05T00:55:09Z</time>
   </trkpt>
   <trkpt lat="12.9257660" lon="77.5319630">
    <ele>834.1</ele>
    <time>2026-07-05T00:55:10Z</time>
   </trkpt>
   <trkpt lat="12.9257420" lon="77.5319640">
    <ele>834.1</ele>
    <time>2026-07-05T00:55:11Z</time>
   </trkpt>
   <trkpt lat="12.9257220" lon="77.5319640">
    <ele>834.2</ele>
    <time>2026-07-05T00:55:12Z</time>
   </trkpt>
   <trkpt lat="12.9256970" lon="77.5319630">
    <ele>834.2</ele>
    <time>2026-07-05T00:55:13Z</time>
   </trkpt>
   <trkpt lat="12.9256730" lon="77.5319680">
    <ele>834.3</ele>
    <time>2026-07-05T00:55:14Z</time>
   </trkpt>
   <trkpt lat="12.9256500" lon="77.5319700">
    <ele>834.3</ele>
    <time>2026-07-05T00:55:15Z</time>
   </trkpt>
   <trkpt lat="12.9256280" lon="77.5319710">
    <ele>834.4</ele>
    <time>2026-07-05T00:55:16Z</time>
   </trkpt>
   <trkpt lat="12.9256020" lon="77.5319810">
    <ele>834.4</ele>
    <time>2026-07-05T00:55:17Z</time>
   </trkpt>
   <trkpt lat="12.9255840" lon="77.5319880">
    <ele>834.5</ele>
    <time>2026-07-05T00:55:18Z</time>
   </trkpt>
   <trkpt lat="12.9255630" lon="77.5319920">
    <ele>834.5</ele>
    <time>2026-07-05T00:55:19Z</time>
   </trkpt>
   <trkpt lat="12.9255400" lon="77.5319950">
    <ele>834.6</ele>
    <time>2026-07-05T00:55:20Z</time>
   </trkpt>
   <trkpt lat="12.9255170" lon="77.5320020">
    <ele>834.7</ele>
    <time>2026-07-05T00:55:21Z</time>
   </trkpt>
   <trkpt lat="12.9254920" lon="77.5320000">
    <ele>834.7</ele>
    <time>2026-07-05T00:55:22Z</time>
   </trkpt>
   <trkpt lat="12.9254660" lon="77.5320010">
    <ele>834.8</ele>
    <time>2026-07-05T00:55:23Z</time>
   </trkpt>
   <trkpt lat="12.9254420" lon="77.5320040">
    <ele>834.8</ele>
    <time>2026-07-05T00:55:24Z</time>
   </trkpt>
   <trkpt lat="12.9254130" lon="77.5320040">
    <ele>834.9</ele>
    <time>2026-07-05T00:55:25Z</time>
   </trkpt>
   <trkpt lat="12.9253870" lon="77.5320060">
    <ele>835.0</ele>
    <time>2026-07-05T00:55:26Z</time>
   </trkpt>
   <trkpt lat="12.9253600" lon="77.5320100">
    <ele>835.1</ele>
    <time>2026-07-05T00:55:27Z</time>
   </trkpt>
   <trkpt lat="12.9253350" lon="77.5320120">
    <ele>835.1</ele>
    <time>2026-07-05T00:55:28Z</time>
   </trkpt>
   <trkpt lat="12.9253080" lon="77.5320100">
    <ele>835.2</ele>
    <time>2026-07-05T00:55:29Z</time>
   </trkpt>
   <trkpt lat="12.9252800" lon="77.5320090">
    <ele>835.3</ele>
    <time>2026-07-05T00:55:30Z</time>
   </trkpt>
   <trkpt lat="12.9252540" lon="77.5320080">
    <ele>835.4</ele>
    <time>2026-07-05T00:55:31Z</time>
   </trkpt>
   <trkpt lat="12.9252300" lon="77.5320060">
    <ele>835.4</ele>
    <time>2026-07-05T00:55:32Z</time>
   </trkpt>
   <trkpt lat="12.9252070" lon="77.5320080">
    <ele>835.5</ele>
    <time>2026-07-05T00:55:33Z</time>
   </trkpt>
   <trkpt lat="12.9251830" lon="77.5320110">
    <ele>835.6</ele>
    <time>2026-07-05T00:55:34Z</time>
   </trkpt>
   <trkpt lat="12.9251570" lon="77.5320160">
    <ele>835.7</ele>
    <time>2026-07-05T00:55:35Z</time>
   </trkpt>
   <trkpt lat="12.9251310" lon="77.5320200">
    <ele>835.8</ele>
    <time>2026-07-05T00:55:36Z</time>
   </trkpt>
   <trkpt lat="12.9251030" lon="77.5320220">
    <ele>835.9</ele>
    <time>2026-07-05T00:55:37Z</time>
   </trkpt>
   <trkpt lat="12.9250740" lon="77.5320260">
    <ele>836.0</ele>
    <time>2026-07-05T00:55:38Z</time>
   </trkpt>
   <trkpt lat="12.9250450" lon="77.5320270">
    <ele>836.0</ele>
    <time>2026-07-05T00:55:39Z</time>
   </trkpt>
   <trkpt lat="12.9250190" lon="77.5320290">
    <ele>836.1</ele>
    <time>2026-07-05T00:55:40Z</time>
   </trkpt>
   <trkpt lat="12.9250000" lon="77.5320340">
    <ele>836.2</ele>
    <time>2026-07-05T00:55:41Z</time>
   </trkpt>
   <trkpt lat="12.9249800" lon="77.5320360">
    <ele>836.3</ele>
    <time>2026-07-05T00:55:42Z</time>
   </trkpt>
   <trkpt lat="12.9249580" lon="77.5320370">
    <ele>836.3</ele>
    <time>2026-07-05T00:55:43Z</time>
   </trkpt>
   <trkpt lat="12.9249360" lon="77.5320370">
    <ele>836.4</ele>
    <time>2026-07-05T00:55:44Z</time>
   </trkpt>
   <trkpt lat="12.9249110" lon="77.5320360">
    <ele>836.5</ele>
    <time>2026-07-05T00:55:45Z</time>
   </trkpt>
   <trkpt lat="12.9248850" lon="77.5320340">
    <ele>836.6</ele>
    <time>2026-07-05T00:55:46Z</time>
   </trkpt>
   <trkpt lat="12.9248600" lon="77.5320350">
    <ele>836.7</ele>
    <time>2026-07-05T00:55:47Z</time>
   </trkpt>
   <trkpt lat="12.9248380" lon="77.5320390">
    <ele>836.8</ele>
    <time>2026-07-05T00:55:48Z</time>
   </trkpt>
   <trkpt lat="12.9248150" lon="77.5320430">
    <ele>836.8</ele>
    <time>2026-07-05T00:55:49Z</time>
   </trkpt>
   <trkpt lat="12.9247920" lon="77.5320450">
    <ele>836.9</ele>
    <time>2026-07-05T00:55:50Z</time>
   </trkpt>
   <trkpt lat="12.9247680" lon="77.5320430">
    <ele>837.0</ele>
    <time>2026-07-05T00:55:51Z</time>
   </trkpt>
   <trkpt lat="12.9247450" lon="77.5320470">
    <ele>837.1</ele>
    <time>2026-07-05T00:55:52Z</time>
   </trkpt>
   <trkpt lat="12.9247240" lon="77.5320540">
    <ele>837.2</ele>
    <time>2026-07-05T00:55:53Z</time>
   </trkpt>
   <trkpt lat="12.9247010" lon="77.5320590">
    <ele>837.3</ele>
    <time>2026-07-05T00:55:54Z</time>
   </trkpt>
   <trkpt lat="12.9246800" lon="77.5320580">
    <ele>837.4</ele>
    <time>2026-07-05T00:55:55Z</time>
   </trkpt>
   <trkpt lat="12.9246590" lon="77.5320540">
    <ele>837.4</ele>
    <time>2026-07-05T00:55:56Z</time>
   </trkpt>
   <trkpt lat="12.9246360" lon="77.5320580">
    <ele>837.5</ele>
    <time>2026-07-05T00:55:57Z</time>
   </trkpt>
   <trkpt lat="12.9246130" lon="77.5320580">
    <ele>837.6</ele>
    <time>2026-07-05T00:55:58Z</time>
   </trkpt>
   <trkpt lat="12.9245910" lon="77.5320580">
    <ele>837.7</ele>
    <time>2026-07-05T00:55:59Z</time>
   </trkpt>
   <trkpt lat="12.9245690" lon="77.5320560">
    <ele>837.8</ele>
    <time>2026-07-05T00:56:00Z</time>
   </trkpt>
   <trkpt lat="12.9245480" lon="77.5320550">
    <ele>837.9</ele>
    <time>2026-07-05T00:56:01Z</time>
   </trkpt>
   <trkpt lat="12.9245270" lon="77.5320550">
    <ele>837.9</ele>
    <time>2026-07-05T00:56:02Z</time>
   </trkpt>
   <trkpt lat="12.9245020" lon="77.5320530">
    <ele>838.0</ele>
    <time>2026-07-05T00:56:03Z</time>
   </trkpt>
   <trkpt lat="12.9244760" lon="77.5320560">
    <ele>838.1</ele>
    <time>2026-07-05T00:56:04Z</time>
   </trkpt>
   <trkpt lat="12.9244540" lon="77.5320550">
    <ele>838.2</ele>
    <time>2026-07-05T00:56:05Z</time>
   </trkpt>
   <trkpt lat="12.9244280" lon="77.5320560">
    <ele>838.3</ele>
    <time>2026-07-05T00:56:06Z</time>
   </trkpt>
   <trkpt lat="12.9244060" lon="77.5320590">
    <ele>838.4</ele>
    <time>2026-07-05T00:56:07Z</time>
   </trkpt>
   <trkpt lat="12.9243830" lon="77.5320610">
    <ele>838.5</ele>
    <time>2026-07-05T00:56:08Z</time>
   </trkpt>
   <trkpt lat="12.9243600" lon="77.5320630">
    <ele>838.5</ele>
    <time>2026-07-05T00:56:09Z</time>
   </trkpt>
   <trkpt lat="12.9243370" lon="77.5320680">
    <ele>838.6</ele>
    <time>2026-07-05T00:56:10Z</time>
   </trkpt>
   <trkpt lat="12.9243150" lon="77.5320710">
    <ele>838.7</ele>
    <time>2026-07-05T00:56:11Z</time>
   </trkpt>
   <trkpt lat="12.9242900" lon="77.5320740">
    <ele>838.8</ele>
    <time>2026-07-05T00:56:12Z</time>
   </trkpt>
   <trkpt lat="12.9242670" lon="77.5320770">
    <ele>838.9</ele>
    <time>2026-07-05T00:56:13Z</time>
   </trkpt>
   <trkpt lat="12.9242420" lon="77.5320810">
    <ele>839.0</ele>
    <time>2026-07-05T00:56:14Z</time>
   </trkpt>
   <trkpt lat="12.9242170" lon="77.5320850">
    <ele>839.1</ele>
    <time>2026-07-05T00:56:15Z</time>
   </trkpt>
   <trkpt lat="12.9241920" lon="77.5320870">
    <ele>839.2</ele>
    <time>2026-07-05T00:56:16Z</time>
   </trkpt>
   <trkpt lat="12.9241680" lon="77.5320880">
    <ele>839.3</ele>
    <time>2026-07-05T00:56:17Z</time>
   </trkpt>
   <trkpt lat="12.9241430" lon="77.5320890">
    <ele>839.4</ele>
    <time>2026-07-05T00:56:18Z</time>
   </trkpt>
   <trkpt lat="12.9241200" lon="77.5320920">
    <ele>839.5</ele>
    <time>2026-07-05T00:56:19Z</time>
   </trkpt>
   <trkpt lat="12.9240970" lon="77.5320950">
    <ele>839.6</ele>
    <time>2026-07-05T00:56:20Z</time>
   </trkpt>
   <trkpt lat="12.9240730" lon="77.5320940">
    <ele>839.7</ele>
    <time>2026-07-05T00:56:21Z</time>
   </trkpt>
   <trkpt lat="12.9240510" lon="77.5320960">
    <ele>839.7</ele>
    <time>2026-07-05T00:56:22Z</time>
   </trkpt>
   <trkpt lat="12.9240300" lon="77.5320980">
    <ele>839.8</ele>
    <time>2026-07-05T00:56:23Z</time>
   </trkpt>
   <trkpt lat="12.9240080" lon="77.5321000">
    <ele>839.9</ele>
    <time>2026-07-05T00:56:24Z</time>
   </trkpt>
   <trkpt lat="12.9239850" lon="77.5321010">
    <ele>840.0</ele>
    <time>2026-07-05T00:56:25Z</time>
   </trkpt>
   <trkpt lat="12.9239620" lon="77.5321070">
    <ele>840.1</ele>
    <time>2026-07-05T00:56:26Z</time>
   </trkpt>
   <trkpt lat="12.9239420" lon="77.5321100">
    <ele>840.2</ele>
    <time>2026-07-05T00:56:27Z</time>
   </trkpt>
   <trkpt lat="12.9239190" lon="77.5321120">
    <ele>840.3</ele>
    <time>2026-07-05T00:56:28Z</time>
   </trkpt>
   <trkpt lat="12.9238990" lon="77.5321130">
    <ele>840.3</ele>
    <time>2026-07-05T00:56:29Z</time>
   </trkpt>
   <trkpt lat="12.9238810" lon="77.5321120">
    <ele>840.4</ele>
    <time>2026-07-05T00:56:30Z</time>
   </trkpt>
   <trkpt lat="12.9238560" lon="77.5321120">
    <ele>840.5</ele>
    <time>2026-07-05T00:56:31Z</time>
   </trkpt>
   <trkpt lat="12.9238320" lon="77.5321190">
    <ele>840.6</ele>
    <time>2026-07-05T00:56:32Z</time>
   </trkpt>
   <trkpt lat="12.9238090" lon="77.5321240">
    <ele>840.7</ele>
    <time>2026-07-05T00:56:33Z</time>
   </trkpt>
   <trkpt lat="12.9237830" lon="77.5321270">
    <ele>840.8</ele>
    <time>2026-07-05T00:56:34Z</time>
   </trkpt>
   <trkpt lat="12.9237590" lon="77.5321300">
    <ele>840.9</ele>
    <time>2026-07-05T00:56:35Z</time>
   </trkpt>
   <trkpt lat="12.9237360" lon="77.5321300">
    <ele>841.0</ele>
    <time>2026-07-05T00:56:36Z</time>
   </trkpt>
   <trkpt lat="12.9237120" lon="77.5321210">
    <ele>841.1</ele>
    <time>2026-07-05T00:56:37Z</time>
   </trkpt>
   <trkpt lat="12.9236890" lon="77.5321220">
    <ele>841.2</ele>
    <time>2026-07-05T00:56:38Z</time>
   </trkpt>
   <trkpt lat="12.9236670" lon="77.5321270">
    <ele>841.3</ele>
    <time>2026-07-05T00:56:39Z</time>
   </trkpt>
   <trkpt lat="12.9236470" lon="77.5321320">
    <ele>841.4</ele>
    <time>2026-07-05T00:56:40Z</time>
   </trkpt>
   <trkpt lat="12.9236260" lon="77.5321350">
    <ele>841.5</ele>
    <time>2026-07-05T00:56:41Z</time>
   </trkpt>
   <trkpt lat="12.9236000" lon="77.5321220">
    <ele>841.6</ele>
    <time>2026-07-05T00:56:42Z</time>
   </trkpt>
   <trkpt lat="12.9235800" lon="77.5321150">
    <ele>841.7</ele>
    <time>2026-07-05T00:56:43Z</time>
   </trkpt>
   <trkpt lat="12.9235560" lon="77.5321060">
    <ele>841.8</ele>
    <time>2026-07-05T00:56:44Z</time>
   </trkpt>
   <trkpt lat="12.9235360" lon="77.5321060">
    <ele>841.9</ele>
    <time>2026-07-05T00:56:45Z</time>
   </trkpt>
   <trkpt lat="12.9235140" lon="77.5321050">
    <ele>841.9</ele>
    <time>2026-07-05T00:56:46Z</time>
   </trkpt>
   <trkpt lat="12.9234890" lon="77.5321090">
    <ele>842.0</ele>
    <time>2026-07-05T00:56:47Z</time>
   </trkpt>
   <trkpt lat="12.9234640" lon="77.5321130">
    <ele>842.1</ele>
    <time>2026-07-05T00:56:48Z</time>
   </trkpt>
   <trkpt lat="12.9234390" lon="77.5321130">
    <ele>842.2</ele>
    <time>2026-07-05T00:56:49Z</time>
   </trkpt>
   <trkpt lat="12.9234150" lon="77.5321190">
    <ele>842.3</ele>
    <time>2026-07-05T00:56:50Z</time>
   </trkpt>
   <trkpt lat="12.9233940" lon="77.5321220">
    <ele>842.4</ele>
    <time>2026-07-05T00:56:51Z</time>
   </trkpt>
   <trkpt lat="12.9233700" lon="77.5321260">
    <ele>842.5</ele>
    <time>2026-07-05T00:56:52Z</time>
   </trkpt>
   <trkpt lat="12.9233460" lon="77.5321290">
    <ele>842.6</ele>
    <time>2026-07-05T00:56:53Z</time>
   </trkpt>
   <trkpt lat="12.9233190" lon="77.5321330">
    <ele>842.7</ele>
    <time>2026-07-05T00:56:54Z</time>
   </trkpt>
   <trkpt lat="12.9232960" lon="77.5321360">
    <ele>842.8</ele>
    <time>2026-07-05T00:56:55Z</time>
   </trkpt>
   <trkpt lat="12.9232720" lon="77.5321400">
    <ele>842.9</ele>
    <time>2026-07-05T00:56:56Z</time>
   </trkpt>
   <trkpt lat="12.9232450" lon="77.5321430">
    <ele>843.0</ele>
    <time>2026-07-05T00:56:57Z</time>
   </trkpt>
   <trkpt lat="12.9232190" lon="77.5321460">
    <ele>843.1</ele>
    <time>2026-07-05T00:56:58Z</time>
   </trkpt>
   <trkpt lat="12.9231950" lon="77.5321450">
    <ele>843.2</ele>
    <time>2026-07-05T00:56:59Z</time>
   </trkpt>
   <trkpt lat="12.9231720" lon="77.5321350">
    <ele>843.3</ele>
    <time>2026-07-05T00:57:00Z</time>
   </trkpt>
   <trkpt lat="12.9231510" lon="77.5321290">
    <ele>843.4</ele>
    <time>2026-07-05T00:57:01Z</time>
   </trkpt>
   <trkpt lat="12.9231210" lon="77.5321290">
    <ele>843.5</ele>
    <time>2026-07-05T00:57:02Z</time>
   </trkpt>
   <trkpt lat="12.9230960" lon="77.5321400">
    <ele>843.6</ele>
    <time>2026-07-05T00:57:03Z</time>
   </trkpt>
   <trkpt lat="12.9230670" lon="77.5321470">
    <ele>843.7</ele>
    <time>2026-07-05T00:57:04Z</time>
   </trkpt>
   <trkpt lat="12.9230390" lon="77.5321360">
    <ele>843.8</ele>
    <time>2026-07-05T00:57:05Z</time>
   </trkpt>
   <trkpt lat="12.9230130" lon="77.5321300">
    <ele>843.9</ele>
    <time>2026-07-05T00:57:06Z</time>
   </trkpt>
   <trkpt lat="12.9229860" lon="77.5321350">
    <ele>844.1</ele>
    <time>2026-07-05T00:57:07Z</time>
   </trkpt>
   <trkpt lat="12.9229620" lon="77.5321400">
    <ele>844.2</ele>
    <time>2026-07-05T00:57:08Z</time>
   </trkpt>
   <trkpt lat="12.9229390" lon="77.5321470">
    <ele>844.3</ele>
    <time>2026-07-05T00:57:09Z</time>
   </trkpt>
   <trkpt lat="12.9229160" lon="77.5321540">
    <ele>844.3</ele>
    <time>2026-07-05T00:57:10Z</time>
   </trkpt>
   <trkpt lat="12.9228930" lon="77.5321570">
    <ele>844.4</ele>
    <time>2026-07-05T00:57:11Z</time>
   </trkpt>
   <trkpt lat="12.9228720" lon="77.5321550">
    <ele>844.5</ele>
    <time>2026-07-05T00:57:12Z</time>
   </trkpt>
   <trkpt lat="12.9228490" lon="77.5321550">
    <ele>844.6</ele>
    <time>2026-07-05T00:57:13Z</time>
   </trkpt>
   <trkpt lat="12.9228270" lon="77.5321490">
    <ele>844.7</ele>
    <time>2026-07-05T00:57:14Z</time>
   </trkpt>
   <trkpt lat="12.9228060" lon="77.5321440">
    <ele>844.8</ele>
    <time>2026-07-05T00:57:15Z</time>
   </trkpt>
   <trkpt lat="12.9227850" lon="77.5321440">
    <ele>844.9</ele>
    <time>2026-07-05T00:57:16Z</time>
   </trkpt>
   <trkpt lat="12.9227690" lon="77.5321390">
    <ele>844.9</ele>
    <time>2026-07-05T00:57:17Z</time>
   </trkpt>
   <trkpt lat="12.9227510" lon="77.5321360">
    <ele>845.0</ele>
    <time>2026-07-05T00:57:18Z</time>
   </trkpt>
   <trkpt lat="12.9227310" lon="77.5321340">
    <ele>845.1</ele>
    <time>2026-07-05T00:57:19Z</time>
   </trkpt>
   <trkpt lat="12.9227110" lon="77.5321280">
    <ele>845.2</ele>
    <time>2026-07-05T00:57:20Z</time>
   </trkpt>
   <trkpt lat="12.9226900" lon="77.5321230">
    <ele>845.3</ele>
    <time>2026-07-05T00:57:21Z</time>
   </trkpt>
   <trkpt lat="12.9226710" lon="77.5321250">
    <ele>845.3</ele>
    <time>2026-07-05T00:57:22Z</time>
   </trkpt>
   <trkpt lat="12.9226520" lon="77.5321230">
    <ele>845.4</ele>
    <time>2026-07-05T00:57:23Z</time>
   </trkpt>
   <trkpt lat="12.9226310" lon="77.5321250">
    <ele>845.5</ele>
    <time>2026-07-05T00:57:24Z</time>
   </trkpt>
   <trkpt lat="12.9226100" lon="77.5321230">
    <ele>845.6</ele>
    <time>2026-07-05T00:57:25Z</time>
   </trkpt>
   <trkpt lat="12.9225870" lon="77.5321270">
    <ele>845.7</ele>
    <time>2026-07-05T00:57:26Z</time>
   </trkpt>
   <trkpt lat="12.9225620" lon="77.5321290">
    <ele>845.8</ele>
    <time>2026-07-05T00:57:27Z</time>
   </trkpt>
   <trkpt lat="12.9225380" lon="77.5321280">
    <ele>845.9</ele>
    <time>2026-07-05T00:57:28Z</time>
   </trkpt>
   <trkpt lat="12.9225130" lon="77.5321290">
    <ele>846.0</ele>
    <time>2026-07-05T00:57:29Z</time>
   </trkpt>
   <trkpt lat="12.9224910" lon="77.5321300">
    <ele>846.0</ele>
    <time>2026-07-05T00:57:30Z</time>
   </trkpt>
   <trkpt lat="12.9224650" lon="77.5321320">
    <ele>846.1</ele>
    <time>2026-07-05T00:57:31Z</time>
   </trkpt>
   <trkpt lat="12.9224430" lon="77.5321360">
    <ele>846.2</ele>
    <time>2026-07-05T00:57:32Z</time>
   </trkpt>
   <trkpt lat="12.9224210" lon="77.5321360">
    <ele>846.3</ele>
    <time>2026-07-05T00:57:33Z</time>
   </trkpt>
   <trkpt lat="12.9223970" lon="77.5321350">
    <ele>846.4</ele>
    <time>2026-07-05T00:57:34Z</time>
   </trkpt>
   <trkpt lat="12.9223740" lon="77.5321340">
    <ele>846.5</ele>
    <time>2026-07-05T00:57:35Z</time>
   </trkpt>
   <trkpt lat="12.9223490" lon="77.5321330">
    <ele>846.6</ele>
    <time>2026-07-05T00:57:36Z</time>
   </trkpt>
   <trkpt lat="12.9223260" lon="77.5321310">
    <ele>846.7</ele>
    <time>2026-07-05T00:57:37Z</time>
   </trkpt>
   <trkpt lat="12.9223040" lon="77.5321320">
    <ele>846.7</ele>
    <time>2026-07-05T00:57:38Z</time>
   </trkpt>
   <trkpt lat="12.9222830" lon="77.5321300">
    <ele>846.8</ele>
    <time>2026-07-05T00:57:39Z</time>
   </trkpt>
   <trkpt lat="12.9222610" lon="77.5321320">
    <ele>846.9</ele>
    <time>2026-07-05T00:57:40Z</time>
   </trkpt>
   <trkpt lat="12.9222430" lon="77.5321330">
    <ele>846.9</ele>
    <time>2026-07-05T00:57:41Z</time>
   </trkpt>
   <trkpt lat="12.9222240" lon="77.5321330">
    <ele>847.0</ele>
    <time>2026-07-05T00:57:42Z</time>
   </trkpt>
   <trkpt lat="12.9222040" lon="77.5321290">
    <ele>847.1</ele>
    <time>2026-07-05T00:57:43Z</time>
   </trkpt>
   <trkpt lat="12.9221830" lon="77.5321230">
    <ele>847.2</ele>
    <time>2026-07-05T00:57:44Z</time>
   </trkpt>
   <trkpt lat="12.9221620" lon="77.5321200">
    <ele>847.2</ele>
    <time>2026-07-05T00:57:45Z</time>
   </trkpt>
   <trkpt lat="12.9221430" lon="77.5321160">
    <ele>847.3</ele>
    <time>2026-07-05T00:57:46Z</time>
   </trkpt>
   <trkpt lat="12.9221220" lon="77.5321110">
    <ele>847.4</ele>
    <time>2026-07-05T00:57:47Z</time>
   </trkpt>
   <trkpt lat="12.9221010" lon="77.5321050">
    <ele>847.5</ele>
    <time>2026-07-05T00:57:48Z</time>
   </trkpt>
   <trkpt lat="12.9220790" lon="77.5321020">
    <ele>847.6</ele>
    <time>2026-07-05T00:57:49Z</time>
   </trkpt>
   <trkpt lat="12.9220560" lon="77.5320990">
    <ele>847.6</ele>
    <time>2026-07-05T00:57:50Z</time>
   </trkpt>
   <trkpt lat="12.9220340" lon="77.5320970">
    <ele>847.7</ele>
    <time>2026-07-05T00:57:51Z</time>
   </trkpt>
   <trkpt lat="12.9220110" lon="77.5320960">
    <ele>847.8</ele>
    <time>2026-07-05T00:57:52Z</time>
   </trkpt>
   <trkpt lat="12.9219880" lon="77.5320980">
    <ele>847.9</ele>
    <time>2026-07-05T00:57:53Z</time>
   </trkpt>
   <trkpt lat="12.9219670" lon="77.5320960">
    <ele>848.0</ele>
    <time>2026-07-05T00:57:54Z</time>
   </trkpt>
   <trkpt lat="12.9219440" lon="77.5320950">
    <ele>848.1</ele>
    <time>2026-07-05T00:57:55Z</time>
   </trkpt>
   <trkpt lat="12.9219220" lon="77.5320940">
    <ele>848.2</ele>
    <time>2026-07-05T00:57:56Z</time>
   </trkpt>
   <trkpt lat="12.9219010" lon="77.5320950">
    <ele>848.2</ele>
    <time>2026-07-05T00:57:57Z</time>
   </trkpt>
   <trkpt lat="12.9218810" lon="77.5320920">
    <ele>848.3</ele>
    <time>2026-07-05T00:57:58Z</time>
   </trkpt>
   <trkpt lat="12.9218610" lon="77.5320940">
    <ele>848.4</ele>
    <time>2026-07-05T00:57:59Z</time>
   </trkpt>
   <trkpt lat="12.9218370" lon="77.5320920">
    <ele>848.5</ele>
    <time>2026-07-05T00:58:00Z</time>
   </trkpt>
   <trkpt lat="12.9218160" lon="77.5320860">
    <ele>848.6</ele>
    <time>2026-07-05T00:58:01Z</time>
   </trkpt>
   <trkpt lat="12.9217950" lon="77.5320790">
    <ele>848.7</ele>
    <time>2026-07-05T00:58:02Z</time>
   </trkpt>
   <trkpt lat="12.9217750" lon="77.5320760">
    <ele>848.7</ele>
    <time>2026-07-05T00:58:03Z</time>
   </trkpt>
   <trkpt lat="12.9217560" lon="77.5320720">
    <ele>848.8</ele>
    <time>2026-07-05T00:58:04Z</time>
   </trkpt>
   <trkpt lat="12.9217360" lon="77.5320680">
    <ele>848.9</ele>
    <time>2026-07-05T00:58:05Z</time>
   </trkpt>
   <trkpt lat="12.9217150" lon="77.5320680">
    <ele>849.0</ele>
    <time>2026-07-05T00:58:06Z</time>
   </trkpt>
   <trkpt lat="12.9216930" lon="77.5320690">
    <ele>849.0</ele>
    <time>2026-07-05T00:58:07Z</time>
   </trkpt>
   <trkpt lat="12.9216720" lon="77.5320720">
    <ele>849.1</ele>
    <time>2026-07-05T00:58:08Z</time>
   </trkpt>
   <trkpt lat="12.9216510" lon="77.5320740">
    <ele>849.2</ele>
    <time>2026-07-05T00:58:09Z</time>
   </trkpt>
   <trkpt lat="12.9216290" lon="77.5320730">
    <ele>849.3</ele>
    <time>2026-07-05T00:58:10Z</time>
   </trkpt>
   <trkpt lat="12.9216080" lon="77.5320710">
    <ele>849.4</ele>
    <time>2026-07-05T00:58:11Z</time>
   </trkpt>
   <trkpt lat="12.9215880" lon="77.5320710">
    <ele>849.4</ele>
    <time>2026-07-05T00:58:12Z</time>
   </trkpt>
   <trkpt lat="12.9215680" lon="77.5320680">
    <ele>849.5</ele>
    <time>2026-07-05T00:58:13Z</time>
   </trkpt>
   <trkpt lat="12.9215430" lon="77.5320670">
    <ele>849.6</ele>
    <time>2026-07-05T00:58:14Z</time>
   </trkpt>
   <trkpt lat="12.9215190" lon="77.5320670">
    <ele>849.7</ele>
    <time>2026-07-05T00:58:15Z</time>
   </trkpt>
   <trkpt lat="12.9214950" lon="77.5320650">
    <ele>849.8</ele>
    <time>2026-07-05T00:58:16Z</time>
   </trkpt>
   <trkpt lat="12.9214710" lon="77.5320610">
    <ele>849.9</ele>
    <time>2026-07-05T00:58:17Z</time>
   </trkpt>
   <trkpt lat="12.9214460" lon="77.5320570">
    <ele>850.0</ele>
    <time>2026-07-05T00:58:18Z</time>
   </trkpt>
   <trkpt lat="12.9214260" lon="77.5320570">
    <ele>850.1</ele>
    <time>2026-07-05T00:58:19Z</time>
   </trkpt>
   <trkpt lat="12.9214030" lon="77.5320560">
    <ele>850.2</ele>
    <time>2026-07-05T00:58:20Z</time>
   </trkpt>
   <trkpt lat="12.9213790" lon="77.5320520">
    <ele>850.3</ele>
    <time>2026-07-05T00:58:21Z</time>
   </trkpt>
   <trkpt lat="12.9213550" lon="77.5320490">
    <ele>850.4</ele>
    <time>2026-07-05T00:58:22Z</time>
   </trkpt>
   <trkpt lat="12.9213300" lon="77.5320500">
    <ele>850.5</ele>
    <time>2026-07-05T00:58:23Z</time>
   </trkpt>
   <trkpt lat="12.9213040" lon="77.5320500">
    <ele>850.6</ele>
    <time>2026-07-05T00:58:24Z</time>
   </trkpt>
   <trkpt lat="12.9212780" lon="77.5320530">
    <ele>850.7</ele>
    <time>2026-07-05T00:58:25Z</time>
   </trkpt>
   <trkpt lat="12.9212530" lon="77.5320550">
    <ele>850.8</ele>
    <time>2026-07-05T00:58:26Z</time>
   </trkpt>
   <trkpt lat="12.9212290" lon="77.5320580">
    <ele>850.9</ele>
    <time>2026-07-05T00:58:27Z</time>
   </trkpt>
   <trkpt lat="12.9212050" lon="77.5320580">
    <ele>851.0</ele>
    <time>2026-07-05T00:58:28Z</time>
   </trkpt>
   <trkpt lat="12.9211860" lon="77.5320560">
    <ele>851.0</ele>
    <time>2026-07-05T00:58:29Z</time>
   </trkpt>
   <trkpt lat="12.9211650" lon="77.5320550">
    <ele>851.1</ele>
    <time>2026-07-05T00:58:30Z</time>
   </trkpt>
   <trkpt lat="12.9211450" lon="77.5320550">
    <ele>851.2</ele>
    <time>2026-07-05T00:58:31Z</time>
   </trkpt>
   <trkpt lat="12.9211240" lon="77.5320560">
    <ele>851.3</ele>
    <time>2026-07-05T00:58:32Z</time>
   </trkpt>
   <trkpt lat="12.9211060" lon="77.5320510">
    <ele>851.3</ele>
    <time>2026-07-05T00:58:33Z</time>
   </trkpt>
   <trkpt lat="12.9210850" lon="77.5320480">
    <ele>851.4</ele>
    <time>2026-07-05T00:58:34Z</time>
   </trkpt>
   <trkpt lat="12.9210650" lon="77.5320440">
    <ele>851.5</ele>
    <time>2026-07-05T00:58:35Z</time>
   </trkpt>
   <trkpt lat="12.9210460" lon="77.5320400">
    <ele>851.6</ele>
    <time>2026-07-05T00:58:36Z</time>
   </trkpt>
   <trkpt lat="12.9210260" lon="77.5320350">
    <ele>851.6</ele>
    <time>2026-07-05T00:58:37Z</time>
   </trkpt>
   <trkpt lat="12.9210060" lon="77.5320320">
    <ele>851.7</ele>
    <time>2026-07-05T00:58:38Z</time>
   </trkpt>
   <trkpt lat="12.9209840" lon="77.5320290">
    <ele>851.8</ele>
    <time>2026-07-05T00:58:39Z</time>
   </trkpt>
   <trkpt lat="12.9209650" lon="77.5320250">
    <ele>851.9</ele>
    <time>2026-07-05T00:58:40Z</time>
   </trkpt>
   <trkpt lat="12.9209430" lon="77.5320220">
    <ele>852.0</ele>
    <time>2026-07-05T00:58:41Z</time>
   </trkpt>
   <trkpt lat="12.9209210" lon="77.5320200">
    <ele>852.1</ele>
    <time>2026-07-05T00:58:42Z</time>
   </trkpt>
   <trkpt lat="12.9208990" lon="77.5320180">
    <ele>852.1</ele>
    <time>2026-07-05T00:58:43Z</time>
   </trkpt>
   <trkpt lat="12.9208790" lon="77.5320140">
    <ele>852.2</ele>
    <time>2026-07-05T00:58:44Z</time>
   </trkpt>
   <trkpt lat="12.9208630" lon="77.5320120">
    <ele>852.3</ele>
    <time>2026-07-05T00:58:45Z</time>
   </trkpt>
   <trkpt lat="12.9208500" lon="77.5320080">
    <ele>852.3</ele>
    <time>2026-07-05T00:58:46Z</time>
   </trkpt>
   <trkpt lat="12.9208360" lon="77.5320050">
    <ele>852.4</ele>
    <time>2026-07-05T00:58:47Z</time>
   </trkpt>
   <trkpt lat="12.9208220" lon="77.5320010">
    <ele>852.5</ele>
    <time>2026-07-05T00:58:48Z</time>
   </trkpt>
   <trkpt lat="12.9208050" lon="77.5319990">
    <ele>852.5</ele>
    <time>2026-07-05T00:58:49Z</time>
   </trkpt>
   <trkpt lat="12.9207900" lon="77.5319970">
    <ele>852.6</ele>
    <time>2026-07-05T00:58:50Z</time>
   </trkpt>
   <trkpt lat="12.9207750" lon="77.5319960">
    <ele>852.7</ele>
    <time>2026-07-05T00:58:51Z</time>
   </trkpt>
   <trkpt lat="12.9207600" lon="77.5319970">
    <ele>852.7</ele>
    <time>2026-07-05T00:58:52Z</time>
   </trkpt>
   <trkpt lat="12.9207450" lon="77.5319970">
    <ele>852.8</ele>
    <time>2026-07-05T00:58:53Z</time>
   </trkpt>
   <trkpt lat="12.9207300" lon="77.5319970">
    <ele>852.8</ele>
    <time>2026-07-05T00:58:54Z</time>
   </trkpt>
   <trkpt lat="12.9207140" lon="77.5319960">
    <ele>852.9</ele>
    <time>2026-07-05T00:58:55Z</time>
   </trkpt>
   <trkpt lat="12.9206890" lon="77.5319930">
    <ele>853.0</ele>
    <time>2026-07-05T00:58:56Z</time>
   </trkpt>
   <trkpt lat="12.9206650" lon="77.5319890">
    <ele>853.1</ele>
    <time>2026-07-05T00:58:57Z</time>
   </trkpt>
   <trkpt lat="12.9206430" lon="77.5319870">
    <ele>853.2</ele>
    <time>2026-07-05T00:58:58Z</time>
   </trkpt>
   <trkpt lat="12.9206220" lon="77.5319840">
    <ele>853.3</ele>
    <time>2026-07-05T00:58:59Z</time>
   </trkpt>
   <trkpt lat="12.9205950" lon="77.5319840">
    <ele>853.4</ele>
    <time>2026-07-05T00:59:00Z</time>
   </trkpt>
   <trkpt lat="12.9205790" lon="77.5319830">
    <ele>853.4</ele>
    <time>2026-07-05T00:59:01Z</time>
   </trkpt>
   <trkpt lat="12.9205550" lon="77.5319780">
    <ele>853.5</ele>
    <time>2026-07-05T00:59:02Z</time>
   </trkpt>
   <trkpt lat="12.9205310" lon="77.5319740">
    <ele>853.6</ele>
    <time>2026-07-05T00:59:03Z</time>
   </trkpt>
   <trkpt lat="12.9205080" lon="77.5319720">
    <ele>853.7</ele>
    <time>2026-07-05T00:59:04Z</time>
   </trkpt>
   <trkpt lat="12.9204840" lon="77.5319690">
    <ele>853.8</ele>
    <time>2026-07-05T00:59:05Z</time>
   </trkpt>
   <trkpt lat="12.9204610" lon="77.5319670">
    <ele>853.9</ele>
    <time>2026-07-05T00:59:06Z</time>
   </trkpt>
   <trkpt lat="12.9204380" lon="77.5319640">
    <ele>854.0</ele>
    <time>2026-07-05T00:59:07Z</time>
   </trkpt>
   <trkpt lat="12.9204170" lon="77.5319580">
    <ele>854.1</ele>
    <time>2026-07-05T00:59:08Z</time>
   </trkpt>
   <trkpt lat="12.9203950" lon="77.5319560">
    <ele>854.1</ele>
    <time>2026-07-05T00:59:09Z</time>
   </trkpt>
   <trkpt lat="12.9203740" lon="77.5319580">
    <ele>854.2</ele>
    <time>2026-07-05T00:59:10Z</time>
   </trkpt>
   <trkpt lat="12.9203540" lon="77.5319550">
    <ele>854.3</ele>
    <time>2026-07-05T00:59:11Z</time>
   </trkpt>
   <trkpt lat="12.9203270" lon="77.5319530">
    <ele>854.4</ele>
    <time>2026-07-05T00:59:12Z</time>
   </trkpt>
   <trkpt lat="12.9203120" lon="77.5319530">
    <ele>854.5</ele>
    <time>2026-07-05T00:59:13Z</time>
   </trkpt>
   <trkpt lat="12.9202900" lon="77.5319520">
    <ele>854.5</ele>
    <time>2026-07-05T00:59:14Z</time>
   </trkpt>
   <trkpt lat="12.9202680" lon="77.5319500">
    <ele>854.6</ele>
    <time>2026-07-05T00:59:15Z</time>
   </trkpt>
   <trkpt lat="12.9202430" lon="77.5319460">
    <ele>854.7</ele>
    <time>2026-07-05T00:59:16Z</time>
   </trkpt>
   <trkpt lat="12.9202210" lon="77.5319420">
    <ele>854.8</ele>
    <time>2026-07-05T00:59:17Z</time>
   </trkpt>
   <trkpt lat="12.9201990" lon="77.5319360">
    <ele>854.9</ele>
    <time>2026-07-05T00:59:18Z</time>
   </trkpt>
   <trkpt lat="12.9201760" lon="77.5319340">
    <ele>855.0</ele>
    <time>2026-07-05T00:59:19Z</time>
   </trkpt>
   <trkpt lat="12.9201520" lon="77.5319340">
    <ele>855.1</ele>
    <time>2026-07-05T00:59:20Z</time>
   </trkpt>
   <trkpt lat="12.9201300" lon="77.5319350">
    <ele>855.1</ele>
    <time>2026-07-05T00:59:21Z</time>
   </trkpt>
   <trkpt lat="12.9201090" lon="77.5319340">
    <ele>855.2</ele>
    <time>2026-07-05T00:59:22Z</time>
   </trkpt>
   <trkpt lat="12.9200860" lon="77.5319320">
    <ele>855.3</ele>
    <time>2026-07-05T00:59:23Z</time>
   </trkpt>
   <trkpt lat="12.9200620" lon="77.5319290">
    <ele>855.4</ele>
    <time>2026-07-05T00:59:24Z</time>
   </trkpt>
   <trkpt lat="12.9200380" lon="77.5319320">
    <ele>855.5</ele>
    <time>2026-07-05T00:59:25Z</time>
   </trkpt>
   <trkpt lat="12.9200160" lon="77.5319360">
    <ele>855.6</ele>
    <time>2026-07-05T00:59:26Z</time>
   </trkpt>
   <trkpt lat="12.9199940" lon="77.5319340">
    <ele>855.7</ele>
    <time>2026-07-05T00:59:27Z</time>
   </trkpt>
   <trkpt lat="12.9199710" lon="77.5319310">
    <ele>855.8</ele>
    <time>2026-07-05T00:59:28Z</time>
   </trkpt>
   <trkpt lat="12.9199490" lon="77.5319310">
    <ele>855.9</ele>
    <time>2026-07-05T00:59:29Z</time>
   </trkpt>
   <trkpt lat="12.9199240" lon="77.5319210">
    <ele>856.0</ele>
    <time>2026-07-05T00:59:30Z</time>
   </trkpt>
   <trkpt lat="12.9199010" lon="77.5319180">
    <ele>856.1</ele>
    <time>2026-07-05T00:59:31Z</time>
   </trkpt>
   <trkpt lat="12.9198770" lon="77.5319090">
    <ele>856.2</ele>
    <time>2026-07-05T00:59:32Z</time>
   </trkpt>
   <trkpt lat="12.9198510" lon="77.5319000">
    <ele>856.3</ele>
    <time>2026-07-05T00:59:33Z</time>
   </trkpt>
   <trkpt lat="12.9198290" lon="77.5318910">
    <ele>856.4</ele>
    <time>2026-07-05T00:59:34Z</time>
   </trkpt>
   <trkpt lat="12.9198070" lon="77.5318840">
    <ele>856.4</ele>
    <time>2026-07-05T00:59:35Z</time>
   </trkpt>
   <trkpt lat="12.9197870" lon="77.5318760">
    <ele>856.5</ele>
    <time>2026-07-05T00:59:36Z</time>
   </trkpt>
   <trkpt lat="12.9197640" lon="77.5318680">
    <ele>856.6</ele>
    <time>2026-07-05T00:59:37Z</time>
   </trkpt>
   <trkpt lat="12.9197430" lon="77.5318630">
    <ele>856.7</ele>
    <time>2026-07-05T00:59:38Z</time>
   </trkpt>
   <trkpt lat="12.9197190" lon="77.5318590">
    <ele>856.8</ele>
    <time>2026-07-05T00:59:39Z</time>
   </trkpt>
   <trkpt lat="12.9196970" lon="77.5318570">
    <ele>856.8</ele>
    <time>2026-07-05T00:59:40Z</time>
   </trkpt>
   <trkpt lat="12.9196740" lon="77.5318550">
    <ele>856.9</ele>
    <time>2026-07-05T00:59:41Z</time>
   </trkpt>
   <trkpt lat="12.9196530" lon="77.5318480">
    <ele>857.0</ele>
    <time>2026-07-05T00:59:42Z</time>
   </trkpt>
   <trkpt lat="12.9196320" lon="77.5318450">
    <ele>857.1</ele>
    <time>2026-07-05T00:59:43Z</time>
   </trkpt>
   <trkpt lat="12.9196110" lon="77.5318380">
    <ele>857.2</ele>
    <time>2026-07-05T00:59:44Z</time>
   </trkpt>
   <trkpt lat="12.9195870" lon="77.5318390">
    <ele>857.3</ele>
    <time>2026-07-05T00:59:45Z</time>
   </trkpt>
   <trkpt lat="12.9195640" lon="77.5318450">
    <ele>857.4</ele>
    <time>2026-07-05T00:59:46Z</time>
   </trkpt>
   <trkpt lat="12.9195440" lon="77.5318520">
    <ele>857.4</ele>
    <time>2026-07-05T00:59:47Z</time>
   </trkpt>
   <trkpt lat="12.9195220" lon="77.5318520">
    <ele>857.5</ele>
    <time>2026-07-05T00:59:48Z</time>
   </trkpt>
   <trkpt lat="12.9195010" lon="77.5318520">
    <ele>857.6</ele>
    <time>2026-07-05T00:59:49Z</time>
   </trkpt>
   <trkpt lat="12.9194800" lon="77.5318510">
    <ele>857.7</ele>
    <time>2026-07-05T00:59:50Z</time>
   </trkpt>
   <trkpt lat="12.9194600" lon="77.5318470">
    <ele>857.8</ele>
    <time>2026-07-05T00:59:51Z</time>
   </trkpt>
   <trkpt lat="12.9194430" lon="77.5318440">
    <ele>857.8</ele>
    <time>2026-07-05T00:59:52Z</time>
   </trkpt>
   <trkpt lat="12.9194230" lon="77.5318400">
    <ele>857.9</ele>
    <time>2026-07-05T00:59:53Z</time>
   </trkpt>
   <trkpt lat="12.9194040" lon="77.5318350">
    <ele>858.0</ele>
    <time>2026-07-05T00:59:54Z</time>
   </trkpt>
   <trkpt lat="12.9193820" lon="77.5318330">
    <ele>858.1</ele>
    <time>2026-07-05T00:59:55Z</time>
   </trkpt>
   <trkpt lat="12.9193600" lon="77.5318300">
    <ele>858.1</ele>
    <time>2026-07-05T00:59:56Z</time>
   </trkpt>
   <trkpt lat="12.9193390" lon="77.5318260">
    <ele>858.2</ele>
    <time>2026-07-05T00:59:57Z</time>
   </trkpt>
   <trkpt lat="12.9193170" lon="77.5318210">
    <ele>858.3</ele>
    <time>2026-07-05T00:59:58Z</time>
   </trkpt>
   <trkpt lat="12.9192960" lon="77.5318180">
    <ele>858.3</ele>
    <time>2026-07-05T00:59:59Z</time>
   </trkpt>
   <trkpt lat="12.9192740" lon="77.5318160">
    <ele>858.4</ele>
    <time>2026-07-05T01:00:00Z</time>
   </trkpt>
   <trkpt lat="12.9192530" lon="77.5318120">
    <ele>858.5</ele>
    <time>2026-07-05T01:00:01Z</time>
   </trkpt>
   <trkpt lat="12.9192310" lon="77.5318110">
    <ele>858.5</ele>
    <time>2026-07-05T01:00:02Z</time>
   </trkpt>
   <trkpt lat="12.9192100" lon="77.5318080">
    <ele>858.6</ele>
    <time>2026-07-05T01:00:03Z</time>
   </trkpt>
   <trkpt lat="12.9191870" lon="77.5318050">
    <ele>858.7</ele>
    <time>2026-07-05T01:00:04Z</time>
   </trkpt>
   <trkpt lat="12.9191650" lon="77.5318060">
    <ele>858.7</ele>
    <time>2026-07-05T01:00:05Z</time>
   </trkpt>
   <trkpt lat="12.9191450" lon="77.5318070">
    <ele>858.8</ele>
    <time>2026-07-05T01:00:06Z</time>
   </trkpt>
   <trkpt lat="12.9191210" lon="77.5318070">
    <ele>858.8</ele>
    <time>2026-07-05T01:00:07Z</time>
   </trkpt>
   <trkpt lat="12.9190990" lon="77.5318050">
    <ele>858.9</ele>
    <time>2026-07-05T01:00:08Z</time>
   </trkpt>
   <trkpt lat="12.9190750" lon="77.5318030">
    <ele>859.0</ele>
    <time>2026-07-05T01:00:09Z</time>
   </trkpt>
   <trkpt lat="12.9190500" lon="77.5317980">
    <ele>859.0</ele>
    <time>2026-07-05T01:00:10Z</time>
   </trkpt>
   <trkpt lat="12.9190260" lon="77.5317950">
    <ele>859.1</ele>
    <time>2026-07-05T01:00:11Z</time>
   </trkpt>
   <trkpt lat="12.9190050" lon="77.5317900">
    <ele>859.1</ele>
    <time>2026-07-05T01:00:12Z</time>
   </trkpt>
   <trkpt lat="12.9189810" lon="77.5317860">
    <ele>859.2</ele>
    <time>2026-07-05T01:00:13Z</time>
   </trkpt>
   <trkpt lat="12.9189570" lon="77.5317770">
    <ele>859.3</ele>
    <time>2026-07-05T01:00:14Z</time>
   </trkpt>
   <trkpt lat="12.9189350" lon="77.5317690">
    <ele>859.3</ele>
    <time>2026-07-05T01:00:15Z</time>
   </trkpt>
   <trkpt lat="12.9189130" lon="77.5317600">
    <ele>859.4</ele>
    <time>2026-07-05T01:00:16Z</time>
   </trkpt>
   <trkpt lat="12.9188910" lon="77.5317490">
    <ele>859.4</ele>
    <time>2026-07-05T01:00:17Z</time>
   </trkpt>
   <trkpt lat="12.9188600" lon="77.5317380">
    <ele>859.5</ele>
    <time>2026-07-05T01:00:18Z</time>
   </trkpt>
   <trkpt lat="12.9188400" lon="77.5317390">
    <ele>859.6</ele>
    <time>2026-07-05T01:00:19Z</time>
   </trkpt>
   <trkpt lat="12.9188190" lon="77.5317400">
    <ele>859.6</ele>
    <time>2026-07-05T01:00:20Z</time>
   </trkpt>
   <trkpt lat="12.9188030" lon="77.5317390">
    <ele>859.7</ele>
    <time>2026-07-05T01:00:21Z</time>
   </trkpt>
   <trkpt lat="12.9187840" lon="77.5317410">
    <ele>859.7</ele>
    <time>2026-07-05T01:00:22Z</time>
   </trkpt>
   <trkpt lat="12.9187640" lon="77.5317380">
    <ele>859.8</ele>
    <time>2026-07-05T01:00:23Z</time>
   </trkpt>
   <trkpt lat="12.9187420" lon="77.5317430">
    <ele>859.8</ele>
    <time>2026-07-05T01:00:24Z</time>
   </trkpt>
   <trkpt lat="12.9187200" lon="77.5317440">
    <ele>859.9</ele>
    <time>2026-07-05T01:00:25Z</time>
   </trkpt>
   <trkpt lat="12.9186990" lon="77.5317460">
    <ele>859.9</ele>
    <time>2026-07-05T01:00:26Z</time>
   </trkpt>
   <trkpt lat="12.9186760" lon="77.5317470">
    <ele>859.9</ele>
    <time>2026-07-05T01:00:27Z</time>
   </trkpt>
   <trkpt lat="12.9186540" lon="77.5317470">
    <ele>860.0</ele>
    <time>2026-07-05T01:00:28Z</time>
   </trkpt>
   <trkpt lat="12.9186330" lon="77.5317460">
    <ele>860.0</ele>
    <time>2026-07-05T01:00:29Z</time>
   </trkpt>
   <trkpt lat="12.9186110" lon="77.5317470">
    <ele>860.1</ele>
    <time>2026-07-05T01:00:30Z</time>
   </trkpt>
   <trkpt lat="12.9185850" lon="77.5317450">
    <ele>860.1</ele>
    <time>2026-07-05T01:00:31Z</time>
   </trkpt>
   <trkpt lat="12.9185540" lon="77.5317440">
    <ele>860.2</ele>
    <time>2026-07-05T01:00:32Z</time>
   </trkpt>
   <trkpt lat="12.9185360" lon="77.5317430">
    <ele>860.2</ele>
    <time>2026-07-05T01:00:33Z</time>
   </trkpt>
   <trkpt lat="12.9185140" lon="77.5317410">
    <ele>860.2</ele>
    <time>2026-07-05T01:00:34Z</time>
   </trkpt>
   <trkpt lat="12.9184900" lon="77.5317410">
    <ele>860.3</ele>
    <time>2026-07-05T01:00:35Z</time>
   </trkpt>
   <trkpt lat="12.9184680" lon="77.5317390">
    <ele>860.3</ele>
    <time>2026-07-05T01:00:36Z</time>
   </trkpt>
   <trkpt lat="12.9184460" lon="77.5317360">
    <ele>860.3</ele>
    <time>2026-07-05T01:00:37Z</time>
   </trkpt>
   <trkpt lat="12.9184230" lon="77.5317330">
    <ele>860.4</ele>
    <time>2026-07-05T01:00:38Z</time>
   </trkpt>
   <trkpt lat="12.9184030" lon="77.5317300">
    <ele>860.4</ele>
    <time>2026-07-05T01:00:39Z</time>
   </trkpt>
   <trkpt lat="12.9183810" lon="77.5317270">
    <ele>860.4</ele>
    <time>2026-07-05T01:00:40Z</time>
   </trkpt>
   <trkpt lat="12.9183600" lon="77.5317260">
    <ele>860.4</ele>
    <time>2026-07-05T01:00:41Z</time>
   </trkpt>
   <trkpt lat="12.9183370" lon="77.5317230">
    <ele>860.5</ele>
    <time>2026-07-05T01:00:42Z</time>
   </trkpt>
   <trkpt lat="12.9183130" lon="77.5317180">
    <ele>860.5</ele>
    <time>2026-07-05T01:00:43Z</time>
   </trkpt>
   <trkpt lat="12.9182890" lon="77.5317150">
    <ele>860.5</ele>
    <time>2026-07-05T01:00:44Z</time>
   </trkpt>
   <trkpt lat="12.9182640" lon="77.5317140">
    <ele>860.5</ele>
    <time>2026-07-05T01:00:45Z</time>
   </trkpt>
   <trkpt lat="12.9182410" lon="77.5317120">
    <ele>860.5</ele>
    <time>2026-07-05T01:00:46Z</time>
   </trkpt>
   <trkpt lat="12.9182130" lon="77.5317070">
    <ele>860.5</ele>
    <time>2026-07-05T01:00:47Z</time>
   </trkpt>
   <trkpt lat="12.9181890" lon="77.5317070">
    <ele>860.5</ele>
    <time>2026-07-05T01:00:48Z</time>
   </trkpt>
   <trkpt lat="12.9181610" lon="77.5317080">
    <ele>860.6</ele>
    <time>2026-07-05T01:00:49Z</time>
   </trkpt>
   <trkpt lat="12.9181360" lon="77.5317060">
    <ele>860.6</ele>
    <time>2026-07-05T01:00:50Z</time>
   </trkpt>
   <trkpt lat="12.9181140" lon="77.5317010">
    <ele>860.6</ele>
    <time>2026-07-05T01:00:51Z</time>
   </trkpt>
   <trkpt lat="12.9180930" lon="77.5316970">
    <ele>860.6</ele>
    <time>2026-07-05T01:00:52Z</time>
   </trkpt>
   <trkpt lat="12.9180700" lon="77.5316930">
    <ele>860.6</ele>
    <time>2026-07-05T01:00:53Z</time>
   </trkpt>
   <trkpt lat="12.9180480" lon="77.5316900">
    <ele>860.6</ele>
    <time>2026-07-05T01:00:54Z</time>
   </trkpt>
   <trkpt lat="12.9180270" lon="77.5316840">
    <ele>860.6</ele>
    <time>2026-07-05T01:00:55Z</time>
   </trkpt>
   <trkpt lat="12.9180070" lon="77.5316780">
    <ele>860.6</ele>
    <time>2026-07-05T01:00:56Z</time>
   </trkpt>
   <trkpt lat="12.9179860" lon="77.5316710">
    <ele>860.6</ele>
    <time>2026-07-05T01:00:57Z</time>
   </trkpt>
   <trkpt lat="12.9179660" lon="77.5316640">
    <ele>860.6</ele>
    <time>2026-07-05T01:00:58Z</time>
   </trkpt>
   <trkpt lat="12.9179460" lon="77.5316570">
    <ele>860.6</ele>
    <time>2026-07-05T01:00:59Z</time>
   </trkpt>
   <trkpt lat="12.9179220" lon="77.5316530">
    <ele>860.6</ele>
    <time>2026-07-05T01:01:00Z</time>
   </trkpt>
   <trkpt lat="12.9178960" lon="77.5316520">
    <ele>860.6</ele>
    <time>2026-07-05T01:01:01Z</time>
   </trkpt>
   <trkpt lat="12.9178670" lon="77.5316570">
    <ele>860.6</ele>
    <time>2026-07-05T01:01:02Z</time>
   </trkpt>
   <trkpt lat="12.9178430" lon="77.5316570">
    <ele>860.6</ele>
    <time>2026-07-05T01:01:03Z</time>
   </trkpt>
   <trkpt lat="12.9178190" lon="77.5316550">
    <ele>860.6</ele>
    <time>2026-07-05T01:01:04Z</time>
   </trkpt>
   <trkpt lat="12.9177990" lon="77.5316550">
    <ele>860.6</ele>
    <time>2026-07-05T01:01:05Z</time>
   </trkpt>
   <trkpt lat="12.9177840" lon="77.5316580">
    <ele>860.6</ele>
    <time>2026-07-05T01:01:06Z</time>
   </trkpt>
   <trkpt lat="12.9177760" lon="77.5316660">
    <ele>860.6</ele>
    <time>2026-07-05T01:01:07Z</time>
   </trkpt>
   <trkpt lat="12.9177710" lon="77.5316720">
    <ele>860.6</ele>
    <time>2026-07-05T01:01:08Z</time>
   </trkpt>
   <trkpt lat="12.9177650" lon="77.5316740">
    <ele>860.6</ele>
    <time>2026-07-05T01:01:09Z</time>
   </trkpt>
   <trkpt lat="12.9177580" lon="77.5316680">
    <ele>860.6</ele>
    <time>2026-07-05T01:01:10Z</time>
   </trkpt>
   <trkpt lat="12.9177510" lon="77.5316600">
    <ele>860.6</ele>
    <time>2026-07-05T01:01:11Z</time>
   </trkpt>
   <trkpt lat="12.9177390" lon="77.5316490">
    <ele>860.6</ele>
    <time>2026-07-05T01:01:12Z</time>
   </trkpt>
   <trkpt lat="12.9177330" lon="77.5316430">
    <ele>860.6</ele>
    <time>2026-07-05T01:01:13Z</time>
   </trkpt>
   <trkpt lat="12.9177230" lon="77.5316430">
    <ele>860.6</ele>
    <time>2026-07-05T01:01:14Z</time>
   </trkpt>
   <trkpt lat="12.9177160" lon="77.5316440">
    <ele>860.6</ele>
    <time>2026-07-05T01:01:15Z</time>
   </trkpt>
   <trkpt lat="12.9177070" lon="77.5316470">
    <ele>860.6</ele>
    <time>2026-07-05T01:01:16Z</time>
   </trkpt>
   <trkpt lat="12.9176980" lon="77.5316490">
    <ele>860.6</ele>
    <time>2026-07-05T01:01:17Z</time>
   </trkpt>
   <trkpt lat="12.9176850" lon="77.5316500">
    <ele>860.6</ele>
    <time>2026-07-05T01:01:18Z</time>
   </trkpt>
   <trkpt lat="12.9176750" lon="77.5316520">
    <ele>860.6</ele>
    <time>2026-07-05T01:01:19Z</time>
   </trkpt>
   <trkpt lat="12.9176620" lon="77.5316560">
    <ele>860.6</ele>
    <time>2026-07-05T01:01:20Z</time>
   </trkpt>
   <trkpt lat="12.9176490" lon="77.5316580">
    <ele>860.6</ele>
    <time>2026-07-05T01:01:21Z</time>
   </trkpt>
   <trkpt lat="12.9176340" lon="77.5316560">
    <ele>860.6</ele>
    <time>2026-07-05T01:01:22Z</time>
   </trkpt>
   <trkpt lat="12.9176200" lon="77.5316470">
    <ele>860.6</ele>
    <time>2026-07-05T01:01:23Z</time>
   </trkpt>
   <trkpt lat="12.9176020" lon="77.5316400">
    <ele>860.5</ele>
    <time>2026-07-05T01:01:24Z</time>
   </trkpt>
   <trkpt lat="12.9175770" lon="77.5316430">
    <ele>860.5</ele>
    <time>2026-07-05T01:01:25Z</time>
   </trkpt>
   <trkpt lat="12.9175490" lon="77.5316500">
    <ele>860.5</ele>
    <time>2026-07-05T01:01:26Z</time>
   </trkpt>
   <trkpt lat="12.9175220" lon="77.5316530">
    <ele>860.5</ele>
    <time>2026-07-05T01:01:27Z</time>
   </trkpt>
   <trkpt lat="12.9174950" lon="77.5316490">
    <ele>860.4</ele>
    <time>2026-07-05T01:01:28Z</time>
   </trkpt>
   <trkpt lat="12.9174680" lon="77.5316440">
    <ele>860.4</ele>
    <time>2026-07-05T01:01:29Z</time>
   </trkpt>
   <trkpt lat="12.9174370" lon="77.5316330">
    <ele>860.4</ele>
    <time>2026-07-05T01:01:30Z</time>
   </trkpt>
   <trkpt lat="12.9174130" lon="77.5316290">
    <ele>860.3</ele>
    <time>2026-07-05T01:01:31Z</time>
   </trkpt>
   <trkpt lat="12.9173870" lon="77.5316280">
    <ele>860.3</ele>
    <time>2026-07-05T01:01:32Z</time>
   </trkpt>
   <trkpt lat="12.9173580" lon="77.5316240">
    <ele>860.3</ele>
    <time>2026-07-05T01:01:33Z</time>
   </trkpt>
   <trkpt lat="12.9173300" lon="77.5316180">
    <ele>860.2</ele>
    <time>2026-07-05T01:01:34Z</time>
   </trkpt>
   <trkpt lat="12.9173020" lon="77.5316140">
    <ele>860.2</ele>
    <time>2026-07-05T01:01:35Z</time>
   </trkpt>
   <trkpt lat="12.9172750" lon="77.5316130">
    <ele>860.1</ele>
    <time>2026-07-05T01:01:36Z</time>
   </trkpt>
   <trkpt lat="12.9172470" lon="77.5316160">
    <ele>860.1</ele>
    <time>2026-07-05T01:01:37Z</time>
   </trkpt>
   <trkpt lat="12.9172200" lon="77.5316060">
    <ele>860.0</ele>
    <time>2026-07-05T01:01:38Z</time>
   </trkpt>
   <trkpt lat="12.9171930" lon="77.5315940">
    <ele>860.0</ele>
    <time>2026-07-05T01:01:39Z</time>
   </trkpt>
   <trkpt lat="12.9171740" lon="77.5315750">
    <ele>859.9</ele>
    <time>2026-07-05T01:01:40Z</time>
   </trkpt>
   <trkpt lat="12.9171480" lon="77.5315600">
    <ele>859.9</ele>
    <time>2026-07-05T01:01:41Z</time>
   </trkpt>
   <trkpt lat="12.9171190" lon="77.5315550">
    <ele>859.8</ele>
    <time>2026-07-05T01:01:42Z</time>
   </trkpt>
   <trkpt lat="12.9170900" lon="77.5315520">
    <ele>859.8</ele>
    <time>2026-07-05T01:01:43Z</time>
   </trkpt>
   <trkpt lat="12.9170620" lon="77.5315620">
    <ele>859.7</ele>
    <time>2026-07-05T01:01:44Z</time>
   </trkpt>
   <trkpt lat="12.9170370" lon="77.5315670">
    <ele>859.6</ele>
    <time>2026-07-05T01:01:45Z</time>
   </trkpt>
   <trkpt lat="12.9170130" lon="77.5315720">
    <ele>859.6</ele>
    <time>2026-07-05T01:01:46Z</time>
   </trkpt>
   <trkpt lat="12.9169890" lon="77.5315730">
    <ele>859.5</ele>
    <time>2026-07-05T01:01:47Z</time>
   </trkpt>
   <trkpt lat="12.9169640" lon="77.5315710">
    <ele>859.5</ele>
    <time>2026-07-05T01:01:48Z</time>
   </trkpt>
   <trkpt lat="12.9169370" lon="77.5315650">
    <ele>859.4</ele>
    <time>2026-07-05T01:01:49Z</time>
   </trkpt>
   <trkpt lat="12.9169050" lon="77.5315640">
    <ele>859.3</ele>
    <time>2026-07-05T01:01:50Z</time>
   </trkpt>
   <trkpt lat="12.9168840" lon="77.5315610">
    <ele>859.2</ele>
    <time>2026-07-05T01:01:51Z</time>
   </trkpt>
   <trkpt lat="12.9168560" lon="77.5315550">
    <ele>859.2</ele>
    <time>2026-07-05T01:01:52Z</time>
   </trkpt>
   <trkpt lat="12.9168310" lon="77.5315450">
    <ele>859.1</ele>
    <time>2026-07-05T01:01:53Z</time>
   </trkpt>
   <trkpt lat="12.9168050" lon="77.5315350">
    <ele>859.0</ele>
    <time>2026-07-05T01:01:54Z</time>
   </trkpt>
   <trkpt lat="12.9167810" lon="77.5315270">
    <ele>858.9</ele>
    <time>2026-07-05T01:01:55Z</time>
   </trkpt>
   <trkpt lat="12.9167560" lon="77.5315190">
    <ele>858.9</ele>
    <time>2026-07-05T01:01:56Z</time>
   </trkpt>
   <trkpt lat="12.9167310" lon="77.5315160">
    <ele>858.8</ele>
    <time>2026-07-05T01:01:57Z</time>
   </trkpt>
   <trkpt lat="12.9167060" lon="77.5315110">
    <ele>858.7</ele>
    <time>2026-07-05T01:01:58Z</time>
   </trkpt>
   <trkpt lat="12.9166780" lon="77.5315080">
    <ele>858.6</ele>
    <time>2026-07-05T01:01:59Z</time>
   </trkpt>
   <trkpt lat="12.9166530" lon="77.5315080">
    <ele>858.6</ele>
    <time>2026-07-05T01:02:00Z</time>
   </trkpt>
   <trkpt lat="12.9166270" lon="77.5315040">
    <ele>858.5</ele>
    <time>2026-07-05T01:02:01Z</time>
   </trkpt>
   <trkpt lat="12.9166010" lon="77.5314950">
    <ele>858.4</ele>
    <time>2026-07-05T01:02:02Z</time>
   </trkpt>
   <trkpt lat="12.9165750" lon="77.5314890">
    <ele>858.3</ele>
    <time>2026-07-05T01:02:03Z</time>
   </trkpt>
   <trkpt lat="12.9165440" lon="77.5314870">
    <ele>858.2</ele>
    <time>2026-07-05T01:02:04Z</time>
   </trkpt>
   <trkpt lat="12.9165160" lon="77.5314850">
    <ele>858.1</ele>
    <time>2026-07-05T01:02:05Z</time>
   </trkpt>
   <trkpt lat="12.9164870" lon="77.5314870">
    <ele>858.0</ele>
    <time>2026-07-05T01:02:06Z</time>
   </trkpt>
   <trkpt lat="12.9164550" lon="77.5314830">
    <ele>857.9</ele>
    <time>2026-07-05T01:02:07Z</time>
   </trkpt>
   <trkpt lat="12.9164270" lon="77.5314780">
    <ele>857.8</ele>
    <time>2026-07-05T01:02:08Z</time>
   </trkpt>
   <trkpt lat="12.9163930" lon="77.5314730">
    <ele>857.7</ele>
    <time>2026-07-05T01:02:09Z</time>
   </trkpt>
   <trkpt lat="12.9163580" lon="77.5314690">
    <ele>857.6</ele>
    <time>2026-07-05T01:02:10Z</time>
   </trkpt>
   <trkpt lat="12.9163270" lon="77.5314680">
    <ele>857.5</ele>
    <time>2026-07-05T01:02:11Z</time>
   </trkpt>
   <trkpt lat="12.9163010" lon="77.5314670">
    <ele>857.4</ele>
    <time>2026-07-05T01:02:12Z</time>
   </trkpt>
   <trkpt lat="12.9162750" lon="77.5314660">
    <ele>857.3</ele>
    <time>2026-07-05T01:02:13Z</time>
   </trkpt>
   <trkpt lat="12.9162500" lon="77.5314620">
    <ele>857.3</ele>
    <time>2026-07-05T01:02:14Z</time>
   </trkpt>
   <trkpt lat="12.9162260" lon="77.5314610">
    <ele>857.2</ele>
    <time>2026-07-05T01:02:15Z</time>
   </trkpt>
   <trkpt lat="12.9162010" lon="77.5314580">
    <ele>857.1</ele>
    <time>2026-07-05T01:02:16Z</time>
   </trkpt>
   <trkpt lat="12.9161780" lon="77.5314520">
    <ele>857.0</ele>
    <time>2026-07-05T01:02:17Z</time>
   </trkpt>
   <trkpt lat="12.9161540" lon="77.5314470">
    <ele>856.9</ele>
    <time>2026-07-05T01:02:18Z</time>
   </trkpt>
   <trkpt lat="12.9161290" lon="77.5314430">
    <ele>856.9</ele>
    <time>2026-07-05T01:02:19Z</time>
   </trkpt>
   <trkpt lat="12.9161060" lon="77.5314420">
    <ele>856.8</ele>
    <time>2026-07-05T01:02:20Z</time>
   </trkpt>
   <trkpt lat="12.9160790" lon="77.5314360">
    <ele>856.7</ele>
    <time>2026-07-05T01:02:21Z</time>
   </trkpt>
   <trkpt lat="12.9160570" lon="77.5314300">
    <ele>856.6</ele>
    <time>2026-07-05T01:02:22Z</time>
   </trkpt>
   <trkpt lat="12.9160320" lon="77.5314290">
    <ele>856.5</ele>
    <time>2026-07-05T01:02:23Z</time>
   </trkpt>
   <trkpt lat="12.9160100" lon="77.5314280">
    <ele>856.5</ele>
    <time>2026-07-05T01:02:24Z</time>
   </trkpt>
   <trkpt lat="12.9159870" lon="77.5314250">
    <ele>856.4</ele>
    <time>2026-07-05T01:02:25Z</time>
   </trkpt>
   <trkpt lat="12.9159620" lon="77.5314200">
    <ele>856.3</ele>
    <time>2026-07-05T01:02:26Z</time>
   </trkpt>
   <trkpt lat="12.9159390" lon="77.5314180">
    <ele>856.2</ele>
    <time>2026-07-05T01:02:27Z</time>
   </trkpt>
   <trkpt lat="12.9159120" lon="77.5314170">
    <ele>856.1</ele>
    <time>2026-07-05T01:02:28Z</time>
   </trkpt>
   <trkpt lat="12.9158850" lon="77.5314150">
    <ele>856.0</ele>
    <time>2026-07-05T01:02:29Z</time>
   </trkpt>
   <trkpt lat="12.9158580" lon="77.5314110">
    <ele>855.9</ele>
    <time>2026-07-05T01:02:30Z</time>
   </trkpt>
   <trkpt lat="12.9158320" lon="77.5314090">
    <ele>855.8</ele>
    <time>2026-07-05T01:02:31Z</time>
   </trkpt>
   <trkpt lat="12.9158120" lon="77.5314110">
    <ele>855.7</ele>
    <time>2026-07-05T01:02:32Z</time>
   </trkpt>
   <trkpt lat="12.9157910" lon="77.5314020">
    <ele>855.7</ele>
    <time>2026-07-05T01:02:33Z</time>
   </trkpt>
   <trkpt lat="12.9157690" lon="77.5313930">
    <ele>855.6</ele>
    <time>2026-07-05T01:02:34Z</time>
   </trkpt>
   <trkpt lat="12.9157440" lon="77.5313860">
    <ele>855.5</ele>
    <time>2026-07-05T01:02:35Z</time>
   </trkpt>
   <trkpt lat="12.9157230" lon="77.5313820">
    <ele>855.4</ele>
    <time>2026-07-05T01:02:36Z</time>
   </trkpt>
   <trkpt lat="12.9156980" lon="77.5313800">
    <ele>855.3</ele>
    <time>2026-07-05T01:02:37Z</time>
   </trkpt>
   <trkpt lat="12.9156730" lon="77.5313800">
    <ele>855.2</ele>
    <time>2026-07-05T01:02:38Z</time>
   </trkpt>
   <trkpt lat="12.9156460" lon="77.5313760">
    <ele>855.1</ele>
    <time>2026-07-05T01:02:39Z</time>
   </trkpt>
   <trkpt lat="12.9156230" lon="77.5313680">
    <ele>855.0</ele>
    <time>2026-07-05T01:02:40Z</time>
   </trkpt>
   <trkpt lat="12.9156010" lon="77.5313620">
    <ele>854.9</ele>
    <time>2026-07-05T01:02:41Z</time>
   </trkpt>
   <trkpt lat="12.9155700" lon="77.5313630">
    <ele>854.8</ele>
    <time>2026-07-05T01:02:42Z</time>
   </trkpt>
   <trkpt lat="12.9155440" lon="77.5313600">
    <ele>854.7</ele>
    <time>2026-07-05T01:02:43Z</time>
   </trkpt>
   <trkpt lat="12.9155130" lon="77.5313650">
    <ele>854.5</ele>
    <time>2026-07-05T01:02:44Z</time>
   </trkpt>
   <trkpt lat="12.9154890" lon="77.5313670">
    <ele>854.5</ele>
    <time>2026-07-05T01:02:45Z</time>
   </trkpt>
   <trkpt lat="12.9154650" lon="77.5313690">
    <ele>854.4</ele>
    <time>2026-07-05T01:02:46Z</time>
   </trkpt>
   <trkpt lat="12.9154420" lon="77.5313700">
    <ele>854.3</ele>
    <time>2026-07-05T01:02:47Z</time>
   </trkpt>
   <trkpt lat="12.9154200" lon="77.5313700">
    <ele>854.2</ele>
    <time>2026-07-05T01:02:48Z</time>
   </trkpt>
   <trkpt lat="12.9153920" lon="77.5313710">
    <ele>854.1</ele>
    <time>2026-07-05T01:02:49Z</time>
   </trkpt>
   <trkpt lat="12.9153640" lon="77.5313710">
    <ele>854.0</ele>
    <time>2026-07-05T01:02:50Z</time>
   </trkpt>
   <trkpt lat="12.9153280" lon="77.5313680">
    <ele>853.9</ele>
    <time>2026-07-05T01:02:51Z</time>
   </trkpt>
   <trkpt lat="12.9153030" lon="77.5313680">
    <ele>853.8</ele>
    <time>2026-07-05T01:02:52Z</time>
   </trkpt>
   <trkpt lat="12.9152760" lon="77.5313690">
    <ele>853.7</ele>
    <time>2026-07-05T01:02:53Z</time>
   </trkpt>
   <trkpt lat="12.9152500" lon="77.5313760">
    <ele>853.6</ele>
    <time>2026-07-05T01:02:54Z</time>
   </trkpt>
   <trkpt lat="12.9152230" lon="77.5313640">
    <ele>853.6</ele>
    <time>2026-07-05T01:02:55Z</time>
   </trkpt>
   <trkpt lat="12.9151950" lon="77.5313510">
    <ele>853.5</ele>
    <time>2026-07-05T01:02:56Z</time>
   </trkpt>
   <trkpt lat="12.9151710" lon="77.5313360">
    <ele>853.4</ele>
    <time>2026-07-05T01:02:57Z</time>
   </trkpt>
   <trkpt lat="12.9151390" lon="77.5313400">
    <ele>853.3</ele>
    <time>2026-07-05T01:02:58Z</time>
   </trkpt>
   <trkpt lat="12.9151130" lon="77.5313400">
    <ele>853.3</ele>
    <time>2026-07-05T01:02:59Z</time>
   </trkpt>
   <trkpt lat="12.9150880" lon="77.5313410">
    <ele>853.2</ele>
    <time>2026-07-05T01:03:00Z</time>
   </trkpt>
   <trkpt lat="12.9150640" lon="77.5313380">
    <ele>853.1</ele>
    <time>2026-07-05T01:03:01Z</time>
   </trkpt>
   <trkpt lat="12.9150340" lon="77.5313390">
    <ele>853.1</ele>
    <time>2026-07-05T01:03:02Z</time>
   </trkpt>
   <trkpt lat="12.9150090" lon="77.5313410">
    <ele>853.0</ele>
    <time>2026-07-05T01:03:03Z</time>
   </trkpt>
   <trkpt lat="12.9149820" lon="77.5313410">
    <ele>853.0</ele>
    <time>2026-07-05T01:03:04Z</time>
   </trkpt>
   <trkpt lat="12.9149540" lon="77.5313430">
    <ele>852.9</ele>
    <time>2026-07-05T01:03:05Z</time>
   </trkpt>
   <trkpt lat="12.9149250" lon="77.5313400">
    <ele>852.9</ele>
    <time>2026-07-05T01:03:06Z</time>
   </trkpt>
   <trkpt lat="12.9148990" lon="77.5313380">
    <ele>852.8</ele>
    <time>2026-07-05T01:03:07Z</time>
   </trkpt>
   <trkpt lat="12.9148730" lon="77.5313330">
    <ele>852.8</ele>
    <time>2026-07-05T01:03:08Z</time>
   </trkpt>
   <trkpt lat="12.9148450" lon="77.5313270">
    <ele>852.8</ele>
    <time>2026-07-05T01:03:09Z</time>
   </trkpt>
   <trkpt lat="12.9148230" lon="77.5313180">
    <ele>852.7</ele>
    <time>2026-07-05T01:03:10Z</time>
   </trkpt>
   <trkpt lat="12.9148020" lon="77.5313160">
    <ele>852.7</ele>
    <time>2026-07-05T01:03:11Z</time>
   </trkpt>
   <trkpt lat="12.9147800" lon="77.5313160">
    <ele>852.7</ele>
    <time>2026-07-05T01:03:12Z</time>
   </trkpt>
   <trkpt lat="12.9147590" lon="77.5313110">
    <ele>852.6</ele>
    <time>2026-07-05T01:03:13Z</time>
   </trkpt>
   <trkpt lat="12.9147370" lon="77.5313080">
    <ele>852.6</ele>
    <time>2026-07-05T01:03:14Z</time>
   </trkpt>
   <trkpt lat="12.9147180" lon="77.5313080">
    <ele>852.6</ele>
    <time>2026-07-05T01:03:15Z</time>
   </trkpt>
   <trkpt lat="12.9147000" lon="77.5313070">
    <ele>852.6</ele>
    <time>2026-07-05T01:03:16Z</time>
   </trkpt>
   <trkpt lat="12.9146790" lon="77.5313000">
    <ele>852.6</ele>
    <time>2026-07-05T01:03:17Z</time>
   </trkpt>
   <trkpt lat="12.9146550" lon="77.5312980">
    <ele>852.5</ele>
    <time>2026-07-05T01:03:18Z</time>
   </trkpt>
   <trkpt lat="12.9146350" lon="77.5312950">
    <ele>852.5</ele>
    <time>2026-07-05T01:03:19Z</time>
   </trkpt>
   <trkpt lat="12.9146120" lon="77.5312910">
    <ele>852.5</ele>
    <time>2026-07-05T01:03:20Z</time>
   </trkpt>
   <trkpt lat="12.9145900" lon="77.5312890">
    <ele>852.5</ele>
    <time>2026-07-05T01:03:21Z</time>
   </trkpt>
   <trkpt lat="12.9145710" lon="77.5312920">
    <ele>852.5</ele>
    <time>2026-07-05T01:03:22Z</time>
   </trkpt>
   <trkpt lat="12.9145520" lon="77.5312940">
    <ele>852.5</ele>
    <time>2026-07-05T01:03:23Z</time>
   </trkpt>
   <trkpt lat="12.9145300" lon="77.5312970">
    <ele>852.5</ele>
    <time>2026-07-05T01:03:24Z</time>
   </trkpt>
   <trkpt lat="12.9145060" lon="77.5312970">
    <ele>852.5</ele>
    <time>2026-07-05T01:03:25Z</time>
   </trkpt>
   <trkpt lat="12.9144810" lon="77.5312970">
    <ele>852.5</ele>
    <time>2026-07-05T01:03:26Z</time>
   </trkpt>
   <trkpt lat="12.9144560" lon="77.5312990">
    <ele>852.5</ele>
    <time>2026-07-05T01:03:27Z</time>
   </trkpt>
   <trkpt lat="12.9144330" lon="77.5312960">
    <ele>852.5</ele>
    <time>2026-07-05T01:03:28Z</time>
   </trkpt>
   <trkpt lat="12.9144100" lon="77.5312910">
    <ele>852.5</ele>
    <time>2026-07-05T01:03:29Z</time>
   </trkpt>
   <trkpt lat="12.9143870" lon="77.5312890">
    <ele>852.5</ele>
    <time>2026-07-05T01:03:30Z</time>
   </trkpt>
   <trkpt lat="12.9143650" lon="77.5312850">
    <ele>852.5</ele>
    <time>2026-07-05T01:03:31Z</time>
   </trkpt>
   <trkpt lat="12.9143440" lon="77.5312820">
    <ele>852.5</ele>
    <time>2026-07-05T01:03:32Z</time>
   </trkpt>
   <trkpt lat="12.9143230" lon="77.5312750">
    <ele>852.5</ele>
    <time>2026-07-05T01:03:33Z</time>
   </trkpt>
   <trkpt lat="12.9143030" lon="77.5312730">
    <ele>852.6</ele>
    <time>2026-07-05T01:03:34Z</time>
   </trkpt>
   <trkpt lat="12.9142850" lon="77.5312630">
    <ele>852.6</ele>
    <time>2026-07-05T01:03:35Z</time>
   </trkpt>
   <trkpt lat="12.9142680" lon="77.5312530">
    <ele>852.6</ele>
    <time>2026-07-05T01:03:36Z</time>
   </trkpt>
   <trkpt lat="12.9142500" lon="77.5312500">
    <ele>852.6</ele>
    <time>2026-07-05T01:03:37Z</time>
   </trkpt>
   <trkpt lat="12.9142310" lon="77.5312500">
    <ele>852.7</ele>
    <time>2026-07-05T01:03:38Z</time>
   </trkpt>
   <trkpt lat="12.9142090" lon="77.5312470">
    <ele>852.7</ele>
    <time>2026-07-05T01:03:39Z</time>
   </trkpt>
   <trkpt lat="12.9141870" lon="77.5312460">
    <ele>852.7</ele>
    <time>2026-07-05T01:03:40Z</time>
   </trkpt>
   <trkpt lat="12.9141640" lon="77.5312420">
    <ele>852.8</ele>
    <time>2026-07-05T01:03:41Z</time>
   </trkpt>
   <trkpt lat="12.9141390" lon="77.5312380">
    <ele>852.8</ele>
    <time>2026-07-05T01:03:42Z</time>
   </trkpt>
   <trkpt lat="12.9141140" lon="77.5312340">
    <ele>852.9</ele>
    <time>2026-07-05T01:03:43Z</time>
   </trkpt>
   <trkpt lat="12.9140890" lon="77.5312270">
    <ele>852.9</ele>
    <time>2026-07-05T01:03:44Z</time>
   </trkpt>
   <trkpt lat="12.9140670" lon="77.5312230">
    <ele>853.0</ele>
    <time>2026-07-05T01:03:45Z</time>
   </trkpt>
   <trkpt lat="12.9140420" lon="77.5312230">
    <ele>853.0</ele>
    <time>2026-07-05T01:03:46Z</time>
   </trkpt>
   <trkpt lat="12.9140200" lon="77.5312180">
    <ele>853.1</ele>
    <time>2026-07-05T01:03:47Z</time>
   </trkpt>
   <trkpt lat="12.9139980" lon="77.5312090">
    <ele>853.2</ele>
    <time>2026-07-05T01:03:48Z</time>
   </trkpt>
   <trkpt lat="12.9139760" lon="77.5312040">
    <ele>853.2</ele>
    <time>2026-07-05T01:03:49Z</time>
   </trkpt>
   <trkpt lat="12.9139520" lon="77.5312020">
    <ele>853.3</ele>
    <time>2026-07-05T01:03:50Z</time>
   </trkpt>
   <trkpt lat="12.9139300" lon="77.5311980">
    <ele>853.4</ele>
    <time>2026-07-05T01:03:51Z</time>
   </trkpt>
   <trkpt lat="12.9139110" lon="77.5311920">
    <ele>853.4</ele>
    <time>2026-07-05T01:03:52Z</time>
   </trkpt>
   <trkpt lat="12.9138930" lon="77.5311870">
    <ele>853.5</ele>
    <time>2026-07-05T01:03:53Z</time>
   </trkpt>
   <trkpt lat="12.9138740" lon="77.5311810">
    <ele>853.6</ele>
    <time>2026-07-05T01:03:54Z</time>
   </trkpt>
   <trkpt lat="12.9138570" lon="77.5311740">
    <ele>853.6</ele>
    <time>2026-07-05T01:03:55Z</time>
   </trkpt>
   <trkpt lat="12.9138390" lon="77.5311620">
    <ele>853.7</ele>
    <time>2026-07-05T01:03:56Z</time>
   </trkpt>
   <trkpt lat="12.9138200" lon="77.5311540">
    <ele>853.8</ele>
    <time>2026-07-05T01:03:57Z</time>
   </trkpt>
   <trkpt lat="12.9138010" lon="77.5311460">
    <ele>853.8</ele>
    <time>2026-07-05T01:03:58Z</time>
   </trkpt>
   <trkpt lat="12.9137800" lon="77.5311400">
    <ele>853.9</ele>
    <time>2026-07-05T01:03:59Z</time>
   </trkpt>
   <trkpt lat="12.9137600" lon="77.5311360">
    <ele>854.0</ele>
    <time>2026-07-05T01:04:00Z</time>
   </trkpt>
   <trkpt lat="12.9137390" lon="77.5311330">
    <ele>854.1</ele>
    <time>2026-07-05T01:04:01Z</time>
   </trkpt>
   <trkpt lat="12.9137170" lon="77.5311300">
    <ele>854.2</ele>
    <time>2026-07-05T01:04:02Z</time>
   </trkpt>
   <trkpt lat="12.9136970" lon="77.5311270">
    <ele>854.2</ele>
    <time>2026-07-05T01:04:03Z</time>
   </trkpt>
   <trkpt lat="12.9136780" lon="77.5311240">
    <ele>854.3</ele>
    <time>2026-07-05T01:04:04Z</time>
   </trkpt>
   <trkpt lat="12.9136600" lon="77.5311190">
    <ele>854.4</ele>
    <time>2026-07-05T01:04:05Z</time>
   </trkpt>
   <trkpt lat="12.9136360" lon="77.5311160">
    <ele>854.5</ele>
    <time>2026-07-05T01:04:06Z</time>
   </trkpt>
   <trkpt lat="12.9136160" lon="77.5311120">
    <ele>854.5</ele>
    <time>2026-07-05T01:04:07Z</time>
   </trkpt>
   <trkpt lat="12.9135960" lon="77.5311080">
    <ele>854.6</ele>
    <time>2026-07-05T01:04:08Z</time>
   </trkpt>
   <trkpt lat="12.9135750" lon="77.5311040">
    <ele>854.7</ele>
    <time>2026-07-05T01:04:09Z</time>
   </trkpt>
   <trkpt lat="12.9135550" lon="77.5311030">
    <ele>854.8</ele>
    <time>2026-07-05T01:04:10Z</time>
   </trkpt>
   <trkpt lat="12.9135340" lon="77.5311010">
    <ele>854.8</ele>
    <time>2026-07-05T01:04:11Z</time>
   </trkpt>
   <trkpt lat="12.9135130" lon="77.5310970">
    <ele>854.9</ele>
    <time>2026-07-05T01:04:12Z</time>
   </trkpt>
   <trkpt lat="12.9134920" lon="77.5310920">
    <ele>855.0</ele>
    <time>2026-07-05T01:04:13Z</time>
   </trkpt>
   <trkpt lat="12.9134730" lon="77.5310860">
    <ele>855.1</ele>
    <time>2026-07-05T01:04:14Z</time>
   </trkpt>
   <trkpt lat="12.9134520" lon="77.5310810">
    <ele>855.2</ele>
    <time>2026-07-05T01:04:15Z</time>
   </trkpt>
   <trkpt lat="12.9134310" lon="77.5310800">
    <ele>855.3</ele>
    <time>2026-07-05T01:04:16Z</time>
   </trkpt>
   <trkpt lat="12.9134090" lon="77.5310750">
    <ele>855.3</ele>
    <time>2026-07-05T01:04:17Z</time>
   </trkpt>
   <trkpt lat="12.9133860" lon="77.5310710">
    <ele>855.4</ele>
    <time>2026-07-05T01:04:18Z</time>
   </trkpt>
   <trkpt lat="12.9133660" lon="77.5310670">
    <ele>855.5</ele>
    <time>2026-07-05T01:04:19Z</time>
   </trkpt>
   <trkpt lat="12.9133460" lon="77.5310620">
    <ele>855.6</ele>
    <time>2026-07-05T01:04:20Z</time>
   </trkpt>
   <trkpt lat="12.9133250" lon="77.5310570">
    <ele>855.7</ele>
    <time>2026-07-05T01:04:21Z</time>
   </trkpt>
   <trkpt lat="12.9133040" lon="77.5310520">
    <ele>855.8</ele>
    <time>2026-07-05T01:04:22Z</time>
   </trkpt>
   <trkpt lat="12.9132830" lon="77.5310440">
    <ele>855.9</ele>
    <time>2026-07-05T01:04:23Z</time>
   </trkpt>
   <trkpt lat="12.9132630" lon="77.5310360">
    <ele>855.9</ele>
    <time>2026-07-05T01:04:24Z</time>
   </trkpt>
   <trkpt lat="12.9132450" lon="77.5310260">
    <ele>856.0</ele>
    <time>2026-07-05T01:04:25Z</time>
   </trkpt>
   <trkpt lat="12.9132280" lon="77.5310190">
    <ele>856.1</ele>
    <time>2026-07-05T01:04:26Z</time>
   </trkpt>
   <trkpt lat="12.9132130" lon="77.5310130">
    <ele>856.2</ele>
    <time>2026-07-05T01:04:27Z</time>
   </trkpt>
   <trkpt lat="12.9131990" lon="77.5310100">
    <ele>856.2</ele>
    <time>2026-07-05T01:04:28Z</time>
   </trkpt>
   <trkpt lat="12.9131820" lon="77.5310070">
    <ele>856.3</ele>
    <time>2026-07-05T01:04:29Z</time>
   </trkpt>
   <trkpt lat="12.9131620" lon="77.5309990">
    <ele>856.4</ele>
    <time>2026-07-05T01:04:30Z</time>
   </trkpt>
   <trkpt lat="12.9131430" lon="77.5309930">
    <ele>856.5</ele>
    <time>2026-07-05T01:04:31Z</time>
   </trkpt>
   <trkpt lat="12.9131220" lon="77.5309860">
    <ele>856.6</ele>
    <time>2026-07-05T01:04:32Z</time>
   </trkpt>
   <trkpt lat="12.9131040" lon="77.5309770">
    <ele>856.7</ele>
    <time>2026-07-05T01:04:33Z</time>
   </trkpt>
   <trkpt lat="12.9130850" lon="77.5309680">
    <ele>856.8</ele>
    <time>2026-07-05T01:04:34Z</time>
   </trkpt>
   <trkpt lat="12.9130630" lon="77.5309600">
    <ele>856.9</ele>
    <time>2026-07-05T01:04:35Z</time>
   </trkpt>
   <trkpt lat="12.9130430" lon="77.5309550">
    <ele>857.0</ele>
    <time>2026-07-05T01:04:36Z</time>
   </trkpt>
   <trkpt lat="12.9130240" lon="77.5309510">
    <ele>857.1</ele>
    <time>2026-07-05T01:04:37Z</time>
   </trkpt>
   <trkpt lat="12.9130060" lon="77.5309470">
    <ele>857.1</ele>
    <time>2026-07-05T01:04:38Z</time>
   </trkpt>
   <trkpt lat="12.9129880" lon="77.5309420">
    <ele>857.2</ele>
    <time>2026-07-05T01:04:39Z</time>
   </trkpt>
   <trkpt lat="12.9129710" lon="77.5309350">
    <ele>857.3</ele>
    <time>2026-07-05T01:04:40Z</time>
   </trkpt>
   <trkpt lat="12.9129530" lon="77.5309270">
    <ele>857.4</ele>
    <time>2026-07-05T01:04:41Z</time>
   </trkpt>
   <trkpt lat="12.9129340" lon="77.5309190">
    <ele>857.5</ele>
    <time>2026-07-05T01:04:42Z</time>
   </trkpt>
   <trkpt lat="12.9129140" lon="77.5309140">
    <ele>857.6</ele>
    <time>2026-07-05T01:04:43Z</time>
   </trkpt>
   <trkpt lat="12.9128940" lon="77.5309100">
    <ele>857.7</ele>
    <time>2026-07-05T01:04:44Z</time>
   </trkpt>
   <trkpt lat="12.9128740" lon="77.5309040">
    <ele>857.7</ele>
    <time>2026-07-05T01:04:45Z</time>
   </trkpt>
   <trkpt lat="12.9128540" lon="77.5308970">
    <ele>857.8</ele>
    <time>2026-07-05T01:04:46Z</time>
   </trkpt>
   <trkpt lat="12.9128350" lon="77.5308890">
    <ele>857.9</ele>
    <time>2026-07-05T01:04:47Z</time>
   </trkpt>
   <trkpt lat="12.9128160" lon="77.5308830">
    <ele>858.0</ele>
    <time>2026-07-05T01:04:48Z</time>
   </trkpt>
   <trkpt lat="12.9127950" lon="77.5308760">
    <ele>858.1</ele>
    <time>2026-07-05T01:04:49Z</time>
   </trkpt>
   <trkpt lat="12.9127760" lon="77.5308690">
    <ele>858.2</ele>
    <time>2026-07-05T01:04:50Z</time>
   </trkpt>
   <trkpt lat="12.9127580" lon="77.5308630">
    <ele>858.3</ele>
    <time>2026-07-05T01:04:51Z</time>
   </trkpt>
   <trkpt lat="12.9127430" lon="77.5308590">
    <ele>858.3</ele>
    <time>2026-07-05T01:04:52Z</time>
   </trkpt>
   <trkpt lat="12.9127260" lon="77.5308520">
    <ele>858.4</ele>
    <time>2026-07-05T01:04:53Z</time>
   </trkpt>
   <trkpt lat="12.9127060" lon="77.5308470">
    <ele>858.5</ele>
    <time>2026-07-05T01:04:54Z</time>
   </trkpt>
   <trkpt lat="12.9126870" lon="77.5308420">
    <ele>858.6</ele>
    <time>2026-07-05T01:04:55Z</time>
   </trkpt>
   <trkpt lat="12.9126690" lon="77.5308370">
    <ele>858.7</ele>
    <time>2026-07-05T01:04:56Z</time>
   </trkpt>
   <trkpt lat="12.9126520" lon="77.5308330">
    <ele>858.7</ele>
    <time>2026-07-05T01:04:57Z</time>
   </trkpt>
   <trkpt lat="12.9126330" lon="77.5308270">
    <ele>858.8</ele>
    <time>2026-07-05T01:04:58Z</time>
   </trkpt>
   <trkpt lat="12.9126130" lon="77.5308190">
    <ele>858.9</ele>
    <time>2026-07-05T01:04:59Z</time>
   </trkpt>
   <trkpt lat="12.9125940" lon="77.5308150">
    <ele>859.0</ele>
    <time>2026-07-05T01:05:00Z</time>
   </trkpt>
   <trkpt lat="12.9125720" lon="77.5308120">
    <ele>859.1</ele>
    <time>2026-07-05T01:05:01Z</time>
   </trkpt>
   <trkpt lat="12.9125520" lon="77.5308070">
    <ele>859.1</ele>
    <time>2026-07-05T01:05:02Z</time>
   </trkpt>
   <trkpt lat="12.9125330" lon="77.5308010">
    <ele>859.2</ele>
    <time>2026-07-05T01:05:03Z</time>
   </trkpt>
   <trkpt lat="12.9125200" lon="77.5307940">
    <ele>859.3</ele>
    <time>2026-07-05T01:05:04Z</time>
   </trkpt>
   <trkpt lat="12.9125080" lon="77.5307880">
    <ele>859.3</ele>
    <time>2026-07-05T01:05:05Z</time>
   </trkpt>
   <trkpt lat="12.9124950" lon="77.5307860">
    <ele>859.4</ele>
    <time>2026-07-05T01:05:06Z</time>
   </trkpt>
   <trkpt lat="12.9124830" lon="77.5307820">
    <ele>859.4</ele>
    <time>2026-07-05T01:05:07Z</time>
   </trkpt>
   <trkpt lat="12.9124760" lon="77.5307680">
    <ele>859.5</ele>
    <time>2026-07-05T01:05:08Z</time>
   </trkpt>
   <trkpt lat="12.9124700" lon="77.5307540">
    <ele>859.6</ele>
    <time>2026-07-05T01:05:09Z</time>
   </trkpt>
   <trkpt lat="12.9124580" lon="77.5307480">
    <ele>859.6</ele>
    <time>2026-07-05T01:05:10Z</time>
   </trkpt>
   <trkpt lat="12.9124440" lon="77.5307480">
    <ele>859.7</ele>
    <time>2026-07-05T01:05:11Z</time>
   </trkpt>
   <trkpt lat="12.9124380" lon="77.5307510">
    <ele>859.7</ele>
    <time>2026-07-05T01:05:12Z</time>
   </trkpt>
   <trkpt lat="12.9124170" lon="77.5307480">
    <ele>859.8</ele>
    <time>2026-07-05T01:05:13Z</time>
   </trkpt>
   <trkpt lat="12.9124050" lon="77.5307370">
    <ele>859.9</ele>
    <time>2026-07-05T01:05:14Z</time>
   </trkpt>
   <trkpt lat="12.9123910" lon="77.5307290">
    <ele>859.9</ele>
    <time>2026-07-05T01:05:15Z</time>
   </trkpt>
   <trkpt lat="12.9123760" lon="77.5307220">
    <ele>860.0</ele>
    <time>2026-07-05T01:05:16Z</time>
   </trkpt>
   <trkpt lat="12.9123620" lon="77.5307140">
    <ele>860.1</ele>
    <time>2026-07-05T01:05:17Z</time>
   </trkpt>
   <trkpt lat="12.9123450" lon="77.5307110">
    <ele>860.2</ele>
    <time>2026-07-05T01:05:18Z</time>
   </trkpt>
   <trkpt lat="12.9123310" lon="77.5307080">
    <ele>860.2</ele>
    <time>2026-07-05T01:05:19Z</time>
   </trkpt>
   <trkpt lat="12.9123170" lon="77.5307040">
    <ele>860.3</ele>
    <time>2026-07-05T01:05:20Z</time>
   </trkpt>
   <trkpt lat="12.9123050" lon="77.5306970">
    <ele>860.3</ele>
    <time>2026-07-05T01:05:21Z</time>
   </trkpt>
   <trkpt lat="12.9122920" lon="77.5306890">
    <ele>860.4</ele>
    <time>2026-07-05T01:05:22Z</time>
   </trkpt>
   <trkpt lat="12.9122760" lon="77.5306770">
    <ele>860.5</ele>
    <time>2026-07-05T01:05:23Z</time>
   </trkpt>
   <trkpt lat="12.9122680" lon="77.5306700">
    <ele>860.5</ele>
    <time>2026-07-05T01:05:24Z</time>
   </trkpt>
   <trkpt lat="12.9122580" lon="77.5306620">
    <ele>860.6</ele>
    <time>2026-07-05T01:05:25Z</time>
   </trkpt>
   <trkpt lat="12.9122460" lon="77.5306550">
    <ele>860.7</ele>
    <time>2026-07-05T01:05:26Z</time>
   </trkpt>
   <trkpt lat="12.9122350" lon="77.5306500">
    <ele>860.7</ele>
    <time>2026-07-05T01:05:27Z</time>
   </trkpt>
   <trkpt lat="12.9122230" lon="77.5306440">
    <ele>860.8</ele>
    <time>2026-07-05T01:05:28Z</time>
   </trkpt>
   <trkpt lat="12.9122110" lon="77.5306370">
    <ele>860.8</ele>
    <time>2026-07-05T01:05:29Z</time>
   </trkpt>
   <trkpt lat="12.9121980" lon="77.5306330">
    <ele>860.9</ele>
    <time>2026-07-05T01:05:30Z</time>
   </trkpt>
   <trkpt lat="12.9121850" lon="77.5306300">
    <ele>861.0</ele>
    <time>2026-07-05T01:05:31Z</time>
   </trkpt>
   <trkpt lat="12.9121710" lon="77.5306270">
    <ele>861.0</ele>
    <time>2026-07-05T01:05:32Z</time>
   </trkpt>
   <trkpt lat="12.9121550" lon="77.5306240">
    <ele>861.1</ele>
    <time>2026-07-05T01:05:33Z</time>
   </trkpt>
   <trkpt lat="12.9121350" lon="77.5306190">
    <ele>861.2</ele>
    <time>2026-07-05T01:05:34Z</time>
   </trkpt>
   <trkpt lat="12.9121160" lon="77.5306130">
    <ele>861.3</ele>
    <time>2026-07-05T01:05:35Z</time>
   </trkpt>
   <trkpt lat="12.9120910" lon="77.5306090">
    <ele>861.4</ele>
    <time>2026-07-05T01:05:36Z</time>
   </trkpt>
   <trkpt lat="12.9120550" lon="77.5306000">
    <ele>861.6</ele>
    <time>2026-07-05T01:05:37Z</time>
   </trkpt>
   <trkpt lat="12.9120350" lon="77.5305950">
    <ele>861.6</ele>
    <time>2026-07-05T01:05:38Z</time>
   </trkpt>
   <trkpt lat="12.9120100" lon="77.5305830">
    <ele>861.8</ele>
    <time>2026-07-05T01:05:39Z</time>
   </trkpt>
   <trkpt lat="12.9119900" lon="77.5305730">
    <ele>861.9</ele>
    <time>2026-07-05T01:05:40Z</time>
   </trkpt>
   <trkpt lat="12.9119700" lon="77.5305650">
    <ele>861.9</ele>
    <time>2026-07-05T01:05:41Z</time>
   </trkpt>
   <trkpt lat="12.9119500" lon="77.5305590">
    <ele>862.0</ele>
    <time>2026-07-05T01:05:42Z</time>
   </trkpt>
   <trkpt lat="12.9119340" lon="77.5305490">
    <ele>862.1</ele>
    <time>2026-07-05T01:05:43Z</time>
   </trkpt>
   <trkpt lat="12.9119140" lon="77.5305400">
    <ele>862.2</ele>
    <time>2026-07-05T01:05:44Z</time>
   </trkpt>
   <trkpt lat="12.9118900" lon="77.5305320">
    <ele>862.3</ele>
    <time>2026-07-05T01:05:45Z</time>
   </trkpt>
   <trkpt lat="12.9118710" lon="77.5305140">
    <ele>862.4</ele>
    <time>2026-07-05T01:05:46Z</time>
   </trkpt>
   <trkpt lat="12.9118560" lon="77.5305050">
    <ele>862.5</ele>
    <time>2026-07-05T01:05:47Z</time>
   </trkpt>
   <trkpt lat="12.9118410" lon="77.5304980">
    <ele>862.6</ele>
    <time>2026-07-05T01:05:48Z</time>
   </trkpt>
   <trkpt lat="12.9118270" lon="77.5304920">
    <ele>862.6</ele>
    <time>2026-07-05T01:05:49Z</time>
   </trkpt>
   <trkpt lat="12.9118090" lon="77.5304820">
    <ele>862.7</ele>
    <time>2026-07-05T01:05:50Z</time>
   </trkpt>
   <trkpt lat="12.9117970" lon="77.5304730">
    <ele>862.8</ele>
    <time>2026-07-05T01:05:51Z</time>
   </trkpt>
   <trkpt lat="12.9117820" lon="77.5304640">
    <ele>862.9</ele>
    <time>2026-07-05T01:05:52Z</time>
   </trkpt>
   <trkpt lat="12.9117680" lon="77.5304520">
    <ele>863.0</ele>
    <time>2026-07-05T01:05:53Z</time>
   </trkpt>
   <trkpt lat="12.9117530" lon="77.5304410">
    <ele>863.0</ele>
    <time>2026-07-05T01:05:54Z</time>
   </trkpt>
   <trkpt lat="12.9117350" lon="77.5304330">
    <ele>863.1</ele>
    <time>2026-07-05T01:05:55Z</time>
   </trkpt>
   <trkpt lat="12.9117190" lon="77.5304240">
    <ele>863.2</ele>
    <time>2026-07-05T01:05:56Z</time>
   </trkpt>
   <trkpt lat="12.9117020" lon="77.5304120">
    <ele>863.3</ele>
    <time>2026-07-05T01:05:57Z</time>
   </trkpt>
   <trkpt lat="12.9116810" lon="77.5304030">
    <ele>863.4</ele>
    <time>2026-07-05T01:05:58Z</time>
   </trkpt>
   <trkpt lat="12.9116570" lon="77.5303940">
    <ele>863.5</ele>
    <time>2026-07-05T01:05:59Z</time>
   </trkpt>
   <trkpt lat="12.9116370" lon="77.5303840">
    <ele>863.6</ele>
    <time>2026-07-05T01:06:00Z</time>
   </trkpt>
   <trkpt lat="12.9116160" lon="77.5303720">
    <ele>863.7</ele>
    <time>2026-07-05T01:06:01Z</time>
   </trkpt>
   <trkpt lat="12.9115920" lon="77.5303660">
    <ele>863.9</ele>
    <time>2026-07-05T01:06:02Z</time>
   </trkpt>
   <trkpt lat="12.9115720" lon="77.5303620">
    <ele>864.0</ele>
    <time>2026-07-05T01:06:03Z</time>
   </trkpt>
   <trkpt lat="12.9115490" lon="77.5303540">
    <ele>864.1</ele>
    <time>2026-07-05T01:06:04Z</time>
   </trkpt>
   <trkpt lat="12.9115270" lon="77.5303470">
    <ele>864.2</ele>
    <time>2026-07-05T01:06:05Z</time>
   </trkpt>
   <trkpt lat="12.9115050" lon="77.5303370">
    <ele>864.3</ele>
    <time>2026-07-05T01:06:06Z</time>
   </trkpt>
   <trkpt lat="12.9114850" lon="77.5303210">
    <ele>864.4</ele>
    <time>2026-07-05T01:06:07Z</time>
   </trkpt>
   <trkpt lat="12.9114680" lon="77.5303050">
    <ele>864.5</ele>
    <time>2026-07-05T01:06:08Z</time>
   </trkpt>
   <trkpt lat="12.9114510" lon="77.5302910">
    <ele>864.6</ele>
    <time>2026-07-05T01:06:09Z</time>
   </trkpt>
   <trkpt lat="12.9114340" lon="77.5302790">
    <ele>864.8</ele>
    <time>2026-07-05T01:06:10Z</time>
   </trkpt>
   <trkpt lat="12.9114190" lon="77.5302660">
    <ele>864.9</ele>
    <time>2026-07-05T01:06:11Z</time>
   </trkpt>
   <trkpt lat="12.9114000" lon="77.5302570">
    <ele>865.0</ele>
    <time>2026-07-05T01:06:12Z</time>
   </trkpt>
   <trkpt lat="12.9113770" lon="77.5302460">
    <ele>865.1</ele>
    <time>2026-07-05T01:06:13Z</time>
   </trkpt>
   <trkpt lat="12.9113530" lon="77.5302340">
    <ele>865.2</ele>
    <time>2026-07-05T01:06:14Z</time>
   </trkpt>
   <trkpt lat="12.9113340" lon="77.5302200">
    <ele>865.3</ele>
    <time>2026-07-05T01:06:15Z</time>
   </trkpt>
   <trkpt lat="12.9113160" lon="77.5302080">
    <ele>865.4</ele>
    <time>2026-07-05T01:06:16Z</time>
   </trkpt>
   <trkpt lat="12.9112980" lon="77.5301970">
    <ele>865.5</ele>
    <time>2026-07-05T01:06:17Z</time>
   </trkpt>
   <trkpt lat="12.9112780" lon="77.5301880">
    <ele>865.6</ele>
    <time>2026-07-05T01:06:18Z</time>
   </trkpt>
   <trkpt lat="12.9112630" lon="77.5301740">
    <ele>865.7</ele>
    <time>2026-07-05T01:06:19Z</time>
   </trkpt>
   <trkpt lat="12.9112440" lon="77.5301620">
    <ele>865.8</ele>
    <time>2026-07-05T01:06:20Z</time>
   </trkpt>
   <trkpt lat="12.9112250" lon="77.5301490">
    <ele>865.9</ele>
    <time>2026-07-05T01:06:21Z</time>
   </trkpt>
   <trkpt lat="12.9112050" lon="77.5301380">
    <ele>866.0</ele>
    <time>2026-07-05T01:06:22Z</time>
   </trkpt>
   <trkpt lat="12.9111850" lon="77.5301270">
    <ele>866.1</ele>
    <time>2026-07-05T01:06:23Z</time>
   </trkpt>
   <trkpt lat="12.9111680" lon="77.5301190">
    <ele>866.2</ele>
    <time>2026-07-05T01:06:24Z</time>
   </trkpt>
   <trkpt lat="12.9111510" lon="77.5301140">
    <ele>866.3</ele>
    <time>2026-07-05T01:06:25Z</time>
   </trkpt>
   <trkpt lat="12.9111370" lon="77.5301020">
    <ele>866.4</ele>
    <time>2026-07-05T01:06:26Z</time>
   </trkpt>
   <trkpt lat="12.9111210" lon="77.5300900">
    <ele>866.5</ele>
    <time>2026-07-05T01:06:27Z</time>
   </trkpt>
   <trkpt lat="12.9111020" lon="77.5300770">
    <ele>866.5</ele>
    <time>2026-07-05T01:06:28Z</time>
   </trkpt>
   <trkpt lat="12.9110810" lon="77.5300700">
    <ele>866.6</ele>
    <time>2026-07-05T01:06:29Z</time>
   </trkpt>
   <trkpt lat="12.9110550" lon="77.5300580">
    <ele>866.7</ele>
    <time>2026-07-05T01:06:30Z</time>
   </trkpt>
   <trkpt lat="12.9110320" lon="77.5300490">
    <ele>866.8</ele>
    <time>2026-07-05T01:06:31Z</time>
   </trkpt>
   <trkpt lat="12.9110130" lon="77.5300390">
    <ele>866.9</ele>
    <time>2026-07-05T01:06:32Z</time>
   </trkpt>
   <trkpt lat="12.9109930" lon="77.5300320">
    <ele>867.0</ele>
    <time>2026-07-05T01:06:33Z</time>
   </trkpt>
   <trkpt lat="12.9109810" lon="77.5300140">
    <ele>867.1</ele>
    <time>2026-07-05T01:06:34Z</time>
   </trkpt>
   <trkpt lat="12.9109620" lon="77.5300040">
    <ele>867.2</ele>
    <time>2026-07-05T01:06:35Z</time>
   </trkpt>
   <trkpt lat="12.9109420" lon="77.5299910">
    <ele>867.3</ele>
    <time>2026-07-05T01:06:36Z</time>
   </trkpt>
   <trkpt lat="12.9109210" lon="77.5299740">
    <ele>867.3</ele>
    <time>2026-07-05T01:06:37Z</time>
   </trkpt>
   <trkpt lat="12.9108990" lon="77.5299570">
    <ele>867.4</ele>
    <time>2026-07-05T01:06:38Z</time>
   </trkpt>
   <trkpt lat="12.9108700" lon="77.5299400">
    <ele>867.5</ele>
    <time>2026-07-05T01:06:39Z</time>
   </trkpt>
   <trkpt lat="12.9108580" lon="77.5299300">
    <ele>867.6</ele>
    <time>2026-07-05T01:06:40Z</time>
   </trkpt>
   <trkpt lat="12.9108410" lon="77.5299190">
    <ele>867.6</ele>
    <time>2026-07-05T01:06:41Z</time>
   </trkpt>
   <trkpt lat="12.9108200" lon="77.5299040">
    <ele>867.7</ele>
    <time>2026-07-05T01:06:42Z</time>
   </trkpt>
   <trkpt lat="12.9108010" lon="77.5298950">
    <ele>867.8</ele>
    <time>2026-07-05T01:06:43Z</time>
   </trkpt>
   <trkpt lat="12.9107840" lon="77.5298850">
    <ele>867.8</ele>
    <time>2026-07-05T01:06:44Z</time>
   </trkpt>
   <trkpt lat="12.9107690" lon="77.5298770">
    <ele>867.9</ele>
    <time>2026-07-05T01:06:45Z</time>
   </trkpt>
   <trkpt lat="12.9107500" lon="77.5298700">
    <ele>867.9</ele>
    <time>2026-07-05T01:06:46Z</time>
   </trkpt>
   <trkpt lat="12.9107320" lon="77.5298690">
    <ele>868.0</ele>
    <time>2026-07-05T01:06:47Z</time>
   </trkpt>
   <trkpt lat="12.9107140" lon="77.5298640">
    <ele>868.0</ele>
    <time>2026-07-05T01:06:48Z</time>
   </trkpt>
   <trkpt lat="12.9106990" lon="77.5298550">
    <ele>868.1</ele>
    <time>2026-07-05T01:06:49Z</time>
   </trkpt>
   <trkpt lat="12.9106850" lon="77.5298430">
    <ele>868.1</ele>
    <time>2026-07-05T01:06:50Z</time>
   </trkpt>
   <trkpt lat="12.9106680" lon="77.5298330">
    <ele>868.2</ele>
    <time>2026-07-05T01:06:51Z</time>
   </trkpt>
   <trkpt lat="12.9106530" lon="77.5298250">
    <ele>868.2</ele>
    <time>2026-07-05T01:06:52Z</time>
   </trkpt>
   <trkpt lat="12.9106380" lon="77.5298190">
    <ele>868.3</ele>
    <time>2026-07-05T01:06:53Z</time>
   </trkpt>
   <trkpt lat="12.9106220" lon="77.5298100">
    <ele>868.3</ele>
    <time>2026-07-05T01:06:54Z</time>
   </trkpt>
   <trkpt lat="12.9106030" lon="77.5297990">
    <ele>868.4</ele>
    <time>2026-07-05T01:06:55Z</time>
   </trkpt>
   <trkpt lat="12.9105830" lon="77.5297860">
    <ele>868.4</ele>
    <time>2026-07-05T01:06:56Z</time>
   </trkpt>
   <trkpt lat="12.9105620" lon="77.5297720">
    <ele>868.5</ele>
    <time>2026-07-05T01:06:57Z</time>
   </trkpt>
   <trkpt lat="12.9105420" lon="77.5297550">
    <ele>868.5</ele>
    <time>2026-07-05T01:06:58Z</time>
   </trkpt>
   <trkpt lat="12.9105220" lon="77.5297470">
    <ele>868.6</ele>
    <time>2026-07-05T01:06:59Z</time>
   </trkpt>
   <trkpt lat="12.9105020" lon="77.5297350">
    <ele>868.6</ele>
    <time>2026-07-05T01:07:00Z</time>
   </trkpt>
   <trkpt lat="12.9104880" lon="77.5297190">
    <ele>868.6</ele>
    <time>2026-07-05T01:07:01Z</time>
   </trkpt>
   <trkpt lat="12.9104730" lon="77.5297010">
    <ele>868.7</ele>
    <time>2026-07-05T01:07:02Z</time>
   </trkpt>
   <trkpt lat="12.9104560" lon="77.5296860">
    <ele>868.7</ele>
    <time>2026-07-05T01:07:03Z</time>
   </trkpt>
   <trkpt lat="12.9104360" lon="77.5296710">
    <ele>868.8</ele>
    <time>2026-07-05T01:07:04Z</time>
   </trkpt>
   <trkpt lat="12.9104150" lon="77.5296570">
    <ele>868.8</ele>
    <time>2026-07-05T01:07:05Z</time>
   </trkpt>
   <trkpt lat="12.9103940" lon="77.5296460">
    <ele>868.8</ele>
    <time>2026-07-05T01:07:06Z</time>
   </trkpt>
   <trkpt lat="12.9103720" lon="77.5296360">
    <ele>868.9</ele>
    <time>2026-07-05T01:07:07Z</time>
   </trkpt>
   <trkpt lat="12.9103530" lon="77.5296230">
    <ele>868.9</ele>
    <time>2026-07-05T01:07:08Z</time>
   </trkpt>
   <trkpt lat="12.9103300" lon="77.5296110">
    <ele>868.9</ele>
    <time>2026-07-05T01:07:09Z</time>
   </trkpt>
   <trkpt lat="12.9103120" lon="77.5295990">
    <ele>868.9</ele>
    <time>2026-07-05T01:07:10Z</time>
   </trkpt>
   <trkpt lat="12.9102930" lon="77.5295900">
    <ele>869.0</ele>
    <time>2026-07-05T01:07:11Z</time>
   </trkpt>
   <trkpt lat="12.9102730" lon="77.5295780">
    <ele>869.0</ele>
    <time>2026-07-05T01:07:12Z</time>
   </trkpt>
   <trkpt lat="12.9102540" lon="77.5295660">
    <ele>869.0</ele>
    <time>2026-07-05T01:07:13Z</time>
   </trkpt>
   <trkpt lat="12.9102360" lon="77.5295550">
    <ele>869.0</ele>
    <time>2026-07-05T01:07:14Z</time>
   </trkpt>
   <trkpt lat="12.9102150" lon="77.5295330">
    <ele>869.1</ele>
    <time>2026-07-05T01:07:15Z</time>
   </trkpt>
   <trkpt lat="12.9101940" lon="77.5295160">
    <ele>869.1</ele>
    <time>2026-07-05T01:07:16Z</time>
   </trkpt>
   <trkpt lat="12.9101780" lon="77.5295010">
    <ele>869.1</ele>
    <time>2026-07-05T01:07:17Z</time>
   </trkpt>
   <trkpt lat="12.9101630" lon="77.5294900">
    <ele>869.1</ele>
    <time>2026-07-05T01:07:18Z</time>
   </trkpt>
   <trkpt lat="12.9101470" lon="77.5294780">
    <ele>869.1</ele>
    <time>2026-07-05T01:07:19Z</time>
   </trkpt>
   <trkpt lat="12.9101280" lon="77.5294650">
    <ele>869.1</ele>
    <time>2026-07-05T01:07:20Z</time>
   </trkpt>
   <trkpt lat="12.9101130" lon="77.5294530">
    <ele>869.2</ele>
    <time>2026-07-05T01:07:21Z</time>
   </trkpt>
   <trkpt lat="12.9100970" lon="77.5294410">
    <ele>869.2</ele>
    <time>2026-07-05T01:07:22Z</time>
   </trkpt>
   <trkpt lat="12.9100830" lon="77.5294290">
    <ele>869.2</ele>
    <time>2026-07-05T01:07:23Z</time>
   </trkpt>
   <trkpt lat="12.9100640" lon="77.5294210">
    <ele>869.2</ele>
    <time>2026-07-05T01:07:24Z</time>
   </trkpt>
   <trkpt lat="12.9100480" lon="77.5294100">
    <ele>869.2</ele>
    <time>2026-07-05T01:07:25Z</time>
   </trkpt>
   <trkpt lat="12.9100260" lon="77.5294020">
    <ele>869.2</ele>
    <time>2026-07-05T01:07:26Z</time>
   </trkpt>
   <trkpt lat="12.9100030" lon="77.5293940">
    <ele>869.2</ele>
    <time>2026-07-05T01:07:27Z</time>
   </trkpt>
   <trkpt lat="12.9099820" lon="77.5293860">
    <ele>869.2</ele>
    <time>2026-07-05T01:07:28Z</time>
   </trkpt>
   <trkpt lat="12.9099620" lon="77.5293760">
    <ele>869.2</ele>
    <time>2026-07-05T01:07:29Z</time>
   </trkpt>
   <trkpt lat="12.9099410" lon="77.5293680">
    <ele>869.2</ele>
    <time>2026-07-05T01:07:30Z</time>
   </trkpt>
   <trkpt lat="12.9099190" lon="77.5293570">
    <ele>869.2</ele>
    <time>2026-07-05T01:07:31Z</time>
   </trkpt>
   <trkpt lat="12.9098980" lon="77.5293440">
    <ele>869.2</ele>
    <time>2026-07-05T01:07:32Z</time>
   </trkpt>
   <trkpt lat="12.9098770" lon="77.5293300">
    <ele>869.2</ele>
    <time>2026-07-05T01:07:33Z</time>
   </trkpt>
   <trkpt lat="12.9098540" lon="77.5293160">
    <ele>869.2</ele>
    <time>2026-07-05T01:07:34Z</time>
   </trkpt>
   <trkpt lat="12.9098300" lon="77.5293020">
    <ele>869.1</ele>
    <time>2026-07-05T01:07:35Z</time>
   </trkpt>
   <trkpt lat="12.9098120" lon="77.5292850">
    <ele>869.1</ele>
    <time>2026-07-05T01:07:36Z</time>
   </trkpt>
   <trkpt lat="12.9097950" lon="77.5292700">
    <ele>869.1</ele>
    <time>2026-07-05T01:07:37Z</time>
   </trkpt>
   <trkpt lat="12.9097710" lon="77.5292610">
    <ele>869.1</ele>
    <time>2026-07-05T01:07:38Z</time>
   </trkpt>
   <trkpt lat="12.9097550" lon="77.5292530">
    <ele>869.1</ele>
    <time>2026-07-05T01:07:39Z</time>
   </trkpt>
   <trkpt lat="12.9097350" lon="77.5292420">
    <ele>869.1</ele>
    <time>2026-07-05T01:07:40Z</time>
   </trkpt>
   <trkpt lat="12.9097140" lon="77.5292340">
    <ele>869.0</ele>
    <time>2026-07-05T01:07:41Z</time>
   </trkpt>
   <trkpt lat="12.9096930" lon="77.5292230">
    <ele>869.0</ele>
    <time>2026-07-05T01:07:42Z</time>
   </trkpt>
   <trkpt lat="12.9096740" lon="77.5292110">
    <ele>869.0</ele>
    <time>2026-07-05T01:07:43Z</time>
   </trkpt>
   <trkpt lat="12.9096560" lon="77.5292000">
    <ele>869.0</ele>
    <time>2026-07-05T01:07:44Z</time>
   </trkpt>
   <trkpt lat="12.9096350" lon="77.5291880">
    <ele>869.0</ele>
    <time>2026-07-05T01:07:45Z</time>
   </trkpt>
   <trkpt lat="12.9096150" lon="77.5291760">
    <ele>868.9</ele>
    <time>2026-07-05T01:07:46Z</time>
   </trkpt>
   <trkpt lat="12.9095950" lon="77.5291610">
    <ele>868.9</ele>
    <time>2026-07-05T01:07:47Z</time>
   </trkpt>
   <trkpt lat="12.9095770" lon="77.5291480">
    <ele>868.9</ele>
    <time>2026-07-05T01:07:48Z</time>
   </trkpt>
   <trkpt lat="12.9095590" lon="77.5291360">
    <ele>868.9</ele>
    <time>2026-07-05T01:07:49Z</time>
   </trkpt>
   <trkpt lat="12.9095400" lon="77.5291230">
    <ele>868.8</ele>
    <time>2026-07-05T01:07:50Z</time>
   </trkpt>
   <trkpt lat="12.9095200" lon="77.5291120">
    <ele>868.8</ele>
    <time>2026-07-05T01:07:51Z</time>
   </trkpt>
   <trkpt lat="12.9095010" lon="77.5291010">
    <ele>868.8</ele>
    <time>2026-07-05T01:07:52Z</time>
   </trkpt>
   <trkpt lat="12.9094800" lon="77.5290890">
    <ele>868.7</ele>
    <time>2026-07-05T01:07:53Z</time>
   </trkpt>
   <trkpt lat="12.9094630" lon="77.5290770">
    <ele>868.7</ele>
    <time>2026-07-05T01:07:54Z</time>
   </trkpt>
   <trkpt lat="12.9094460" lon="77.5290660">
    <ele>868.7</ele>
    <time>2026-07-05T01:07:55Z</time>
   </trkpt>
   <trkpt lat="12.9094230" lon="77.5290520">
    <ele>868.6</ele>
    <time>2026-07-05T01:07:56Z</time>
   </trkpt>
   <trkpt lat="12.9094020" lon="77.5290380">
    <ele>868.6</ele>
    <time>2026-07-05T01:07:57Z</time>
   </trkpt>
   <trkpt lat="12.9093800" lon="77.5290260">
    <ele>868.5</ele>
    <time>2026-07-05T01:07:58Z</time>
   </trkpt>
   <trkpt lat="12.9093570" lon="77.5290150">
    <ele>868.5</ele>
    <time>2026-07-05T01:07:59Z</time>
   </trkpt>
   <trkpt lat="12.9093340" lon="77.5289990">
    <ele>868.4</ele>
    <time>2026-07-05T01:08:00Z</time>
   </trkpt>
   <trkpt lat="12.9093180" lon="77.5289880">
    <ele>868.3</ele>
    <time>2026-07-05T01:08:01Z</time>
   </trkpt>
   <trkpt lat="12.9092990" lon="77.5289740">
    <ele>868.3</ele>
    <time>2026-07-05T01:08:02Z</time>
   </trkpt>
   <trkpt lat="12.9092790" lon="77.5289610">
    <ele>868.2</ele>
    <time>2026-07-05T01:08:03Z</time>
   </trkpt>
   <trkpt lat="12.9092590" lon="77.5289410">
    <ele>868.1</ele>
    <time>2026-07-05T01:08:04Z</time>
   </trkpt>
   <trkpt lat="12.9092390" lon="77.5289260">
    <ele>868.1</ele>
    <time>2026-07-05T01:08:05Z</time>
   </trkpt>
   <trkpt lat="12.9092180" lon="77.5289090">
    <ele>868.0</ele>
    <time>2026-07-05T01:08:06Z</time>
   </trkpt>
   <trkpt lat="12.9091990" lon="77.5288970">
    <ele>867.9</ele>
    <time>2026-07-05T01:08:07Z</time>
   </trkpt>
   <trkpt lat="12.9091780" lon="77.5288850">
    <ele>867.9</ele>
    <time>2026-07-05T01:08:08Z</time>
   </trkpt>
   <trkpt lat="12.9091570" lon="77.5288740">
    <ele>867.8</ele>
    <time>2026-07-05T01:08:09Z</time>
   </trkpt>
   <trkpt lat="12.9091360" lon="77.5288630">
    <ele>867.7</ele>
    <time>2026-07-05T01:08:10Z</time>
   </trkpt>
   <trkpt lat="12.9091140" lon="77.5288520">
    <ele>867.6</ele>
    <time>2026-07-05T01:08:11Z</time>
   </trkpt>
   <trkpt lat="12.9090900" lon="77.5288400">
    <ele>867.6</ele>
    <time>2026-07-05T01:08:12Z</time>
   </trkpt>
   <trkpt lat="12.9090710" lon="77.5288290">
    <ele>867.5</ele>
    <time>2026-07-05T01:08:13Z</time>
   </trkpt>
   <trkpt lat="12.9090500" lon="77.5288170">
    <ele>867.4</ele>
    <time>2026-07-05T01:08:14Z</time>
   </trkpt>
   <trkpt lat="12.9090310" lon="77.5288070">
    <ele>867.3</ele>
    <time>2026-07-05T01:08:15Z</time>
   </trkpt>
   <trkpt lat="12.9090090" lon="77.5288000">
    <ele>867.3</ele>
    <time>2026-07-05T01:08:16Z</time>
   </trkpt>
   <trkpt lat="12.9089860" lon="77.5287910">
    <ele>867.2</ele>
    <time>2026-07-05T01:08:17Z</time>
   </trkpt>
   <trkpt lat="12.9089650" lon="77.5287790">
    <ele>867.1</ele>
    <time>2026-07-05T01:08:18Z</time>
   </trkpt>
   <trkpt lat="12.9089460" lon="77.5287690">
    <ele>867.0</ele>
    <time>2026-07-05T01:08:19Z</time>
   </trkpt>
   <trkpt lat="12.9089270" lon="77.5287570">
    <ele>866.9</ele>
    <time>2026-07-05T01:08:20Z</time>
   </trkpt>
   <trkpt lat="12.9089070" lon="77.5287470">
    <ele>866.9</ele>
    <time>2026-07-05T01:08:21Z</time>
   </trkpt>
   <trkpt lat="12.9088910" lon="77.5287360">
    <ele>866.8</ele>
    <time>2026-07-05T01:08:22Z</time>
   </trkpt>
   <trkpt lat="12.9088720" lon="77.5287230">
    <ele>866.7</ele>
    <time>2026-07-05T01:08:23Z</time>
   </trkpt>
   <trkpt lat="12.9088530" lon="77.5287100">
    <ele>866.6</ele>
    <time>2026-07-05T01:08:24Z</time>
   </trkpt>
   <trkpt lat="12.9088330" lon="77.5286950">
    <ele>866.5</ele>
    <time>2026-07-05T01:08:25Z</time>
   </trkpt>
   <trkpt lat="12.9088110" lon="77.5286830">
    <ele>866.4</ele>
    <time>2026-07-05T01:08:26Z</time>
   </trkpt>
   <trkpt lat="12.9087890" lon="77.5286720">
    <ele>866.3</ele>
    <time>2026-07-05T01:08:27Z</time>
   </trkpt>
   <trkpt lat="12.9087650" lon="77.5286600">
    <ele>866.2</ele>
    <time>2026-07-05T01:08:28Z</time>
   </trkpt>
   <trkpt lat="12.9087450" lon="77.5286480">
    <ele>866.1</ele>
    <time>2026-07-05T01:08:29Z</time>
   </trkpt>
   <trkpt lat="12.9087230" lon="77.5286360">
    <ele>866.0</ele>
    <time>2026-07-05T01:08:30Z</time>
   </trkpt>
   <trkpt lat="12.9087040" lon="77.5286230">
    <ele>866.0</ele>
    <time>2026-07-05T01:08:31Z</time>
   </trkpt>
   <trkpt lat="12.9086810" lon="77.5286080">
    <ele>865.8</ele>
    <time>2026-07-05T01:08:32Z</time>
   </trkpt>
   <trkpt lat="12.9086610" lon="77.5285960">
    <ele>865.7</ele>
    <time>2026-07-05T01:08:33Z</time>
   </trkpt>
   <trkpt lat="12.9086410" lon="77.5285820">
    <ele>865.6</ele>
    <time>2026-07-05T01:08:34Z</time>
   </trkpt>
   <trkpt lat="12.9086180" lon="77.5285710">
    <ele>865.5</ele>
    <time>2026-07-05T01:08:35Z</time>
   </trkpt>
   <trkpt lat="12.9085970" lon="77.5285580">
    <ele>865.4</ele>
    <time>2026-07-05T01:08:36Z</time>
   </trkpt>
   <trkpt lat="12.9085740" lon="77.5285470">
    <ele>865.3</ele>
    <time>2026-07-05T01:08:37Z</time>
   </trkpt>
   <trkpt lat="12.9085530" lon="77.5285200">
    <ele>865.2</ele>
    <time>2026-07-05T01:08:38Z</time>
   </trkpt>
   <trkpt lat="12.9085350" lon="77.5284990">
    <ele>865.1</ele>
    <time>2026-07-05T01:08:39Z</time>
   </trkpt>
   <trkpt lat="12.9085160" lon="77.5284770">
    <ele>864.9</ele>
    <time>2026-07-05T01:08:40Z</time>
   </trkpt>
   <trkpt lat="12.9084960" lon="77.5284600">
    <ele>864.8</ele>
    <time>2026-07-05T01:08:41Z</time>
   </trkpt>
   <trkpt lat="12.9084780" lon="77.5284440">
    <ele>864.7</ele>
    <time>2026-07-05T01:08:42Z</time>
   </trkpt>
   <trkpt lat="12.9084600" lon="77.5284270">
    <ele>864.6</ele>
    <time>2026-07-05T01:08:43Z</time>
   </trkpt>
   <trkpt lat="12.9084440" lon="77.5284120">
    <ele>864.5</ele>
    <time>2026-07-05T01:08:44Z</time>
   </trkpt>
   <trkpt lat="12.9084260" lon="77.5283970">
    <ele>864.4</ele>
    <time>2026-07-05T01:08:45Z</time>
   </trkpt>
   <trkpt lat="12.9084080" lon="77.5283830">
    <ele>864.3</ele>
    <time>2026-07-05T01:08:46Z</time>
   </trkpt>
   <trkpt lat="12.9083880" lon="77.5283710">
    <ele>864.2</ele>
    <time>2026-07-05T01:08:47Z</time>
   </trkpt>
   <trkpt lat="12.9083650" lon="77.5283600">
    <ele>864.1</ele>
    <time>2026-07-05T01:08:48Z</time>
   </trkpt>
   <trkpt lat="12.9083430" lon="77.5283480">
    <ele>864.0</ele>
    <time>2026-07-05T01:08:49Z</time>
   </trkpt>
   <trkpt lat="12.9083210" lon="77.5283360">
    <ele>863.9</ele>
    <time>2026-07-05T01:08:50Z</time>
   </trkpt>
   <trkpt lat="12.9082970" lon="77.5283260">
    <ele>863.8</ele>
    <time>2026-07-05T01:08:51Z</time>
   </trkpt>
   <trkpt lat="12.9082730" lon="77.5283170">
    <ele>863.7</ele>
    <time>2026-07-05T01:08:52Z</time>
   </trkpt>
   <trkpt lat="12.9082490" lon="77.5283060">
    <ele>863.6</ele>
    <time>2026-07-05T01:08:53Z</time>
   </trkpt>
   <trkpt lat="12.9082280" lon="77.5282930">
    <ele>863.5</ele>
    <time>2026-07-05T01:08:54Z</time>
   </trkpt>
   <trkpt lat="12.9082010" lon="77.5282740">
    <ele>863.4</ele>
    <time>2026-07-05T01:08:55Z</time>
   </trkpt>
   <trkpt lat="12.9081770" lon="77.5282590">
    <ele>863.3</ele>
    <time>2026-07-05T01:08:56Z</time>
   </trkpt>
   <trkpt lat="12.9081510" lon="77.5282400">
    <ele>863.1</ele>
    <time>2026-07-05T01:08:57Z</time>
   </trkpt>
   <trkpt lat="12.9081230" lon="77.5282210">
    <ele>863.0</ele>
    <time>2026-07-05T01:08:58Z</time>
   </trkpt>
   <trkpt lat="12.9080950" lon="77.5282060">
    <ele>862.9</ele>
    <time>2026-07-05T01:08:59Z</time>
   </trkpt>
   <trkpt lat="12.9080700" lon="77.5281920">
    <ele>862.8</ele>
    <time>2026-07-05T01:09:00Z</time>
   </trkpt>
   <trkpt lat="12.9080350" lon="77.5281810">
    <ele>862.6</ele>
    <time>2026-07-05T01:09:01Z</time>
   </trkpt>
   <trkpt lat="12.9080180" lon="77.5281730">
    <ele>862.5</ele>
    <time>2026-07-05T01:09:02Z</time>
   </trkpt>
   <trkpt lat="12.9079960" lon="77.5281620">
    <ele>862.4</ele>
    <time>2026-07-05T01:09:03Z</time>
   </trkpt>
   <trkpt lat="12.9079740" lon="77.5281490">
    <ele>862.3</ele>
    <time>2026-07-05T01:09:04Z</time>
   </trkpt>
   <trkpt lat="12.9079520" lon="77.5281370">
    <ele>862.2</ele>
    <time>2026-07-05T01:09:05Z</time>
   </trkpt>
   <trkpt lat="12.9079280" lon="77.5281250">
    <ele>862.1</ele>
    <time>2026-07-05T01:09:06Z</time>
   </trkpt>
   <trkpt lat="12.9079050" lon="77.5281150">
    <ele>862.0</ele>
    <time>2026-07-05T01:09:07Z</time>
   </trkpt>
   <trkpt lat="12.9078780" lon="77.5280980">
    <ele>861.9</ele>
    <time>2026-07-05T01:09:08Z</time>
   </trkpt>
   <trkpt lat="12.9078530" lon="77.5280830">
    <ele>861.7</ele>
    <time>2026-07-05T01:09:09Z</time>
   </trkpt>
   <trkpt lat="12.9078290" lon="77.5280670">
    <ele>861.6</ele>
    <time>2026-07-05T01:09:10Z</time>
   </trkpt>
   <trkpt lat="12.9078070" lon="77.5280530">
    <ele>861.5</ele>
    <time>2026-07-05T01:09:11Z</time>
   </trkpt>
   <trkpt lat="12.9077840" lon="77.5280400">
    <ele>861.4</ele>
    <time>2026-07-05T01:09:12Z</time>
   </trkpt>
   <trkpt lat="12.9077640" lon="77.5280230">
    <ele>861.3</ele>
    <time>2026-07-05T01:09:13Z</time>
   </trkpt>
   <trkpt lat="12.9077460" lon="77.5280050">
    <ele>861.2</ele>
    <time>2026-07-05T01:09:14Z</time>
   </trkpt>
   <trkpt lat="12.9077270" lon="77.5279890">
    <ele>861.1</ele>
    <time>2026-07-05T01:09:15Z</time>
   </trkpt>
   <trkpt lat="12.9077070" lon="77.5279730">
    <ele>861.0</ele>
    <time>2026-07-05T01:09:16Z</time>
   </trkpt>
   <trkpt lat="12.9076880" lon="77.5279550">
    <ele>860.9</ele>
    <time>2026-07-05T01:09:17Z</time>
   </trkpt>
   <trkpt lat="12.9076650" lon="77.5279440">
    <ele>860.8</ele>
    <time>2026-07-05T01:09:18Z</time>
   </trkpt>
   <trkpt lat="12.9076410" lon="77.5279340">
    <ele>860.7</ele>
    <time>2026-07-05T01:09:19Z</time>
   </trkpt>
   <trkpt lat="12.9076140" lon="77.5279200">
    <ele>860.6</ele>
    <time>2026-07-05T01:09:20Z</time>
   </trkpt>
   <trkpt lat="12.9075890" lon="77.5279060">
    <ele>860.5</ele>
    <time>2026-07-05T01:09:21Z</time>
   </trkpt>
   <trkpt lat="12.9075600" lon="77.5278940">
    <ele>860.4</ele>
    <time>2026-07-05T01:09:22Z</time>
   </trkpt>
   <trkpt lat="12.9075380" lon="77.5278840">
    <ele>860.3</ele>
    <time>2026-07-05T01:09:23Z</time>
   </trkpt>
   <trkpt lat="12.9075210" lon="77.5278770">
    <ele>860.2</ele>
    <time>2026-07-05T01:09:24Z</time>
   </trkpt>
   <trkpt lat="12.9075010" lon="77.5278670">
    <ele>860.1</ele>
    <time>2026-07-05T01:09:25Z</time>
   </trkpt>
   <trkpt lat="12.9074790" lon="77.5278490">
    <ele>860.0</ele>
    <time>2026-07-05T01:09:26Z</time>
   </trkpt>
   <trkpt lat="12.9074560" lon="77.5278320">
    <ele>859.9</ele>
    <time>2026-07-05T01:09:27Z</time>
   </trkpt>
   <trkpt lat="12.9074340" lon="77.5278160">
    <ele>859.8</ele>
    <time>2026-07-05T01:09:28Z</time>
   </trkpt>
   <trkpt lat="12.9074120" lon="77.5277990">
    <ele>859.7</ele>
    <time>2026-07-05T01:09:29Z</time>
   </trkpt>
   <trkpt lat="12.9073930" lon="77.5277840">
    <ele>859.6</ele>
    <time>2026-07-05T01:09:30Z</time>
   </trkpt>
   <trkpt lat="12.9073660" lon="77.5277640">
    <ele>859.5</ele>
    <time>2026-07-05T01:09:31Z</time>
   </trkpt>
   <trkpt lat="12.9073470" lon="77.5277480">
    <ele>859.4</ele>
    <time>2026-07-05T01:09:32Z</time>
   </trkpt>
   <trkpt lat="12.9073190" lon="77.5277300">
    <ele>859.3</ele>
    <time>2026-07-05T01:09:33Z</time>
   </trkpt>
   <trkpt lat="12.9072900" lon="77.5277140">
    <ele>859.1</ele>
    <time>2026-07-05T01:09:34Z</time>
   </trkpt>
   <trkpt lat="12.9072650" lon="77.5276990">
    <ele>859.0</ele>
    <time>2026-07-05T01:09:35Z</time>
   </trkpt>
   <trkpt lat="12.9072430" lon="77.5276860">
    <ele>858.9</ele>
    <time>2026-07-05T01:09:36Z</time>
   </trkpt>
   <trkpt lat="12.9072190" lon="77.5276750">
    <ele>858.8</ele>
    <time>2026-07-05T01:09:37Z</time>
   </trkpt>
   <trkpt lat="12.9071930" lon="77.5276640">
    <ele>858.7</ele>
    <time>2026-07-05T01:09:38Z</time>
   </trkpt>
   <trkpt lat="12.9071660" lon="77.5276540">
    <ele>858.6</ele>
    <time>2026-07-05T01:09:39Z</time>
   </trkpt>
   <trkpt lat="12.9071420" lon="77.5276430">
    <ele>858.5</ele>
    <time>2026-07-05T01:09:40Z</time>
   </trkpt>
   <trkpt lat="12.9071120" lon="77.5276240">
    <ele>858.3</ele>
    <time>2026-07-05T01:09:41Z</time>
   </trkpt>
   <trkpt lat="12.9070940" lon="77.5276130">
    <ele>858.3</ele>
    <time>2026-07-05T01:09:42Z</time>
   </trkpt>
   <trkpt lat="12.9070710" lon="77.5275990">
    <ele>858.1</ele>
    <time>2026-07-05T01:09:43Z</time>
   </trkpt>
   <trkpt lat="12.9070450" lon="77.5275840">
    <ele>858.0</ele>
    <time>2026-07-05T01:09:44Z</time>
   </trkpt>
   <trkpt lat="12.9070230" lon="77.5275730">
    <ele>857.9</ele>
    <time>2026-07-05T01:09:45Z</time>
   </trkpt>
   <trkpt lat="12.9069990" lon="77.5275610">
    <ele>857.8</ele>
    <time>2026-07-05T01:09:46Z</time>
   </trkpt>
   <trkpt lat="12.9069750" lon="77.5275430">
    <ele>857.7</ele>
    <time>2026-07-05T01:09:47Z</time>
   </trkpt>
   <trkpt lat="12.9069520" lon="77.5275280">
    <ele>857.6</ele>
    <time>2026-07-05T01:09:48Z</time>
   </trkpt>
   <trkpt lat="12.9069310" lon="77.5275140">
    <ele>857.5</ele>
    <time>2026-07-05T01:09:49Z</time>
   </trkpt>
   <trkpt lat="12.9069110" lon="77.5275010">
    <ele>857.4</ele>
    <time>2026-07-05T01:09:50Z</time>
   </trkpt>
   <trkpt lat="12.9068910" lon="77.5274880">
    <ele>857.3</ele>
    <time>2026-07-05T01:09:51Z</time>
   </trkpt>
   <trkpt lat="12.9068690" lon="77.5274740">
    <ele>857.2</ele>
    <time>2026-07-05T01:09:52Z</time>
   </trkpt>
   <trkpt lat="12.9068450" lon="77.5274560">
    <ele>857.1</ele>
    <time>2026-07-05T01:09:53Z</time>
   </trkpt>
   <trkpt lat="12.9068230" lon="77.5274410">
    <ele>857.0</ele>
    <time>2026-07-05T01:09:54Z</time>
   </trkpt>
   <trkpt lat="12.9068010" lon="77.5274270">
    <ele>856.9</ele>
    <time>2026-07-05T01:09:55Z</time>
   </trkpt>
   <trkpt lat="12.9067820" lon="77.5274130">
    <ele>856.8</ele>
    <time>2026-07-05T01:09:56Z</time>
   </trkpt>
   <trkpt lat="12.9067600" lon="77.5274000">
    <ele>856.7</ele>
    <time>2026-07-05T01:09:57Z</time>
   </trkpt>
   <trkpt lat="12.9067390" lon="77.5273860">
    <ele>856.6</ele>
    <time>2026-07-05T01:09:58Z</time>
   </trkpt>
   <trkpt lat="12.9067140" lon="77.5273720">
    <ele>856.5</ele>
    <time>2026-07-05T01:09:59Z</time>
   </trkpt>
   <trkpt lat="12.9066920" lon="77.5273590">
    <ele>856.4</ele>
    <time>2026-07-05T01:10:00Z</time>
   </trkpt>
   <trkpt lat="12.9066730" lon="77.5273450">
    <ele>856.3</ele>
    <time>2026-07-05T01:10:01Z</time>
   </trkpt>
   <trkpt lat="12.9066500" lon="77.5273300">
    <ele>856.2</ele>
    <time>2026-07-05T01:10:02Z</time>
   </trkpt>
   <trkpt lat="12.9066250" lon="77.5273150">
    <ele>856.0</ele>
    <time>2026-07-05T01:10:03Z</time>
   </trkpt>
   <trkpt lat="12.9065980" lon="77.5272990">
    <ele>855.9</ele>
    <time>2026-07-05T01:10:04Z</time>
   </trkpt>
   <trkpt lat="12.9065740" lon="77.5272860">
    <ele>855.8</ele>
    <time>2026-07-05T01:10:05Z</time>
   </trkpt>
   <trkpt lat="12.9065500" lon="77.5272700">
    <ele>855.7</ele>
    <time>2026-07-05T01:10:06Z</time>
   </trkpt>
   <trkpt lat="12.9065270" lon="77.5272550">
    <ele>855.6</ele>
    <time>2026-07-05T01:10:07Z</time>
   </trkpt>
   <trkpt lat="12.9065010" lon="77.5272420">
    <ele>855.5</ele>
    <time>2026-07-05T01:10:08Z</time>
   </trkpt>
   <trkpt lat="12.9064780" lon="77.5272320">
    <ele>855.4</ele>
    <time>2026-07-05T01:10:09Z</time>
   </trkpt>
   <trkpt lat="12.9064580" lon="77.5272180">
    <ele>855.3</ele>
    <time>2026-07-05T01:10:10Z</time>
   </trkpt>
   <trkpt lat="12.9064390" lon="77.5272020">
    <ele>855.2</ele>
    <time>2026-07-05T01:10:11Z</time>
   </trkpt>
   <trkpt lat="12.9064190" lon="77.5271870">
    <ele>855.1</ele>
    <time>2026-07-05T01:10:12Z</time>
   </trkpt>
   <trkpt lat="12.9063990" lon="77.5271740">
    <ele>855.0</ele>
    <time>2026-07-05T01:10:13Z</time>
   </trkpt>
   <trkpt lat="12.9063780" lon="77.5271610">
    <ele>854.9</ele>
    <time>2026-07-05T01:10:14Z</time>
   </trkpt>
   <trkpt lat="12.9063570" lon="77.5271480">
    <ele>854.8</ele>
    <time>2026-07-05T01:10:15Z</time>
   </trkpt>
   <trkpt lat="12.9063430" lon="77.5271350">
    <ele>854.7</ele>
    <time>2026-07-05T01:10:16Z</time>
   </trkpt>
   <trkpt lat="12.9063370" lon="77.5271210">
    <ele>854.6</ele>
    <time>2026-07-05T01:10:17Z</time>
   </trkpt>
   <trkpt lat="12.9063280" lon="77.5271100">
    <ele>854.6</ele>
    <time>2026-07-05T01:10:18Z</time>
   </trkpt>
   <trkpt lat="12.9063160" lon="77.5271030">
    <ele>854.5</ele>
    <time>2026-07-05T01:10:19Z</time>
   </trkpt>
   <trkpt lat="12.9063050" lon="77.5270990">
    <ele>854.5</ele>
    <time>2026-07-05T01:10:20Z</time>
   </trkpt>
   <trkpt lat="12.9062950" lon="77.5270940">
    <ele>854.4</ele>
    <time>2026-07-05T01:10:21Z</time>
   </trkpt>
   <trkpt lat="12.9062850" lon="77.5270880">
    <ele>854.4</ele>
    <time>2026-07-05T01:10:22Z</time>
   </trkpt>
   <trkpt lat="12.9062750" lon="77.5270810">
    <ele>854.3</ele>
    <time>2026-07-05T01:10:23Z</time>
   </trkpt>
   <trkpt lat="12.9062620" lon="77.5270730">
    <ele>854.3</ele>
    <time>2026-07-05T01:10:24Z</time>
   </trkpt>
   <trkpt lat="12.9062490" lon="77.5270670">
    <ele>854.2</ele>
    <time>2026-07-05T01:10:25Z</time>
   </trkpt>
   <trkpt lat="12.9062350" lon="77.5270730">
    <ele>854.1</ele>
    <time>2026-07-05T01:10:26Z</time>
   </trkpt>
   <trkpt lat="12.9062240" lon="77.5270820">
    <ele>854.1</ele>
    <time>2026-07-05T01:10:27Z</time>
   </trkpt>
   <trkpt lat="12.9062090" lon="77.5270640">
    <ele>854.0</ele>
    <time>2026-07-05T01:10:28Z</time>
   </trkpt>
   <trkpt lat="12.9061990" lon="77.5270440">
    <ele>853.9</ele>
    <time>2026-07-05T01:10:29Z</time>
   </trkpt>
   <trkpt lat="12.9061990" lon="77.5270260">
    <ele>853.8</ele>
    <time>2026-07-05T01:10:30Z</time>
   </trkpt>
   <trkpt lat="12.9061840" lon="77.5270150">
    <ele>853.7</ele>
    <time>2026-07-05T01:10:31Z</time>
   </trkpt>
   <trkpt lat="12.9061710" lon="77.5270060">
    <ele>853.7</ele>
    <time>2026-07-05T01:10:32Z</time>
   </trkpt>
   <trkpt lat="12.9061470" lon="77.5270050">
    <ele>853.6</ele>
    <time>2026-07-05T01:10:33Z</time>
   </trkpt>
   <trkpt lat="12.9061350" lon="77.5269990">
    <ele>853.5</ele>
    <time>2026-07-05T01:10:34Z</time>
   </trkpt>
   <trkpt lat="12.9061230" lon="77.5269950">
    <ele>853.5</ele>
    <time>2026-07-05T01:10:35Z</time>
   </trkpt>
   <trkpt lat="12.9061120" lon="77.5269900">
    <ele>853.4</ele>
    <time>2026-07-05T01:10:36Z</time>
   </trkpt>
   <trkpt lat="12.9061020" lon="77.5269830">
    <ele>853.4</ele>
    <time>2026-07-05T01:10:37Z</time>
   </trkpt>
   <trkpt lat="12.9060970" lon="77.5269720">
    <ele>853.4</ele>
    <time>2026-07-05T01:10:38Z</time>
   </trkpt>
   <trkpt lat="12.9060960" lon="77.5269590">
    <ele>853.3</ele>
    <time>2026-07-05T01:10:39Z</time>
   </trkpt>
   <trkpt lat="12.9060860" lon="77.5269500">
    <ele>853.3</ele>
    <time>2026-07-05T01:10:40Z</time>
   </trkpt>
   <trkpt lat="12.9060730" lon="77.5269420">
    <ele>853.2</ele>
    <time>2026-07-05T01:10:41Z</time>
   </trkpt>
   <trkpt lat="12.9060540" lon="77.5269340">
    <ele>853.1</ele>
    <time>2026-07-05T01:10:42Z</time>
   </trkpt>
   <trkpt lat="12.9060360" lon="77.5269290">
    <ele>853.1</ele>
    <time>2026-07-05T01:10:43Z</time>
   </trkpt>
   <trkpt lat="12.9060150" lon="77.5269200">
    <ele>853.0</ele>
    <time>2026-07-05T01:10:44Z</time>
   </trkpt>
   <trkpt lat="12.9059910" lon="77.5269150">
    <ele>852.9</ele>
    <time>2026-07-05T01:10:45Z</time>
   </trkpt>
   <trkpt lat="12.9059640" lon="77.5269050">
    <ele>852.8</ele>
    <time>2026-07-05T01:10:46Z</time>
   </trkpt>
   <trkpt lat="12.9059430" lon="77.5268970">
    <ele>852.7</ele>
    <time>2026-07-05T01:10:47Z</time>
   </trkpt>
   <trkpt lat="12.9059220" lon="77.5268900">
    <ele>852.6</ele>
    <time>2026-07-05T01:10:48Z</time>
   </trkpt>
   <trkpt lat="12.9059010" lon="77.5268820">
    <ele>852.5</ele>
    <time>2026-07-05T01:10:49Z</time>
   </trkpt>
   <trkpt lat="12.9058790" lon="77.5268700">
    <ele>852.4</ele>
    <time>2026-07-05T01:10:50Z</time>
   </trkpt>
   <trkpt lat="12.9058530" lon="77.5268540">
    <ele>852.3</ele>
    <time>2026-07-05T01:10:51Z</time>
   </trkpt>
   <trkpt lat="12.9058310" lon="77.5268350">
    <ele>852.2</ele>
    <time>2026-07-05T01:10:52Z</time>
   </trkpt>
   <trkpt lat="12.9058130" lon="77.5268180">
    <ele>852.1</ele>
    <time>2026-07-05T01:10:53Z</time>
   </trkpt>
   <trkpt lat="12.9057860" lon="77.5268020">
    <ele>852.0</ele>
    <time>2026-07-05T01:10:54Z</time>
   </trkpt>
   <trkpt lat="12.9057600" lon="77.5267880">
    <ele>851.9</ele>
    <time>2026-07-05T01:10:55Z</time>
   </trkpt>
   <trkpt lat="12.9057350" lon="77.5267740">
    <ele>851.7</ele>
    <time>2026-07-05T01:10:56Z</time>
   </trkpt>
   <trkpt lat="12.9057050" lon="77.5267570">
    <ele>851.6</ele>
    <time>2026-07-05T01:10:57Z</time>
   </trkpt>
   <trkpt lat="12.9056780" lon="77.5267390">
    <ele>851.5</ele>
    <time>2026-07-05T01:10:58Z</time>
   </trkpt>
   <trkpt lat="12.9056510" lon="77.5267230">
    <ele>851.4</ele>
    <time>2026-07-05T01:10:59Z</time>
   </trkpt>
   <trkpt lat="12.9056210" lon="77.5267070">
    <ele>851.2</ele>
    <time>2026-07-05T01:11:00Z</time>
   </trkpt>
   <trkpt lat="12.9055940" lon="77.5266880">
    <ele>851.1</ele>
    <time>2026-07-05T01:11:01Z</time>
   </trkpt>
   <trkpt lat="12.9055700" lon="77.5266700">
    <ele>851.0</ele>
    <time>2026-07-05T01:11:02Z</time>
   </trkpt>
   <trkpt lat="12.9055450" lon="77.5266520">
    <ele>850.9</ele>
    <time>2026-07-05T01:11:03Z</time>
   </trkpt>
   <trkpt lat="12.9055280" lon="77.5266410">
    <ele>850.8</ele>
    <time>2026-07-05T01:11:04Z</time>
   </trkpt>
   <trkpt lat="12.9055090" lon="77.5266270">
    <ele>850.7</ele>
    <time>2026-07-05T01:11:05Z</time>
   </trkpt>
   <trkpt lat="12.9054900" lon="77.5266130">
    <ele>850.6</ele>
    <time>2026-07-05T01:11:06Z</time>
   </trkpt>
   <trkpt lat="12.9054690" lon="77.5265960">
    <ele>850.5</ele>
    <time>2026-07-05T01:11:07Z</time>
   </trkpt>
   <trkpt lat="12.9054480" lon="77.5265850">
    <ele>850.4</ele>
    <time>2026-07-05T01:11:08Z</time>
   </trkpt>
   <trkpt lat="12.9054280" lon="77.5265760">
    <ele>850.3</ele>
    <time>2026-07-05T01:11:09Z</time>
   </trkpt>
   <trkpt lat="12.9054040" lon="77.5265690">
    <ele>850.2</ele>
    <time>2026-07-05T01:11:10Z</time>
   </trkpt>
   <trkpt lat="12.9053830" lon="77.5265560">
    <ele>850.1</ele>
    <time>2026-07-05T01:11:11Z</time>
   </trkpt>
   <trkpt lat="12.9053610" lon="77.5265430">
    <ele>850.0</ele>
    <time>2026-07-05T01:11:12Z</time>
   </trkpt>
   <trkpt lat="12.9053370" lon="77.5265290">
    <ele>849.9</ele>
    <time>2026-07-05T01:11:13Z</time>
   </trkpt>
   <trkpt lat="12.9053150" lon="77.5265160">
    <ele>849.8</ele>
    <time>2026-07-05T01:11:14Z</time>
   </trkpt>
   <trkpt lat="12.9052900" lon="77.5265000">
    <ele>849.7</ele>
    <time>2026-07-05T01:11:15Z</time>
   </trkpt>
   <trkpt lat="12.9052660" lon="77.5264850">
    <ele>849.5</ele>
    <time>2026-07-05T01:11:16Z</time>
   </trkpt>
   <trkpt lat="12.9052400" lon="77.5264690">
    <ele>849.4</ele>
    <time>2026-07-05T01:11:17Z</time>
   </trkpt>
   <trkpt lat="12.9052150" lon="77.5264570">
    <ele>849.3</ele>
    <time>2026-07-05T01:11:18Z</time>
   </trkpt>
   <trkpt lat="12.9051930" lon="77.5264370">
    <ele>849.2</ele>
    <time>2026-07-05T01:11:19Z</time>
   </trkpt>
   <trkpt lat="12.9051760" lon="77.5264150">
    <ele>849.1</ele>
    <time>2026-07-05T01:11:20Z</time>
   </trkpt>
   <trkpt lat="12.9051570" lon="77.5263940">
    <ele>849.0</ele>
    <time>2026-07-05T01:11:21Z</time>
   </trkpt>
   <trkpt lat="12.9051340" lon="77.5263770">
    <ele>848.8</ele>
    <time>2026-07-05T01:11:22Z</time>
   </trkpt>
   <trkpt lat="12.9051090" lon="77.5263600">
    <ele>848.7</ele>
    <time>2026-07-05T01:11:23Z</time>
   </trkpt>
   <trkpt lat="12.9050830" lon="77.5263440">
    <ele>848.6</ele>
    <time>2026-07-05T01:11:24Z</time>
   </trkpt>
   <trkpt lat="12.9050580" lon="77.5263290">
    <ele>848.5</ele>
    <time>2026-07-05T01:11:25Z</time>
   </trkpt>
   <trkpt lat="12.9050320" lon="77.5263150">
    <ele>848.3</ele>
    <time>2026-07-05T01:11:26Z</time>
   </trkpt>
   <trkpt lat="12.9050070" lon="77.5263030">
    <ele>848.2</ele>
    <time>2026-07-05T01:11:27Z</time>
   </trkpt>
   <trkpt lat="12.9049870" lon="77.5262870">
    <ele>848.1</ele>
    <time>2026-07-05T01:11:28Z</time>
   </trkpt>
   <trkpt lat="12.9049670" lon="77.5262740">
    <ele>848.0</ele>
    <time>2026-07-05T01:11:29Z</time>
   </trkpt>
   <trkpt lat="12.9049470" lon="77.5262580">
    <ele>847.9</ele>
    <time>2026-07-05T01:11:30Z</time>
   </trkpt>
   <trkpt lat="12.9049270" lon="77.5262400">
    <ele>847.8</ele>
    <time>2026-07-05T01:11:31Z</time>
   </trkpt>
   <trkpt lat="12.9049080" lon="77.5262220">
    <ele>847.7</ele>
    <time>2026-07-05T01:11:32Z</time>
   </trkpt>
   <trkpt lat="12.9048810" lon="77.5262090">
    <ele>847.6</ele>
    <time>2026-07-05T01:11:33Z</time>
   </trkpt>
   <trkpt lat="12.9048540" lon="77.5261980">
    <ele>847.5</ele>
    <time>2026-07-05T01:11:34Z</time>
   </trkpt>
   <trkpt lat="12.9048260" lon="77.5261850">
    <ele>847.4</ele>
    <time>2026-07-05T01:11:35Z</time>
   </trkpt>
   <trkpt lat="12.9048030" lon="77.5261710">
    <ele>847.3</ele>
    <time>2026-07-05T01:11:36Z</time>
   </trkpt>
   <trkpt lat="12.9047830" lon="77.5261580">
    <ele>847.2</ele>
    <time>2026-07-05T01:11:37Z</time>
   </trkpt>
   <trkpt lat="12.9047630" lon="77.5261440">
    <ele>847.1</ele>
    <time>2026-07-05T01:11:38Z</time>
   </trkpt>
   <trkpt lat="12.9047440" lon="77.5261300">
    <ele>847.0</ele>
    <time>2026-07-05T01:11:39Z</time>
   </trkpt>
   <trkpt lat="12.9047250" lon="77.5261120">
    <ele>846.9</ele>
    <time>2026-07-05T01:11:40Z</time>
   </trkpt>
   <trkpt lat="12.9047060" lon="77.5260950">
    <ele>846.8</ele>
    <time>2026-07-05T01:11:41Z</time>
   </trkpt>
   <trkpt lat="12.9046860" lon="77.5260800">
    <ele>846.8</ele>
    <time>2026-07-05T01:11:42Z</time>
   </trkpt>
   <trkpt lat="12.9046670" lon="77.5260660">
    <ele>846.7</ele>
    <time>2026-07-05T01:11:43Z</time>
   </trkpt>
   <trkpt lat="12.9046490" lon="77.5260480">
    <ele>846.6</ele>
    <time>2026-07-05T01:11:44Z</time>
   </trkpt>
   <trkpt lat="12.9046300" lon="77.5260340">
    <ele>846.5</ele>
    <time>2026-07-05T01:11:45Z</time>
   </trkpt>
   <trkpt lat="12.9046100" lon="77.5260180">
    <ele>846.4</ele>
    <time>2026-07-05T01:11:46Z</time>
   </trkpt>
   <trkpt lat="12.9045890" lon="77.5260060">
    <ele>846.3</ele>
    <time>2026-07-05T01:11:47Z</time>
   </trkpt>
   <trkpt lat="12.9045660" lon="77.5259930">
    <ele>846.2</ele>
    <time>2026-07-05T01:11:48Z</time>
   </trkpt>
   <trkpt lat="12.9045460" lon="77.5259790">
    <ele>846.1</ele>
    <time>2026-07-05T01:11:49Z</time>
   </trkpt>
   <trkpt lat="12.9045260" lon="77.5259640">
    <ele>846.0</ele>
    <time>2026-07-05T01:11:50Z</time>
   </trkpt>
   <trkpt lat="12.9045050" lon="77.5259480">
    <ele>846.0</ele>
    <time>2026-07-05T01:11:51Z</time>
   </trkpt>
   <trkpt lat="12.9044820" lon="77.5259330">
    <ele>845.9</ele>
    <time>2026-07-05T01:11:52Z</time>
   </trkpt>
   <trkpt lat="12.9044590" lon="77.5259170">
    <ele>845.8</ele>
    <time>2026-07-05T01:11:53Z</time>
   </trkpt>
   <trkpt lat="12.9044390" lon="77.5259010">
    <ele>845.7</ele>
    <time>2026-07-05T01:11:54Z</time>
   </trkpt>
   <trkpt lat="12.9044190" lon="77.5258830">
    <ele>845.6</ele>
    <time>2026-07-05T01:11:55Z</time>
   </trkpt>
   <trkpt lat="12.9043990" lon="77.5258640">
    <ele>845.5</ele>
    <time>2026-07-05T01:11:56Z</time>
   </trkpt>
   <trkpt lat="12.9043800" lon="77.5258480">
    <ele>845.4</ele>
    <time>2026-07-05T01:11:57Z</time>
   </trkpt>
   <trkpt lat="12.9043650" lon="77.5258340">
    <ele>845.3</ele>
    <time>2026-07-05T01:11:58Z</time>
   </trkpt>
   <trkpt lat="12.9043480" lon="77.5258210">
    <ele>845.2</ele>
    <time>2026-07-05T01:11:59Z</time>
   </trkpt>
   <trkpt lat="12.9043310" lon="77.5258070">
    <ele>845.2</ele>
    <time>2026-07-05T01:12:00Z</time>
   </trkpt>
   <trkpt lat="12.9043130" lon="77.5257910">
    <ele>845.1</ele>
    <time>2026-07-05T01:12:01Z</time>
   </trkpt>
   <trkpt lat="12.9042950" lon="77.5257700">
    <ele>845.0</ele>
    <time>2026-07-05T01:12:02Z</time>
   </trkpt>
   <trkpt lat="12.9042810" lon="77.5257520">
    <ele>844.9</ele>
    <time>2026-07-05T01:12:03Z</time>
   </trkpt>
   <trkpt lat="12.9042580" lon="77.5257320">
    <ele>844.8</ele>
    <time>2026-07-05T01:12:04Z</time>
   </trkpt>
   <trkpt lat="12.9042380" lon="77.5257150">
    <ele>844.7</ele>
    <time>2026-07-05T01:12:05Z</time>
   </trkpt>
   <trkpt lat="12.9042220" lon="77.5256970">
    <ele>844.6</ele>
    <time>2026-07-05T01:12:06Z</time>
   </trkpt>
   <trkpt lat="12.9042000" lon="77.5256740">
    <ele>844.5</ele>
    <time>2026-07-05T01:12:07Z</time>
   </trkpt>
   <trkpt lat="12.9041810" lon="77.5256570">
    <ele>844.4</ele>
    <time>2026-07-05T01:12:08Z</time>
   </trkpt>
   <trkpt lat="12.9041620" lon="77.5256400">
    <ele>844.3</ele>
    <time>2026-07-05T01:12:09Z</time>
   </trkpt>
   <trkpt lat="12.9041440" lon="77.5256210">
    <ele>844.2</ele>
    <time>2026-07-05T01:12:10Z</time>
   </trkpt>
   <trkpt lat="12.9041250" lon="77.5255990">
    <ele>844.1</ele>
    <time>2026-07-05T01:12:11Z</time>
   </trkpt>
   <trkpt lat="12.9041000" lon="77.5255840">
    <ele>844.0</ele>
    <time>2026-07-05T01:12:12Z</time>
   </trkpt>
   <trkpt lat="12.9040770" lon="77.5255700">
    <ele>843.9</ele>
    <time>2026-07-05T01:12:13Z</time>
   </trkpt>
   <trkpt lat="12.9040570" lon="77.5255510">
    <ele>843.9</ele>
    <time>2026-07-05T01:12:14Z</time>
   </trkpt>
   <trkpt lat="12.9040370" lon="77.5255350">
    <ele>843.8</ele>
    <time>2026-07-05T01:12:15Z</time>
   </trkpt>
   <trkpt lat="12.9040190" lon="77.5255170">
    <ele>843.7</ele>
    <time>2026-07-05T01:12:16Z</time>
   </trkpt>
   <trkpt lat="12.9040000" lon="77.5255050">
    <ele>843.6</ele>
    <time>2026-07-05T01:12:17Z</time>
   </trkpt>
   <trkpt lat="12.9039840" lon="77.5254940">
    <ele>843.5</ele>
    <time>2026-07-05T01:12:18Z</time>
   </trkpt>
   <trkpt lat="12.9039620" lon="77.5254800">
    <ele>843.5</ele>
    <time>2026-07-05T01:12:19Z</time>
   </trkpt>
   <trkpt lat="12.9039420" lon="77.5254650">
    <ele>843.4</ele>
    <time>2026-07-05T01:12:20Z</time>
   </trkpt>
   <trkpt lat="12.9039220" lon="77.5254510">
    <ele>843.3</ele>
    <time>2026-07-05T01:12:21Z</time>
   </trkpt>
   <trkpt lat="12.9039050" lon="77.5254340">
    <ele>843.2</ele>
    <time>2026-07-05T01:12:22Z</time>
   </trkpt>
   <trkpt lat="12.9038870" lon="77.5254180">
    <ele>843.1</ele>
    <time>2026-07-05T01:12:23Z</time>
   </trkpt>
   <trkpt lat="12.9038650" lon="77.5254030">
    <ele>843.0</ele>
    <time>2026-07-05T01:12:24Z</time>
   </trkpt>
   <trkpt lat="12.9038450" lon="77.5253880">
    <ele>843.0</ele>
    <time>2026-07-05T01:12:25Z</time>
   </trkpt>
   <trkpt lat="12.9038250" lon="77.5253720">
    <ele>842.9</ele>
    <time>2026-07-05T01:12:26Z</time>
   </trkpt>
   <trkpt lat="12.9037990" lon="77.5253500">
    <ele>842.7</ele>
    <time>2026-07-05T01:12:27Z</time>
   </trkpt>
   <trkpt lat="12.9037780" lon="77.5253320">
    <ele>842.6</ele>
    <time>2026-07-05T01:12:28Z</time>
   </trkpt>
   <trkpt lat="12.9037590" lon="77.5253040">
    <ele>842.5</ele>
    <time>2026-07-05T01:12:29Z</time>
   </trkpt>
   <trkpt lat="12.9037420" lon="77.5252810">
    <ele>842.4</ele>
    <time>2026-07-05T01:12:30Z</time>
   </trkpt>
   <trkpt lat="12.9037220" lon="77.5252620">
    <ele>842.3</ele>
    <time>2026-07-05T01:12:31Z</time>
   </trkpt>
   <trkpt lat="12.9037030" lon="77.5252380">
    <ele>842.2</ele>
    <time>2026-07-05T01:12:32Z</time>
   </trkpt>
   <trkpt lat="12.9036830" lon="77.5252170">
    <ele>842.1</ele>
    <time>2026-07-05T01:12:33Z</time>
   </trkpt>
   <trkpt lat="12.9036670" lon="77.5251950">
    <ele>842.0</ele>
    <time>2026-07-05T01:12:34Z</time>
   </trkpt>
   <trkpt lat="12.9036490" lon="77.5251740">
    <ele>841.9</ele>
    <time>2026-07-05T01:12:35Z</time>
   </trkpt>
   <trkpt lat="12.9036300" lon="77.5251540">
    <ele>841.8</ele>
    <time>2026-07-05T01:12:36Z</time>
   </trkpt>
   <trkpt lat="12.9036140" lon="77.5251340">
    <ele>841.7</ele>
    <time>2026-07-05T01:12:37Z</time>
   </trkpt>
   <trkpt lat="12.9035980" lon="77.5251170">
    <ele>841.6</ele>
    <time>2026-07-05T01:12:38Z</time>
   </trkpt>
   <trkpt lat="12.9035850" lon="77.5251020">
    <ele>841.5</ele>
    <time>2026-07-05T01:12:39Z</time>
   </trkpt>
   <trkpt lat="12.9035700" lon="77.5250840">
    <ele>841.4</ele>
    <time>2026-07-05T01:12:40Z</time>
   </trkpt>
   <trkpt lat="12.9035570" lon="77.5250650">
    <ele>841.3</ele>
    <time>2026-07-05T01:12:41Z</time>
   </trkpt>
   <trkpt lat="12.9035400" lon="77.5250470">
    <ele>841.2</ele>
    <time>2026-07-05T01:12:42Z</time>
   </trkpt>
   <trkpt lat="12.9035240" lon="77.5250280">
    <ele>841.1</ele>
    <time>2026-07-05T01:12:43Z</time>
   </trkpt>
   <trkpt lat="12.9035070" lon="77.5250060">
    <ele>841.0</ele>
    <time>2026-07-05T01:12:44Z</time>
   </trkpt>
   <trkpt lat="12.9034960" lon="77.5249890">
    <ele>840.9</ele>
    <time>2026-07-05T01:12:45Z</time>
   </trkpt>
   <trkpt lat="12.9034830" lon="77.5249710">
    <ele>840.8</ele>
    <time>2026-07-05T01:12:46Z</time>
   </trkpt>
   <trkpt lat="12.9034670" lon="77.5249540">
    <ele>840.7</ele>
    <time>2026-07-05T01:12:47Z</time>
   </trkpt>
   <trkpt lat="12.9034500" lon="77.5249380">
    <ele>840.6</ele>
    <time>2026-07-05T01:12:48Z</time>
   </trkpt>
   <trkpt lat="12.9034350" lon="77.5249230">
    <ele>840.6</ele>
    <time>2026-07-05T01:12:49Z</time>
   </trkpt>
   <trkpt lat="12.9034180" lon="77.5249070">
    <ele>840.5</ele>
    <time>2026-07-05T01:12:50Z</time>
   </trkpt>
   <trkpt lat="12.9034010" lon="77.5248920">
    <ele>840.4</ele>
    <time>2026-07-05T01:12:51Z</time>
   </trkpt>
   <trkpt lat="12.9033830" lon="77.5248760">
    <ele>840.3</ele>
    <time>2026-07-05T01:12:52Z</time>
   </trkpt>
   <trkpt lat="12.9033660" lon="77.5248600">
    <ele>840.2</ele>
    <time>2026-07-05T01:12:53Z</time>
   </trkpt>
   <trkpt lat="12.9033510" lon="77.5248440">
    <ele>840.1</ele>
    <time>2026-07-05T01:12:54Z</time>
   </trkpt>
   <trkpt lat="12.9033350" lon="77.5248280">
    <ele>840.0</ele>
    <time>2026-07-05T01:12:55Z</time>
   </trkpt>
   <trkpt lat="12.9033180" lon="77.5248120">
    <ele>840.0</ele>
    <time>2026-07-05T01:12:56Z</time>
   </trkpt>
   <trkpt lat="12.9033010" lon="77.5247960">
    <ele>839.9</ele>
    <time>2026-07-05T01:12:57Z</time>
   </trkpt>
   <trkpt lat="12.9032880" lon="77.5247800">
    <ele>839.8</ele>
    <time>2026-07-05T01:12:58Z</time>
   </trkpt>
   <trkpt lat="12.9032720" lon="77.5247610">
    <ele>839.7</ele>
    <time>2026-07-05T01:12:59Z</time>
   </trkpt>
   <trkpt lat="12.9032550" lon="77.5247410">
    <ele>839.6</ele>
    <time>2026-07-05T01:13:00Z</time>
   </trkpt>
   <trkpt lat="12.9032390" lon="77.5247190">
    <ele>839.5</ele>
    <time>2026-07-05T01:13:01Z</time>
   </trkpt>
   <trkpt lat="12.9032250" lon="77.5246970">
    <ele>839.4</ele>
    <time>2026-07-05T01:13:02Z</time>
   </trkpt>
   <trkpt lat="12.9032070" lon="77.5246700">
    <ele>839.3</ele>
    <time>2026-07-05T01:13:03Z</time>
   </trkpt>
   <trkpt lat="12.9031900" lon="77.5246450">
    <ele>839.2</ele>
    <time>2026-07-05T01:13:04Z</time>
   </trkpt>
   <trkpt lat="12.9031750" lon="77.5246210">
    <ele>839.1</ele>
    <time>2026-07-05T01:13:05Z</time>
   </trkpt>
   <trkpt lat="12.9031600" lon="77.5245990">
    <ele>839.0</ele>
    <time>2026-07-05T01:13:06Z</time>
   </trkpt>
   <trkpt lat="12.9031470" lon="77.5245770">
    <ele>838.9</ele>
    <time>2026-07-05T01:13:07Z</time>
   </trkpt>
   <trkpt lat="12.9031300" lon="77.5245590">
    <ele>838.8</ele>
    <time>2026-07-05T01:13:08Z</time>
   </trkpt>
   <trkpt lat="12.9031110" lon="77.5245450">
    <ele>838.8</ele>
    <time>2026-07-05T01:13:09Z</time>
   </trkpt>
   <trkpt lat="12.9030920" lon="77.5245270">
    <ele>838.7</ele>
    <time>2026-07-05T01:13:10Z</time>
   </trkpt>
   <trkpt lat="12.9030770" lon="77.5245080">
    <ele>838.6</ele>
    <time>2026-07-05T01:13:11Z</time>
   </trkpt>
   <trkpt lat="12.9030610" lon="77.5244880">
    <ele>838.5</ele>
    <time>2026-07-05T01:13:12Z</time>
   </trkpt>
   <trkpt lat="12.9030440" lon="77.5244660">
    <ele>838.4</ele>
    <time>2026-07-05T01:13:13Z</time>
   </trkpt>
   <trkpt lat="12.9030280" lon="77.5244450">
    <ele>838.4</ele>
    <time>2026-07-05T01:13:14Z</time>
   </trkpt>
   <trkpt lat="12.9030120" lon="77.5244240">
    <ele>838.3</ele>
    <time>2026-07-05T01:13:15Z</time>
   </trkpt>
   <trkpt lat="12.9029970" lon="77.5243960">
    <ele>838.2</ele>
    <time>2026-07-05T01:13:16Z</time>
   </trkpt>
   <trkpt lat="12.9029840" lon="77.5243680">
    <ele>838.1</ele>
    <time>2026-07-05T01:13:17Z</time>
   </trkpt>
   <trkpt lat="12.9029720" lon="77.5243390">
    <ele>838.0</ele>
    <time>2026-07-05T01:13:18Z</time>
   </trkpt>
   <trkpt lat="12.9029580" lon="77.5243110">
    <ele>837.9</ele>
    <time>2026-07-05T01:13:19Z</time>
   </trkpt>
   <trkpt lat="12.9029420" lon="77.5242850">
    <ele>837.8</ele>
    <time>2026-07-05T01:13:20Z</time>
   </trkpt>
   <trkpt lat="12.9029250" lon="77.5242640">
    <ele>837.8</ele>
    <time>2026-07-05T01:13:21Z</time>
   </trkpt>
   <trkpt lat="12.9029110" lon="77.5242480">
    <ele>837.7</ele>
    <time>2026-07-05T01:13:22Z</time>
   </trkpt>
   <trkpt lat="12.9028920" lon="77.5242280">
    <ele>837.6</ele>
    <time>2026-07-05T01:13:23Z</time>
   </trkpt>
   <trkpt lat="12.9028740" lon="77.5242100">
    <ele>837.6</ele>
    <time>2026-07-05T01:13:24Z</time>
   </trkpt>
   <trkpt lat="12.9028570" lon="77.5241880">
    <ele>837.5</ele>
    <time>2026-07-05T01:13:25Z</time>
   </trkpt>
   <trkpt lat="12.9028410" lon="77.5241620">
    <ele>837.5</ele>
    <time>2026-07-05T01:13:26Z</time>
   </trkpt>
   <trkpt lat="12.9028280" lon="77.5241390">
    <ele>837.4</ele>
    <time>2026-07-05T01:13:27Z</time>
   </trkpt>
   <trkpt lat="12.9028120" lon="77.5241170">
    <ele>837.3</ele>
    <time>2026-07-05T01:13:28Z</time>
   </trkpt>
   <trkpt lat="12.9027980" lon="77.5240980">
    <ele>837.3</ele>
    <time>2026-07-05T01:13:29Z</time>
   </trkpt>
   <trkpt lat="12.9027820" lon="77.5240790">
    <ele>837.2</ele>
    <time>2026-07-05T01:13:30Z</time>
   </trkpt>
   <trkpt lat="12.9027610" lon="77.5240610">
    <ele>837.2</ele>
    <time>2026-07-05T01:13:31Z</time>
   </trkpt>
   <trkpt lat="12.9027440" lon="77.5240430">
    <ele>837.1</ele>
    <time>2026-07-05T01:13:32Z</time>
   </trkpt>
   <trkpt lat="12.9027270" lon="77.5240250">
    <ele>837.1</ele>
    <time>2026-07-05T01:13:33Z</time>
   </trkpt>
   <trkpt lat="12.9027080" lon="77.5240100">
    <ele>837.0</ele>
    <time>2026-07-05T01:13:34Z</time>
   </trkpt>
   <trkpt lat="12.9026890" lon="77.5239960">
    <ele>837.0</ele>
    <time>2026-07-05T01:13:35Z</time>
   </trkpt>
   <trkpt lat="12.9026720" lon="77.5239780">
    <ele>836.9</ele>
    <time>2026-07-05T01:13:36Z</time>
   </trkpt>
   <trkpt lat="12.9026570" lon="77.5239610">
    <ele>836.9</ele>
    <time>2026-07-05T01:13:37Z</time>
   </trkpt>
   <trkpt lat="12.9026390" lon="77.5239400">
    <ele>836.8</ele>
    <time>2026-07-05T01:13:38Z</time>
   </trkpt>
   <trkpt lat="12.9026220" lon="77.5239200">
    <ele>836.8</ele>
    <time>2026-07-05T01:13:39Z</time>
   </trkpt>
   <trkpt lat="12.9026070" lon="77.5239000">
    <ele>836.7</ele>
    <time>2026-07-05T01:13:40Z</time>
   </trkpt>
   <trkpt lat="12.9025930" lon="77.5238760">
    <ele>836.7</ele>
    <time>2026-07-05T01:13:41Z</time>
   </trkpt>
   <trkpt lat="12.9025820" lon="77.5238510">
    <ele>836.7</ele>
    <time>2026-07-05T01:13:42Z</time>
   </trkpt>
   <trkpt lat="12.9025680" lon="77.5238300">
    <ele>836.6</ele>
    <time>2026-07-05T01:13:43Z</time>
   </trkpt>
   <trkpt lat="12.9025540" lon="77.5238080">
    <ele>836.6</ele>
    <time>2026-07-05T01:13:44Z</time>
   </trkpt>
   <trkpt lat="12.9025370" lon="77.5237860">
    <ele>836.5</ele>
    <time>2026-07-05T01:13:45Z</time>
   </trkpt>
   <trkpt lat="12.9025210" lon="77.5237640">
    <ele>836.5</ele>
    <time>2026-07-05T01:13:46Z</time>
   </trkpt>
   <trkpt lat="12.9025050" lon="77.5237450">
    <ele>836.5</ele>
    <time>2026-07-05T01:13:47Z</time>
   </trkpt>
   <trkpt lat="12.9024900" lon="77.5237260">
    <ele>836.4</ele>
    <time>2026-07-05T01:13:48Z</time>
   </trkpt>
   <trkpt lat="12.9024750" lon="77.5237090">
    <ele>836.4</ele>
    <time>2026-07-05T01:13:49Z</time>
   </trkpt>
   <trkpt lat="12.9024580" lon="77.5236910">
    <ele>836.4</ele>
    <time>2026-07-05T01:13:50Z</time>
   </trkpt>
   <trkpt lat="12.9024370" lon="77.5236710">
    <ele>836.3</ele>
    <time>2026-07-05T01:13:51Z</time>
   </trkpt>
   <trkpt lat="12.9024200" lon="77.5236520">
    <ele>836.3</ele>
    <time>2026-07-05T01:13:52Z</time>
   </trkpt>
   <trkpt lat="12.9024020" lon="77.5236330">
    <ele>836.3</ele>
    <time>2026-07-05T01:13:53Z</time>
   </trkpt>
   <trkpt lat="12.9023840" lon="77.5236160">
    <ele>836.2</ele>
    <time>2026-07-05T01:13:54Z</time>
   </trkpt>
   <trkpt lat="12.9023710" lon="77.5235970">
    <ele>836.2</ele>
    <time>2026-07-05T01:13:55Z</time>
   </trkpt>
   <trkpt lat="12.9023570" lon="77.5235790">
    <ele>836.2</ele>
    <time>2026-07-05T01:13:56Z</time>
   </trkpt>
   <trkpt lat="12.9023390" lon="77.5235620">
    <ele>836.1</ele>
    <time>2026-07-05T01:13:57Z</time>
   </trkpt>
   <trkpt lat="12.9023260" lon="77.5235510">
    <ele>836.1</ele>
    <time>2026-07-05T01:13:58Z</time>
   </trkpt>
   <trkpt lat="12.9023130" lon="77.5235390">
    <ele>836.1</ele>
    <time>2026-07-05T01:13:59Z</time>
   </trkpt>
   <trkpt lat="12.9023000" lon="77.5235200">
    <ele>836.1</ele>
    <time>2026-07-05T01:14:00Z</time>
   </trkpt>
   <trkpt lat="12.9022890" lon="77.5234980">
    <ele>836.0</ele>
    <time>2026-07-05T01:14:01Z</time>
   </trkpt>
   <trkpt lat="12.9022770" lon="77.5234770">
    <ele>836.0</ele>
    <time>2026-07-05T01:14:02Z</time>
   </trkpt>
   <trkpt lat="12.9022730" lon="77.5234480">
    <ele>836.0</ele>
    <time>2026-07-05T01:14:03Z</time>
   </trkpt>
   <trkpt lat="12.9022640" lon="77.5234240">
    <ele>836.0</ele>
    <time>2026-07-05T01:14:04Z</time>
   </trkpt>
   <trkpt lat="12.9022460" lon="77.5234010">
    <ele>835.9</ele>
    <time>2026-07-05T01:14:05Z</time>
   </trkpt>
   <trkpt lat="12.9022320" lon="77.5233840">
    <ele>835.9</ele>
    <time>2026-07-05T01:14:06Z</time>
   </trkpt>
   <trkpt lat="12.9022190" lon="77.5233650">
    <ele>835.9</ele>
    <time>2026-07-05T01:14:07Z</time>
   </trkpt>
   <trkpt lat="12.9022000" lon="77.5233480">
    <ele>835.9</ele>
    <time>2026-07-05T01:14:08Z</time>
   </trkpt>
   <trkpt lat="12.9021840" lon="77.5233330">
    <ele>835.9</ele>
    <time>2026-07-05T01:14:09Z</time>
   </trkpt>
   <trkpt lat="12.9021640" lon="77.5233160">
    <ele>835.8</ele>
    <time>2026-07-05T01:14:10Z</time>
   </trkpt>
   <trkpt lat="12.9021460" lon="77.5232990">
    <ele>835.8</ele>
    <time>2026-07-05T01:14:11Z</time>
   </trkpt>
   <trkpt lat="12.9021300" lon="77.5232800">
    <ele>835.8</ele>
    <time>2026-07-05T01:14:12Z</time>
   </trkpt>
   <trkpt lat="12.9021110" lon="77.5232590">
    <ele>835.8</ele>
    <time>2026-07-05T01:14:13Z</time>
   </trkpt>
   <trkpt lat="12.9020960" lon="77.5232420">
    <ele>835.8</ele>
    <time>2026-07-05T01:14:14Z</time>
   </trkpt>
   <trkpt lat="12.9020790" lon="77.5232240">
    <ele>835.7</ele>
    <time>2026-07-05T01:14:15Z</time>
   </trkpt>
   <trkpt lat="12.9020640" lon="77.5232060">
    <ele>835.7</ele>
    <time>2026-07-05T01:14:16Z</time>
   </trkpt>
   <trkpt lat="12.9020490" lon="77.5231890">
    <ele>835.7</ele>
    <time>2026-07-05T01:14:17Z</time>
   </trkpt>
   <trkpt lat="12.9020360" lon="77.5231710">
    <ele>835.7</ele>
    <time>2026-07-05T01:14:18Z</time>
   </trkpt>
   <trkpt lat="12.9020210" lon="77.5231530">
    <ele>835.7</ele>
    <time>2026-07-05T01:14:19Z</time>
   </trkpt>
   <trkpt lat="12.9020080" lon="77.5231340">
    <ele>835.7</ele>
    <time>2026-07-05T01:14:20Z</time>
   </trkpt>
   <trkpt lat="12.9019950" lon="77.5231150">
    <ele>835.6</ele>
    <time>2026-07-05T01:14:21Z</time>
   </trkpt>
   <trkpt lat="12.9019840" lon="77.5230940">
    <ele>835.6</ele>
    <time>2026-07-05T01:14:22Z</time>
   </trkpt>
   <trkpt lat="12.9019750" lon="77.5230710">
    <ele>835.6</ele>
    <time>2026-07-05T01:14:23Z</time>
   </trkpt>
   <trkpt lat="12.9019640" lon="77.5230450">
    <ele>835.6</ele>
    <time>2026-07-05T01:14:24Z</time>
   </trkpt>
   <trkpt lat="12.9019450" lon="77.5230270">
    <ele>835.6</ele>
    <time>2026-07-05T01:14:25Z</time>
   </trkpt>
   <trkpt lat="12.9019290" lon="77.5230080">
    <ele>835.5</ele>
    <time>2026-07-05T01:14:26Z</time>
   </trkpt>
   <trkpt lat="12.9019080" lon="77.5229880">
    <ele>835.5</ele>
    <time>2026-07-05T01:14:27Z</time>
   </trkpt>
   <trkpt lat="12.9018900" lon="77.5229710">
    <ele>835.5</ele>
    <time>2026-07-05T01:14:28Z</time>
   </trkpt>
   <trkpt lat="12.9018720" lon="77.5229490">
    <ele>835.5</ele>
    <time>2026-07-05T01:14:29Z</time>
   </trkpt>
   <trkpt lat="12.9018550" lon="77.5229310">
    <ele>835.4</ele>
    <time>2026-07-05T01:14:30Z</time>
   </trkpt>
   <trkpt lat="12.9018390" lon="77.5229120">
    <ele>835.4</ele>
    <time>2026-07-05T01:14:31Z</time>
   </trkpt>
   <trkpt lat="12.9018250" lon="77.5228930">
    <ele>835.4</ele>
    <time>2026-07-05T01:14:32Z</time>
   </trkpt>
   <trkpt lat="12.9018100" lon="77.5228740">
    <ele>835.4</ele>
    <time>2026-07-05T01:14:33Z</time>
   </trkpt>
   <trkpt lat="12.9017950" lon="77.5228510">
    <ele>835.3</ele>
    <time>2026-07-05T01:14:34Z</time>
   </trkpt>
   <trkpt lat="12.9017810" lon="77.5228310">
    <ele>835.3</ele>
    <time>2026-07-05T01:14:35Z</time>
   </trkpt>
   <trkpt lat="12.9017690" lon="77.5228100">
    <ele>835.3</ele>
    <time>2026-07-05T01:14:36Z</time>
   </trkpt>
   <trkpt lat="12.9017560" lon="77.5227870">
    <ele>835.3</ele>
    <time>2026-07-05T01:14:37Z</time>
   </trkpt>
   <trkpt lat="12.9017420" lon="77.5227670">
    <ele>835.3</ele>
    <time>2026-07-05T01:14:38Z</time>
   </trkpt>
   <trkpt lat="12.9017260" lon="77.5227490">
    <ele>835.2</ele>
    <time>2026-07-05T01:14:39Z</time>
   </trkpt>
   <trkpt lat="12.9017120" lon="77.5227310">
    <ele>835.2</ele>
    <time>2026-07-05T01:14:40Z</time>
   </trkpt>
   <trkpt lat="12.9016980" lon="77.5227140">
    <ele>835.2</ele>
    <time>2026-07-05T01:14:41Z</time>
   </trkpt>
   <trkpt lat="12.9016870" lon="77.5226970">
    <ele>835.2</ele>
    <time>2026-07-05T01:14:42Z</time>
   </trkpt>
   <trkpt lat="12.9016730" lon="77.5226760">
    <ele>835.2</ele>
    <time>2026-07-05T01:14:43Z</time>
   </trkpt>
   <trkpt lat="12.9016580" lon="77.5226540">
    <ele>835.1</ele>
    <time>2026-07-05T01:14:44Z</time>
   </trkpt>
   <trkpt lat="12.9016390" lon="77.5226280">
    <ele>835.1</ele>
    <time>2026-07-05T01:14:45Z</time>
   </trkpt>
   <trkpt lat="12.9016260" lon="77.5226150">
    <ele>835.1</ele>
    <time>2026-07-05T01:14:46Z</time>
   </trkpt>
   <trkpt lat="12.9016130" lon="77.5225970">
    <ele>835.1</ele>
    <time>2026-07-05T01:14:47Z</time>
   </trkpt>
   <trkpt lat="12.9015960" lon="77.5225790">
    <ele>835.1</ele>
    <time>2026-07-05T01:14:48Z</time>
   </trkpt>
   <trkpt lat="12.9015780" lon="77.5225630">
    <ele>835.1</ele>
    <time>2026-07-05T01:14:49Z</time>
   </trkpt>
   <trkpt lat="12.9015610" lon="77.5225470">
    <ele>835.0</ele>
    <time>2026-07-05T01:14:50Z</time>
   </trkpt>
   <trkpt lat="12.9015460" lon="77.5225290">
    <ele>835.0</ele>
    <time>2026-07-05T01:14:51Z</time>
   </trkpt>
   <trkpt lat="12.9015290" lon="77.5225120">
    <ele>835.0</ele>
    <time>2026-07-05T01:14:52Z</time>
   </trkpt>
   <trkpt lat="12.9015140" lon="77.5224900">
    <ele>835.0</ele>
    <time>2026-07-05T01:14:53Z</time>
   </trkpt>
   <trkpt lat="12.9015010" lon="77.5224710">
    <ele>835.0</ele>
    <time>2026-07-05T01:14:54Z</time>
   </trkpt>
   <trkpt lat="12.9014860" lon="77.5224550">
    <ele>835.0</ele>
    <time>2026-07-05T01:14:55Z</time>
   </trkpt>
   <trkpt lat="12.9014720" lon="77.5224360">
    <ele>835.0</ele>
    <time>2026-07-05T01:14:56Z</time>
   </trkpt>
   <trkpt lat="12.9014600" lon="77.5224160">
    <ele>834.9</ele>
    <time>2026-07-05T01:14:57Z</time>
   </trkpt>
   <trkpt lat="12.9014480" lon="77.5223930">
    <ele>834.9</ele>
    <time>2026-07-05T01:14:58Z</time>
   </trkpt>
   <trkpt lat="12.9014350" lon="77.5223720">
    <ele>834.9</ele>
    <time>2026-07-05T01:14:59Z</time>
   </trkpt>
   <trkpt lat="12.9014200" lon="77.5223510">
    <ele>834.9</ele>
    <time>2026-07-05T01:15:00Z</time>
   </trkpt>
   <trkpt lat="12.9014040" lon="77.5223310">
    <ele>834.9</ele>
    <time>2026-07-05T01:15:01Z</time>
   </trkpt>
   <trkpt lat="12.9013890" lon="77.5223100">
    <ele>834.9</ele>
    <time>2026-07-05T01:15:02Z</time>
   </trkpt>
   <trkpt lat="12.9013750" lon="77.5222890">
    <ele>834.9</ele>
    <time>2026-07-05T01:15:03Z</time>
   </trkpt>
   <trkpt lat="12.9013600" lon="77.5222600">
    <ele>834.8</ele>
    <time>2026-07-05T01:15:05Z</time>
   </trkpt>
   <trkpt lat="12.9013410" lon="77.5222270">
    <ele>834.8</ele>
    <time>2026-07-05T01:15:06Z</time>
   </trkpt>
   <trkpt lat="12.9013260" lon="77.5222010">
    <ele>834.8</ele>
    <time>2026-07-05T01:15:07Z</time>
   </trkpt>
   <trkpt lat="12.9013070" lon="77.5221790">
    <ele>834.8</ele>
    <time>2026-07-05T01:15:08Z</time>
   </trkpt>
   <trkpt lat="12.9012890" lon="77.5221580">
    <ele>834.8</ele>
    <time>2026-07-05T01:15:09Z</time>
   </trkpt>
   <trkpt lat="12.9012710" lon="77.5221390">
    <ele>834.8</ele>
    <time>2026-07-05T01:15:10Z</time>
   </trkpt>
   <trkpt lat="12.9012510" lon="77.5221170">
    <ele>834.8</ele>
    <time>2026-07-05T01:15:11Z</time>
   </trkpt>
   <trkpt lat="12.9012380" lon="77.5220970">
    <ele>834.8</ele>
    <time>2026-07-05T01:15:12Z</time>
   </trkpt>
   <trkpt lat="12.9012180" lon="77.5220770">
    <ele>834.8</ele>
    <time>2026-07-05T01:15:13Z</time>
   </trkpt>
   <trkpt lat="12.9011980" lon="77.5220590">
    <ele>834.7</ele>
    <time>2026-07-05T01:15:14Z</time>
   </trkpt>
   <trkpt lat="12.9011790" lon="77.5220440">
    <ele>834.7</ele>
    <time>2026-07-05T01:15:15Z</time>
   </trkpt>
   <trkpt lat="12.9011630" lon="77.5220290">
    <ele>834.7</ele>
    <time>2026-07-05T01:15:16Z</time>
   </trkpt>
   <trkpt lat="12.9011460" lon="77.5220120">
    <ele>834.7</ele>
    <time>2026-07-05T01:15:17Z</time>
   </trkpt>
   <trkpt lat="12.9011240" lon="77.5219920">
    <ele>834.7</ele>
    <time>2026-07-05T01:15:18Z</time>
   </trkpt>
   <trkpt lat="12.9011080" lon="77.5219740">
    <ele>834.7</ele>
    <time>2026-07-05T01:15:19Z</time>
   </trkpt>
   <trkpt lat="12.9010960" lon="77.5219550">
    <ele>834.7</ele>
    <time>2026-07-05T01:15:20Z</time>
   </trkpt>
   <trkpt lat="12.9010840" lon="77.5219340">
    <ele>834.7</ele>
    <time>2026-07-05T01:15:21Z</time>
   </trkpt>
   <trkpt lat="12.9010710" lon="77.5219150">
    <ele>834.7</ele>
    <time>2026-07-05T01:15:22Z</time>
   </trkpt>
   <trkpt lat="12.9010590" lon="77.5218970">
    <ele>834.6</ele>
    <time>2026-07-05T01:15:23Z</time>
   </trkpt>
   <trkpt lat="12.9010460" lon="77.5218790">
    <ele>834.6</ele>
    <time>2026-07-05T01:15:24Z</time>
   </trkpt>
   <trkpt lat="12.9010320" lon="77.5218600">
    <ele>834.6</ele>
    <time>2026-07-05T01:15:25Z</time>
   </trkpt>
   <trkpt lat="12.9010180" lon="77.5218400">
    <ele>834.6</ele>
    <time>2026-07-05T01:15:26Z</time>
   </trkpt>
   <trkpt lat="12.9010050" lon="77.5218190">
    <ele>834.6</ele>
    <time>2026-07-05T01:15:27Z</time>
   </trkpt>
   <trkpt lat="12.9009930" lon="77.5217960">
    <ele>834.6</ele>
    <time>2026-07-05T01:15:28Z</time>
   </trkpt>
   <trkpt lat="12.9009760" lon="77.5217650">
    <ele>834.6</ele>
    <time>2026-07-05T01:15:29Z</time>
   </trkpt>
   <trkpt lat="12.9009680" lon="77.5217540">
    <ele>834.6</ele>
    <time>2026-07-05T01:15:30Z</time>
   </trkpt>
   <trkpt lat="12.9009510" lon="77.5217260">
    <ele>834.5</ele>
    <time>2026-07-05T01:15:31Z</time>
   </trkpt>
   <trkpt lat="12.9009420" lon="77.5217100">
    <ele>834.5</ele>
    <time>2026-07-05T01:15:32Z</time>
   </trkpt>
   <trkpt lat="12.9009270" lon="77.5216920">
    <ele>834.5</ele>
    <time>2026-07-05T01:15:33Z</time>
   </trkpt>
   <trkpt lat="12.9009110" lon="77.5216760">
    <ele>834.5</ele>
    <time>2026-07-05T01:15:34Z</time>
   </trkpt>
   <trkpt lat="12.9008910" lon="77.5216610">
    <ele>834.5</ele>
    <time>2026-07-05T01:15:35Z</time>
   </trkpt>
   <trkpt lat="12.9008750" lon="77.5216460">
    <ele>834.5</ele>
    <time>2026-07-05T01:15:36Z</time>
   </trkpt>
   <trkpt lat="12.9008580" lon="77.5216290">
    <ele>834.5</ele>
    <time>2026-07-05T01:15:37Z</time>
   </trkpt>
   <trkpt lat="12.9008400" lon="77.5216120">
    <ele>834.5</ele>
    <time>2026-07-05T01:15:38Z</time>
   </trkpt>
   <trkpt lat="12.9008230" lon="77.5215950">
    <ele>834.4</ele>
    <time>2026-07-05T01:15:39Z</time>
   </trkpt>
   <trkpt lat="12.9008080" lon="77.5215750">
    <ele>834.4</ele>
    <time>2026-07-05T01:15:40Z</time>
   </trkpt>
   <trkpt lat="12.9007940" lon="77.5215560">
    <ele>834.4</ele>
    <time>2026-07-05T01:15:41Z</time>
   </trkpt>
   <trkpt lat="12.9007810" lon="77.5215390">
    <ele>834.4</ele>
    <time>2026-07-05T01:15:42Z</time>
   </trkpt>
   <trkpt lat="12.9007650" lon="77.5215160">
    <ele>834.4</ele>
    <time>2026-07-05T01:15:43Z</time>
   </trkpt>
   <trkpt lat="12.9007500" lon="77.5214990">
    <ele>834.4</ele>
    <time>2026-07-05T01:15:44Z</time>
   </trkpt>
   <trkpt lat="12.9007370" lon="77.5214840">
    <ele>834.4</ele>
    <time>2026-07-05T01:15:45Z</time>
   </trkpt>
   <trkpt lat="12.9007210" lon="77.5214670">
    <ele>834.4</ele>
    <time>2026-07-05T01:15:46Z</time>
   </trkpt>
   <trkpt lat="12.9007060" lon="77.5214470">
    <ele>834.4</ele>
    <time>2026-07-05T01:15:47Z</time>
   </trkpt>
   <trkpt lat="12.9006930" lon="77.5214260">
    <ele>834.4</ele>
    <time>2026-07-05T01:15:48Z</time>
   </trkpt>
   <trkpt lat="12.9006820" lon="77.5213980">
    <ele>834.4</ele>
    <time>2026-07-05T01:15:49Z</time>
   </trkpt>
   <trkpt lat="12.9006700" lon="77.5213770">
    <ele>834.3</ele>
    <time>2026-07-05T01:15:50Z</time>
   </trkpt>
   <trkpt lat="12.9006550" lon="77.5213620">
    <ele>834.3</ele>
    <time>2026-07-05T01:15:51Z</time>
   </trkpt>
   <trkpt lat="12.9006380" lon="77.5213470">
    <ele>834.3</ele>
    <time>2026-07-05T01:15:52Z</time>
   </trkpt>
   <trkpt lat="12.9006250" lon="77.5213270">
    <ele>834.3</ele>
    <time>2026-07-05T01:15:53Z</time>
   </trkpt>
   <trkpt lat="12.9006140" lon="77.5213050">
    <ele>834.3</ele>
    <time>2026-07-05T01:15:54Z</time>
   </trkpt>
   <trkpt lat="12.9005990" lon="77.5212840">
    <ele>834.3</ele>
    <time>2026-07-05T01:15:55Z</time>
   </trkpt>
   <trkpt lat="12.9005850" lon="77.5212660">
    <ele>834.3</ele>
    <time>2026-07-05T01:15:56Z</time>
   </trkpt>
   <trkpt lat="12.9005670" lon="77.5212500">
    <ele>834.3</ele>
    <time>2026-07-05T01:15:57Z</time>
   </trkpt>
   <trkpt lat="12.9005500" lon="77.5212320">
    <ele>834.3</ele>
    <time>2026-07-05T01:15:58Z</time>
   </trkpt>
   <trkpt lat="12.9005330" lon="77.5212150">
    <ele>834.3</ele>
    <time>2026-07-05T01:15:59Z</time>
   </trkpt>
   <trkpt lat="12.9005180" lon="77.5211950">
    <ele>834.3</ele>
    <time>2026-07-05T01:16:00Z</time>
   </trkpt>
   <trkpt lat="12.9005030" lon="77.5211740">
    <ele>834.3</ele>
    <time>2026-07-05T01:16:01Z</time>
   </trkpt>
   <trkpt lat="12.9004880" lon="77.5211560">
    <ele>834.2</ele>
    <time>2026-07-05T01:16:02Z</time>
   </trkpt>
   <trkpt lat="12.9004720" lon="77.5211390">
    <ele>834.2</ele>
    <time>2026-07-05T01:16:03Z</time>
   </trkpt>
   <trkpt lat="12.9004610" lon="77.5211240">
    <ele>834.2</ele>
    <time>2026-07-05T01:16:04Z</time>
   </trkpt>
   <trkpt lat="12.9004450" lon="77.5211050">
    <ele>834.2</ele>
    <time>2026-07-05T01:16:05Z</time>
   </trkpt>
   <trkpt lat="12.9004290" lon="77.5210870">
    <ele>834.2</ele>
    <time>2026-07-05T01:16:06Z</time>
   </trkpt>
   <trkpt lat="12.9004110" lon="77.5210680">
    <ele>834.1</ele>
    <time>2026-07-05T01:16:07Z</time>
   </trkpt>
   <trkpt lat="12.9003980" lon="77.5210490">
    <ele>834.1</ele>
    <time>2026-07-05T01:16:08Z</time>
   </trkpt>
   <trkpt lat="12.9003830" lon="77.5210310">
    <ele>834.1</ele>
    <time>2026-07-05T01:16:09Z</time>
   </trkpt>
   <trkpt lat="12.9003670" lon="77.5210120">
    <ele>834.1</ele>
    <time>2026-07-05T01:16:10Z</time>
   </trkpt>
   <trkpt lat="12.9003510" lon="77.5209910">
    <ele>834.1</ele>
    <time>2026-07-05T01:16:11Z</time>
   </trkpt>
   <trkpt lat="12.9003310" lon="77.5209780">
    <ele>834.1</ele>
    <time>2026-07-05T01:16:12Z</time>
   </trkpt>
   <trkpt lat="12.9003100" lon="77.5209540">
    <ele>834.1</ele>
    <time>2026-07-05T01:16:13Z</time>
   </trkpt>
   <trkpt lat="12.9002950" lon="77.5209280">
    <ele>834.1</ele>
    <time>2026-07-05T01:16:14Z</time>
   </trkpt>
   <trkpt lat="12.9002790" lon="77.5209040">
    <ele>834.1</ele>
    <time>2026-07-05T01:16:15Z</time>
   </trkpt>
   <trkpt lat="12.9002600" lon="77.5208790">
    <ele>834.1</ele>
    <time>2026-07-05T01:16:16Z</time>
   </trkpt>
   <trkpt lat="12.9002430" lon="77.5208590">
    <ele>834.1</ele>
    <time>2026-07-05T01:16:17Z</time>
   </trkpt>
   <trkpt lat="12.9002260" lon="77.5208340">
    <ele>834.0</ele>
    <time>2026-07-05T01:16:18Z</time>
   </trkpt>
   <trkpt lat="12.9002080" lon="77.5208140">
    <ele>834.0</ele>
    <time>2026-07-05T01:16:19Z</time>
   </trkpt>
   <trkpt lat="12.9001930" lon="77.5207940">
    <ele>834.0</ele>
    <time>2026-07-05T01:16:20Z</time>
   </trkpt>
   <trkpt lat="12.9001780" lon="77.5207710">
    <ele>834.0</ele>
    <time>2026-07-05T01:16:21Z</time>
   </trkpt>
   <trkpt lat="12.9001610" lon="77.5207510">
    <ele>834.0</ele>
    <time>2026-07-05T01:16:22Z</time>
   </trkpt>
   <trkpt lat="12.9001460" lon="77.5207270">
    <ele>834.0</ele>
    <time>2026-07-05T01:16:23Z</time>
   </trkpt>
   <trkpt lat="12.9001310" lon="77.5207140">
    <ele>834.0</ele>
    <time>2026-07-05T01:16:24Z</time>
   </trkpt>
   <trkpt lat="12.9001130" lon="77.5206960">
    <ele>834.0</ele>
    <time>2026-07-05T01:16:25Z</time>
   </trkpt>
   <trkpt lat="12.9000960" lon="77.5206800">
    <ele>833.9</ele>
    <time>2026-07-05T01:16:26Z</time>
   </trkpt>
   <trkpt lat="12.9000800" lon="77.5206610">
    <ele>833.9</ele>
    <time>2026-07-05T01:16:27Z</time>
   </trkpt>
   <trkpt lat="12.9000660" lon="77.5206400">
    <ele>833.9</ele>
    <time>2026-07-05T01:16:28Z</time>
   </trkpt>
   <trkpt lat="12.9000530" lon="77.5206210">
    <ele>833.9</ele>
    <time>2026-07-05T01:16:29Z</time>
   </trkpt>
   <trkpt lat="12.9000380" lon="77.5206030">
    <ele>833.9</ele>
    <time>2026-07-05T01:16:30Z</time>
   </trkpt>
   <trkpt lat="12.9000210" lon="77.5205850">
    <ele>833.9</ele>
    <time>2026-07-05T01:16:31Z</time>
   </trkpt>
   <trkpt lat="12.9000110" lon="77.5205640">
    <ele>833.9</ele>
    <time>2026-07-05T01:16:32Z</time>
   </trkpt>
   <trkpt lat="12.8999980" lon="77.5205450">
    <ele>833.8</ele>
    <time>2026-07-05T01:16:33Z</time>
   </trkpt>
   <trkpt lat="12.8999830" lon="77.5205240">
    <ele>833.8</ele>
    <time>2026-07-05T01:16:34Z</time>
   </trkpt>
   <trkpt lat="12.8999700" lon="77.5205040">
    <ele>833.8</ele>
    <time>2026-07-05T01:16:35Z</time>
   </trkpt>
   <trkpt lat="12.8999540" lon="77.5204850">
    <ele>833.8</ele>
    <time>2026-07-05T01:16:36Z</time>
   </trkpt>
   <trkpt lat="12.8999380" lon="77.5204660">
    <ele>833.8</ele>
    <time>2026-07-05T01:16:37Z</time>
   </trkpt>
   <trkpt lat="12.8999250" lon="77.5204480">
    <ele>833.8</ele>
    <time>2026-07-05T01:16:38Z</time>
   </trkpt>
   <trkpt lat="12.8999110" lon="77.5204280">
    <ele>833.8</ele>
    <time>2026-07-05T01:16:39Z</time>
   </trkpt>
   <trkpt lat="12.8998980" lon="77.5204070">
    <ele>833.8</ele>
    <time>2026-07-05T01:16:40Z</time>
   </trkpt>
   <trkpt lat="12.8998830" lon="77.5203870">
    <ele>833.7</ele>
    <time>2026-07-05T01:16:41Z</time>
   </trkpt>
   <trkpt lat="12.8998690" lon="77.5203650">
    <ele>833.7</ele>
    <time>2026-07-05T01:16:42Z</time>
   </trkpt>
   <trkpt lat="12.8998530" lon="77.5203350">
    <ele>833.7</ele>
    <time>2026-07-05T01:16:43Z</time>
   </trkpt>
   <trkpt lat="12.8998430" lon="77.5203220">
    <ele>833.7</ele>
    <time>2026-07-05T01:16:44Z</time>
   </trkpt>
   <trkpt lat="12.8998280" lon="77.5203040">
    <ele>833.7</ele>
    <time>2026-07-05T01:16:45Z</time>
   </trkpt>
   <trkpt lat="12.8998110" lon="77.5202900">
    <ele>833.7</ele>
    <time>2026-07-05T01:16:46Z</time>
   </trkpt>
   <trkpt lat="12.8997930" lon="77.5202750">
    <ele>833.7</ele>
    <time>2026-07-05T01:16:47Z</time>
   </trkpt>
   <trkpt lat="12.8997770" lon="77.5202570">
    <ele>833.7</ele>
    <time>2026-07-05T01:16:48Z</time>
   </trkpt>
   <trkpt lat="12.8997600" lon="77.5202400">
    <ele>833.6</ele>
    <time>2026-07-05T01:16:49Z</time>
   </trkpt>
   <trkpt lat="12.8997430" lon="77.5202240">
    <ele>833.6</ele>
    <time>2026-07-05T01:16:50Z</time>
   </trkpt>
   <trkpt lat="12.8997250" lon="77.5202100">
    <ele>833.6</ele>
    <time>2026-07-05T01:16:51Z</time>
   </trkpt>
   <trkpt lat="12.8997100" lon="77.5201900">
    <ele>833.6</ele>
    <time>2026-07-05T01:16:52Z</time>
   </trkpt>
   <trkpt lat="12.8996940" lon="77.5201720">
    <ele>833.6</ele>
    <time>2026-07-05T01:16:53Z</time>
   </trkpt>
   <trkpt lat="12.8996810" lon="77.5201520">
    <ele>833.6</ele>
    <time>2026-07-05T01:16:54Z</time>
   </trkpt>
   <trkpt lat="12.8996680" lon="77.5201300">
    <ele>833.6</ele>
    <time>2026-07-05T01:16:55Z</time>
   </trkpt>
   <trkpt lat="12.8996560" lon="77.5201110">
    <ele>833.6</ele>
    <time>2026-07-05T01:16:56Z</time>
   </trkpt>
   <trkpt lat="12.8996430" lon="77.5200880">
    <ele>833.5</ele>
    <time>2026-07-05T01:16:57Z</time>
   </trkpt>
   <trkpt lat="12.8996270" lon="77.5200720">
    <ele>833.5</ele>
    <time>2026-07-05T01:16:58Z</time>
   </trkpt>
   <trkpt lat="12.8996130" lon="77.5200550">
    <ele>833.5</ele>
    <time>2026-07-05T01:16:59Z</time>
   </trkpt>
   <trkpt lat="12.8996020" lon="77.5200390">
    <ele>833.5</ele>
    <time>2026-07-05T01:17:00Z</time>
   </trkpt>
   <trkpt lat="12.8995890" lon="77.5200210">
    <ele>833.5</ele>
    <time>2026-07-05T01:17:01Z</time>
   </trkpt>
   <trkpt lat="12.8995720" lon="77.5199990">
    <ele>833.5</ele>
    <time>2026-07-05T01:17:02Z</time>
   </trkpt>
   <trkpt lat="12.8995570" lon="77.5199830">
    <ele>833.5</ele>
    <time>2026-07-05T01:17:03Z</time>
   </trkpt>
   <trkpt lat="12.8995420" lon="77.5199640">
    <ele>833.5</ele>
    <time>2026-07-05T01:17:04Z</time>
   </trkpt>
   <trkpt lat="12.8995310" lon="77.5199420">
    <ele>833.5</ele>
    <time>2026-07-05T01:17:05Z</time>
   </trkpt>
   <trkpt lat="12.8995180" lon="77.5199230">
    <ele>833.4</ele>
    <time>2026-07-05T01:17:06Z</time>
   </trkpt>
   <trkpt lat="12.8995010" lon="77.5199020">
    <ele>833.4</ele>
    <time>2026-07-05T01:17:07Z</time>
   </trkpt>
   <trkpt lat="12.8994880" lon="77.5198860">
    <ele>833.4</ele>
    <time>2026-07-05T01:17:08Z</time>
   </trkpt>
   <trkpt lat="12.8994740" lon="77.5198680">
    <ele>833.4</ele>
    <time>2026-07-05T01:17:09Z</time>
   </trkpt>
   <trkpt lat="12.8994590" lon="77.5198440">
    <ele>833.4</ele>
    <time>2026-07-05T01:17:10Z</time>
   </trkpt>
   <trkpt lat="12.8994430" lon="77.5198210">
    <ele>833.4</ele>
    <time>2026-07-05T01:17:11Z</time>
   </trkpt>
   <trkpt lat="12.8994260" lon="77.5198010">
    <ele>833.4</ele>
    <time>2026-07-05T01:17:12Z</time>
   </trkpt>
   <trkpt lat="12.8994090" lon="77.5197820">
    <ele>833.4</ele>
    <time>2026-07-05T01:17:13Z</time>
   </trkpt>
   <trkpt lat="12.8993960" lon="77.5197610">
    <ele>833.4</ele>
    <time>2026-07-05T01:17:14Z</time>
   </trkpt>
   <trkpt lat="12.8993770" lon="77.5197400">
    <ele>833.4</ele>
    <time>2026-07-05T01:17:15Z</time>
   </trkpt>
   <trkpt lat="12.8993630" lon="77.5197200">
    <ele>833.4</ele>
    <time>2026-07-05T01:17:16Z</time>
   </trkpt>
   <trkpt lat="12.8993450" lon="77.5197020">
    <ele>833.4</ele>
    <time>2026-07-05T01:17:17Z</time>
   </trkpt>
   <trkpt lat="12.8993260" lon="77.5196870">
    <ele>833.4</ele>
    <time>2026-07-05T01:17:18Z</time>
   </trkpt>
   <trkpt lat="12.8993080" lon="77.5196730">
    <ele>833.4</ele>
    <time>2026-07-05T01:17:19Z</time>
   </trkpt>
   <trkpt lat="12.8992880" lon="77.5196590">
    <ele>833.3</ele>
    <time>2026-07-05T01:17:20Z</time>
   </trkpt>
   <trkpt lat="12.8992700" lon="77.5196450">
    <ele>833.3</ele>
    <time>2026-07-05T01:17:21Z</time>
   </trkpt>
   <trkpt lat="12.8992570" lon="77.5196180">
    <ele>833.3</ele>
    <time>2026-07-05T01:17:22Z</time>
   </trkpt>
   <trkpt lat="12.8992440" lon="77.5195960">
    <ele>833.3</ele>
    <time>2026-07-05T01:17:23Z</time>
   </trkpt>
   <trkpt lat="12.8992320" lon="77.5195710">
    <ele>833.3</ele>
    <time>2026-07-05T01:17:24Z</time>
   </trkpt>
   <trkpt lat="12.8992210" lon="77.5195480">
    <ele>833.3</ele>
    <time>2026-07-05T01:17:25Z</time>
   </trkpt>
   <trkpt lat="12.8992100" lon="77.5195270">
    <ele>833.3</ele>
    <time>2026-07-05T01:17:26Z</time>
   </trkpt>
   <trkpt lat="12.8991940" lon="77.5195100">
    <ele>833.3</ele>
    <time>2026-07-05T01:17:27Z</time>
   </trkpt>
   <trkpt lat="12.8991780" lon="77.5194950">
    <ele>833.3</ele>
    <time>2026-07-05T01:17:28Z</time>
   </trkpt>
   <trkpt lat="12.8991640" lon="77.5194780">
    <ele>833.3</ele>
    <time>2026-07-05T01:17:29Z</time>
   </trkpt>
   <trkpt lat="12.8991490" lon="77.5194610">
    <ele>833.3</ele>
    <time>2026-07-05T01:17:30Z</time>
   </trkpt>
   <trkpt lat="12.8991330" lon="77.5194460">
    <ele>833.3</ele>
    <time>2026-07-05T01:17:31Z</time>
   </trkpt>
   <trkpt lat="12.8991180" lon="77.5194360">
    <ele>833.3</ele>
    <time>2026-07-05T01:17:32Z</time>
   </trkpt>
   <trkpt lat="12.8991040" lon="77.5194360">
    <ele>833.3</ele>
    <time>2026-07-05T01:17:33Z</time>
   </trkpt>
   <trkpt lat="12.8990920" lon="77.5194350">
    <ele>833.3</ele>
    <time>2026-07-05T01:17:34Z</time>
   </trkpt>
   <trkpt lat="12.8990840" lon="77.5194230">
    <ele>833.3</ele>
    <time>2026-07-05T01:17:35Z</time>
   </trkpt>
   <trkpt lat="12.8990750" lon="77.5194120">
    <ele>833.3</ele>
    <time>2026-07-05T01:17:36Z</time>
   </trkpt>
   <trkpt lat="12.8990700" lon="77.5193960">
    <ele>833.2</ele>
    <time>2026-07-05T01:17:37Z</time>
   </trkpt>
   <trkpt lat="12.8990620" lon="77.5193830">
    <ele>833.2</ele>
    <time>2026-07-05T01:17:38Z</time>
   </trkpt>
   <trkpt lat="12.8990540" lon="77.5193700">
    <ele>833.2</ele>
    <time>2026-07-05T01:17:39Z</time>
   </trkpt>
   <trkpt lat="12.8990480" lon="77.5193560">
    <ele>833.2</ele>
    <time>2026-07-05T01:17:40Z</time>
   </trkpt>
   <trkpt lat="12.8990400" lon="77.5193450">
    <ele>833.2</ele>
    <time>2026-07-05T01:17:41Z</time>
   </trkpt>
   <trkpt lat="12.8990360" lon="77.5193320">
    <ele>833.2</ele>
    <time>2026-07-05T01:17:42Z</time>
   </trkpt>
   <trkpt lat="12.8990420" lon="77.5193140">
    <ele>833.2</ele>
    <time>2026-07-05T01:17:43Z</time>
   </trkpt>
   <trkpt lat="12.8990360" lon="77.5193010">
    <ele>833.2</ele>
    <time>2026-07-05T01:17:44Z</time>
   </trkpt>
   <trkpt lat="12.8990210" lon="77.5192890">
    <ele>833.2</ele>
    <time>2026-07-05T01:17:45Z</time>
   </trkpt>
   <trkpt lat="12.8990070" lon="77.5192770">
    <ele>833.1</ele>
    <time>2026-07-05T01:17:46Z</time>
   </trkpt>
   <trkpt lat="12.8989970" lon="77.5192650">
    <ele>833.1</ele>
    <time>2026-07-05T01:17:47Z</time>
   </trkpt>
   <trkpt lat="12.8989900" lon="77.5192490">
    <ele>833.1</ele>
    <time>2026-07-05T01:17:48Z</time>
   </trkpt>
   <trkpt lat="12.8989820" lon="77.5192360">
    <ele>833.1</ele>
    <time>2026-07-05T01:17:49Z</time>
   </trkpt>
   <trkpt lat="12.8989750" lon="77.5192250">
    <ele>833.1</ele>
    <time>2026-07-05T01:17:50Z</time>
   </trkpt>
   <trkpt lat="12.8989680" lon="77.5192130">
    <ele>833.1</ele>
    <time>2026-07-05T01:17:51Z</time>
   </trkpt>
   <trkpt lat="12.8989600" lon="77.5192020">
    <ele>833.1</ele>
    <time>2026-07-05T01:17:52Z</time>
   </trkpt>
   <trkpt lat="12.8989510" lon="77.5191870">
    <ele>833.1</ele>
    <time>2026-07-05T01:17:53Z</time>
   </trkpt>
   <trkpt lat="12.8989450" lon="77.5191790">
    <ele>833.1</ele>
    <time>2026-07-05T01:17:54Z</time>
   </trkpt>
   <trkpt lat="12.8989370" lon="77.5191700">
    <ele>833.1</ele>
    <time>2026-07-05T01:17:55Z</time>
   </trkpt>
   <trkpt lat="12.8989250" lon="77.5191590">
    <ele>833.1</ele>
    <time>2026-07-05T01:17:56Z</time>
   </trkpt>
   <trkpt lat="12.8989110" lon="77.5191450">
    <ele>833.0</ele>
    <time>2026-07-05T01:17:57Z</time>
   </trkpt>
   <trkpt lat="12.8988900" lon="77.5191310">
    <ele>833.0</ele>
    <time>2026-07-05T01:17:58Z</time>
   </trkpt>
   <trkpt lat="12.8988700" lon="77.5191130">
    <ele>833.0</ele>
    <time>2026-07-05T01:17:59Z</time>
   </trkpt>
   <trkpt lat="12.8988530" lon="77.5190940">
    <ele>833.0</ele>
    <time>2026-07-05T01:18:00Z</time>
   </trkpt>
   <trkpt lat="12.8988390" lon="77.5190730">
    <ele>833.0</ele>
    <time>2026-07-05T01:18:01Z</time>
   </trkpt>
   <trkpt lat="12.8988220" lon="77.5190550">
    <ele>833.0</ele>
    <time>2026-07-05T01:18:02Z</time>
   </trkpt>
   <trkpt lat="12.8988060" lon="77.5190350">
    <ele>833.0</ele>
    <time>2026-07-05T01:18:03Z</time>
   </trkpt>
   <trkpt lat="12.8987880" lon="77.5190140">
    <ele>833.0</ele>
    <time>2026-07-05T01:18:04Z</time>
   </trkpt>
   <trkpt lat="12.8987710" lon="77.5189900">
    <ele>832.9</ele>
    <time>2026-07-05T01:18:05Z</time>
   </trkpt>
   <trkpt lat="12.8987560" lon="77.5189650">
    <ele>832.9</ele>
    <time>2026-07-05T01:18:06Z</time>
   </trkpt>
   <trkpt lat="12.8987400" lon="77.5189380">
    <ele>832.9</ele>
    <time>2026-07-05T01:18:07Z</time>
   </trkpt>
   <trkpt lat="12.8987240" lon="77.5189140">
    <ele>832.9</ele>
    <time>2026-07-05T01:18:08Z</time>
   </trkpt>
   <trkpt lat="12.8987070" lon="77.5188900">
    <ele>832.9</ele>
    <time>2026-07-05T01:18:09Z</time>
   </trkpt>
   <trkpt lat="12.8986900" lon="77.5188690">
    <ele>832.9</ele>
    <time>2026-07-05T01:18:10Z</time>
   </trkpt>
   <trkpt lat="12.8986730" lon="77.5188480">
    <ele>832.9</ele>
    <time>2026-07-05T01:18:11Z</time>
   </trkpt>
   <trkpt lat="12.8986540" lon="77.5188330">
    <ele>832.9</ele>
    <time>2026-07-05T01:18:12Z</time>
   </trkpt>
   <trkpt lat="12.8986410" lon="77.5188180">
    <ele>832.9</ele>
    <time>2026-07-05T01:18:13Z</time>
   </trkpt>
   <trkpt lat="12.8986240" lon="77.5187990">
    <ele>832.8</ele>
    <time>2026-07-05T01:18:14Z</time>
   </trkpt>
   <trkpt lat="12.8986090" lon="77.5187770">
    <ele>832.8</ele>
    <time>2026-07-05T01:18:15Z</time>
   </trkpt>
   <trkpt lat="12.8985960" lon="77.5187570">
    <ele>832.8</ele>
    <time>2026-07-05T01:18:16Z</time>
   </trkpt>
   <trkpt lat="12.8985840" lon="77.5187340">
    <ele>832.8</ele>
    <time>2026-07-05T01:18:17Z</time>
   </trkpt>
   <trkpt lat="12.8985720" lon="77.5187130">
    <ele>832.8</ele>
    <time>2026-07-05T01:18:18Z</time>
   </trkpt>
   <trkpt lat="12.8985590" lon="77.5186940">
    <ele>832.8</ele>
    <time>2026-07-05T01:18:19Z</time>
   </trkpt>
   <trkpt lat="12.8985450" lon="77.5186730">
    <ele>832.7</ele>
    <time>2026-07-05T01:18:20Z</time>
   </trkpt>
   <trkpt lat="12.8985320" lon="77.5186520">
    <ele>832.7</ele>
    <time>2026-07-05T01:18:21Z</time>
   </trkpt>
   <trkpt lat="12.8985200" lon="77.5186320">
    <ele>832.7</ele>
    <time>2026-07-05T01:18:22Z</time>
   </trkpt>
   <trkpt lat="12.8985070" lon="77.5186120">
    <ele>832.7</ele>
    <time>2026-07-05T01:18:23Z</time>
   </trkpt>
   <trkpt lat="12.8984950" lon="77.5185910">
    <ele>832.7</ele>
    <time>2026-07-05T01:18:24Z</time>
   </trkpt>
   <trkpt lat="12.8984830" lon="77.5185700">
    <ele>832.7</ele>
    <time>2026-07-05T01:18:25Z</time>
   </trkpt>
   <trkpt lat="12.8984700" lon="77.5185500">
    <ele>832.6</ele>
    <time>2026-07-05T01:18:26Z</time>
   </trkpt>
   <trkpt lat="12.8984570" lon="77.5185280">
    <ele>832.6</ele>
    <time>2026-07-05T01:18:27Z</time>
   </trkpt>
   <trkpt lat="12.8984410" lon="77.5185090">
    <ele>832.6</ele>
    <time>2026-07-05T01:18:28Z</time>
   </trkpt>
   <trkpt lat="12.8984160" lon="77.5184920">
    <ele>832.6</ele>
    <time>2026-07-05T01:18:29Z</time>
   </trkpt>
   <trkpt lat="12.8983970" lon="77.5184740">
    <ele>832.6</ele>
    <time>2026-07-05T01:18:30Z</time>
   </trkpt>
   <trkpt lat="12.8983810" lon="77.5184520">
    <ele>832.5</ele>
    <time>2026-07-05T01:18:31Z</time>
   </trkpt>
   <trkpt lat="12.8983630" lon="77.5184320">
    <ele>832.5</ele>
    <time>2026-07-05T01:18:32Z</time>
   </trkpt>
   <trkpt lat="12.8983440" lon="77.5184130">
    <ele>832.5</ele>
    <time>2026-07-05T01:18:33Z</time>
   </trkpt>
   <trkpt lat="12.8983250" lon="77.5183920">
    <ele>832.4</ele>
    <time>2026-07-05T01:18:34Z</time>
   </trkpt>
   <trkpt lat="12.8983060" lon="77.5183710">
    <ele>832.4</ele>
    <time>2026-07-05T01:18:35Z</time>
   </trkpt>
   <trkpt lat="12.8982890" lon="77.5183500">
    <ele>832.4</ele>
    <time>2026-07-05T01:18:36Z</time>
   </trkpt>
   <trkpt lat="12.8982710" lon="77.5183300">
    <ele>832.3</ele>
    <time>2026-07-05T01:18:37Z</time>
   </trkpt>
   <trkpt lat="12.8982540" lon="77.5183110">
    <ele>832.3</ele>
    <time>2026-07-05T01:18:38Z</time>
   </trkpt>
   <trkpt lat="12.8982340" lon="77.5182870">
    <ele>832.3</ele>
    <time>2026-07-05T01:18:39Z</time>
   </trkpt>
   <trkpt lat="12.8982150" lon="77.5182650">
    <ele>832.3</ele>
    <time>2026-07-05T01:18:40Z</time>
   </trkpt>
   <trkpt lat="12.8981980" lon="77.5182460">
    <ele>832.2</ele>
    <time>2026-07-05T01:18:41Z</time>
   </trkpt>
   <trkpt lat="12.8981790" lon="77.5182230">
    <ele>832.2</ele>
    <time>2026-07-05T01:18:42Z</time>
   </trkpt>
   <trkpt lat="12.8981610" lon="77.5182020">
    <ele>832.2</ele>
    <time>2026-07-05T01:18:43Z</time>
   </trkpt>
   <trkpt lat="12.8981460" lon="77.5181820">
    <ele>832.2</ele>
    <time>2026-07-05T01:18:44Z</time>
   </trkpt>
   <trkpt lat="12.8981270" lon="77.5181610">
    <ele>832.1</ele>
    <time>2026-07-05T01:18:45Z</time>
   </trkpt>
   <trkpt lat="12.8981110" lon="77.5181410">
    <ele>832.1</ele>
    <time>2026-07-05T01:18:46Z</time>
   </trkpt>
   <trkpt lat="12.8980930" lon="77.5181220">
    <ele>832.1</ele>
    <time>2026-07-05T01:18:47Z</time>
   </trkpt>
   <trkpt lat="12.8980750" lon="77.5181030">
    <ele>832.0</ele>
    <time>2026-07-05T01:18:48Z</time>
   </trkpt>
   <trkpt lat="12.8980580" lon="77.5180830">
    <ele>832.0</ele>
    <time>2026-07-05T01:18:49Z</time>
   </trkpt>
   <trkpt lat="12.8980360" lon="77.5180630">
    <ele>832.0</ele>
    <time>2026-07-05T01:18:50Z</time>
   </trkpt>
   <trkpt lat="12.8980190" lon="77.5180450">
    <ele>831.9</ele>
    <time>2026-07-05T01:18:51Z</time>
   </trkpt>
   <trkpt lat="12.8980000" lon="77.5180210">
    <ele>831.9</ele>
    <time>2026-07-05T01:18:52Z</time>
   </trkpt>
   <trkpt lat="12.8979830" lon="77.5180080">
    <ele>831.9</ele>
    <time>2026-07-05T01:18:53Z</time>
   </trkpt>
   <trkpt lat="12.8979660" lon="77.5179930">
    <ele>831.8</ele>
    <time>2026-07-05T01:18:54Z</time>
   </trkpt>
   <trkpt lat="12.8979470" lon="77.5179740">
    <ele>831.8</ele>
    <time>2026-07-05T01:18:55Z</time>
   </trkpt>
   <trkpt lat="12.8979310" lon="77.5179560">
    <ele>831.8</ele>
    <time>2026-07-05T01:18:56Z</time>
   </trkpt>
   <trkpt lat="12.8979170" lon="77.5179360">
    <ele>831.7</ele>
    <time>2026-07-05T01:18:57Z</time>
   </trkpt>
   <trkpt lat="12.8979010" lon="77.5179170">
    <ele>831.7</ele>
    <time>2026-07-05T01:18:58Z</time>
   </trkpt>
   <trkpt lat="12.8978840" lon="77.5178990">
    <ele>831.7</ele>
    <time>2026-07-05T01:18:59Z</time>
   </trkpt>
   <trkpt lat="12.8978660" lon="77.5178800">
    <ele>831.6</ele>
    <time>2026-07-05T01:19:00Z</time>
   </trkpt>
   <trkpt lat="12.8978490" lon="77.5178620">
    <ele>831.6</ele>
    <time>2026-07-05T01:19:01Z</time>
   </trkpt>
   <trkpt lat="12.8978300" lon="77.5178430">
    <ele>831.6</ele>
    <time>2026-07-05T01:19:02Z</time>
   </trkpt>
   <trkpt lat="12.8978120" lon="77.5178280">
    <ele>831.5</ele>
    <time>2026-07-05T01:19:03Z</time>
   </trkpt>
   <trkpt lat="12.8977980" lon="77.5178080">
    <ele>831.5</ele>
    <time>2026-07-05T01:19:04Z</time>
   </trkpt>
   <trkpt lat="12.8977850" lon="77.5177890">
    <ele>831.5</ele>
    <time>2026-07-05T01:19:05Z</time>
   </trkpt>
   <trkpt lat="12.8977700" lon="77.5177670">
    <ele>831.4</ele>
    <time>2026-07-05T01:19:06Z</time>
   </trkpt>
   <trkpt lat="12.8977540" lon="77.5177460">
    <ele>831.4</ele>
    <time>2026-07-05T01:19:07Z</time>
   </trkpt>
   <trkpt lat="12.8977390" lon="77.5177260">
    <ele>831.3</ele>
    <time>2026-07-05T01:19:08Z</time>
   </trkpt>
   <trkpt lat="12.8977190" lon="77.5177060">
    <ele>831.3</ele>
    <time>2026-07-05T01:19:09Z</time>
   </trkpt>
   <trkpt lat="12.8977000" lon="77.5176880">
    <ele>831.2</ele>
    <time>2026-07-05T01:19:10Z</time>
   </trkpt>
   <trkpt lat="12.8976740" lon="77.5176620">
    <ele>831.2</ele>
    <time>2026-07-05T01:19:11Z</time>
   </trkpt>
   <trkpt lat="12.8976610" lon="77.5176480">
    <ele>831.2</ele>
    <time>2026-07-05T01:19:12Z</time>
   </trkpt>
   <trkpt lat="12.8976430" lon="77.5176290">
    <ele>831.1</ele>
    <time>2026-07-05T01:19:13Z</time>
   </trkpt>
   <trkpt lat="12.8976240" lon="77.5176090">
    <ele>831.1</ele>
    <time>2026-07-05T01:19:14Z</time>
   </trkpt>
   <trkpt lat="12.8976050" lon="77.5175900">
    <ele>831.0</ele>
    <time>2026-07-05T01:19:15Z</time>
   </trkpt>
   <trkpt lat="12.8975850" lon="77.5175690">
    <ele>831.0</ele>
    <time>2026-07-05T01:19:16Z</time>
   </trkpt>
   <trkpt lat="12.8975680" lon="77.5175490">
    <ele>830.9</ele>
    <time>2026-07-05T01:19:17Z</time>
   </trkpt>
   <trkpt lat="12.8975520" lon="77.5175290">
    <ele>830.9</ele>
    <time>2026-07-05T01:19:18Z</time>
   </trkpt>
   <trkpt lat="12.8975330" lon="77.5175110">
    <ele>830.8</ele>
    <time>2026-07-05T01:19:19Z</time>
   </trkpt>
   <trkpt lat="12.8975140" lon="77.5174930">
    <ele>830.8</ele>
    <time>2026-07-05T01:19:20Z</time>
   </trkpt>
   <trkpt lat="12.8974980" lon="77.5174750">
    <ele>830.7</ele>
    <time>2026-07-05T01:19:21Z</time>
   </trkpt>
   <trkpt lat="12.8974790" lon="77.5174580">
    <ele>830.7</ele>
    <time>2026-07-05T01:19:22Z</time>
   </trkpt>
   <trkpt lat="12.8974560" lon="77.5174420">
    <ele>830.6</ele>
    <time>2026-07-05T01:19:23Z</time>
   </trkpt>
   <trkpt lat="12.8974390" lon="77.5174220">
    <ele>830.6</ele>
    <time>2026-07-05T01:19:24Z</time>
   </trkpt>
   <trkpt lat="12.8974230" lon="77.5174020">
    <ele>830.5</ele>
    <time>2026-07-05T01:19:25Z</time>
   </trkpt>
   <trkpt lat="12.8974060" lon="77.5173860">
    <ele>830.5</ele>
    <time>2026-07-05T01:19:26Z</time>
   </trkpt>
   <trkpt lat="12.8973870" lon="77.5173690">
    <ele>830.4</ele>
    <time>2026-07-05T01:19:27Z</time>
   </trkpt>
   <trkpt lat="12.8973670" lon="77.5173510">
    <ele>830.4</ele>
    <time>2026-07-05T01:19:28Z</time>
   </trkpt>
   <trkpt lat="12.8973490" lon="77.5173340">
    <ele>830.3</ele>
    <time>2026-07-05T01:19:29Z</time>
   </trkpt>
   <trkpt lat="12.8973290" lon="77.5173130">
    <ele>830.3</ele>
    <time>2026-07-05T01:19:30Z</time>
   </trkpt>
   <trkpt lat="12.8973110" lon="77.5172950">
    <ele>830.2</ele>
    <time>2026-07-05T01:19:31Z</time>
   </trkpt>
   <trkpt lat="12.8972890" lon="77.5172720">
    <ele>830.1</ele>
    <time>2026-07-05T01:19:32Z</time>
   </trkpt>
   <trkpt lat="12.8972760" lon="77.5172580">
    <ele>830.1</ele>
    <time>2026-07-05T01:19:33Z</time>
   </trkpt>
   <trkpt lat="12.8972570" lon="77.5172430">
    <ele>830.0</ele>
    <time>2026-07-05T01:19:34Z</time>
   </trkpt>
   <trkpt lat="12.8972390" lon="77.5172260">
    <ele>830.0</ele>
    <time>2026-07-05T01:19:35Z</time>
   </trkpt>
   <trkpt lat="12.8972200" lon="77.5172070">
    <ele>829.9</ele>
    <time>2026-07-05T01:19:36Z</time>
   </trkpt>
   <trkpt lat="12.8972020" lon="77.5171880">
    <ele>829.9</ele>
    <time>2026-07-05T01:19:37Z</time>
   </trkpt>
   <trkpt lat="12.8971850" lon="77.5171680">
    <ele>829.8</ele>
    <time>2026-07-05T01:19:38Z</time>
   </trkpt>
   <trkpt lat="12.8971660" lon="77.5171470">
    <ele>829.7</ele>
    <time>2026-07-05T01:19:39Z</time>
   </trkpt>
   <trkpt lat="12.8971480" lon="77.5171270">
    <ele>829.7</ele>
    <time>2026-07-05T01:19:40Z</time>
   </trkpt>
   <trkpt lat="12.8971320" lon="77.5171080">
    <ele>829.6</ele>
    <time>2026-07-05T01:19:41Z</time>
   </trkpt>
   <trkpt lat="12.8971160" lon="77.5170890">
    <ele>829.5</ele>
    <time>2026-07-05T01:19:42Z</time>
   </trkpt>
   <trkpt lat="12.8970990" lon="77.5170720">
    <ele>829.5</ele>
    <time>2026-07-05T01:19:43Z</time>
   </trkpt>
   <trkpt lat="12.8970810" lon="77.5170530">
    <ele>829.4</ele>
    <time>2026-07-05T01:19:44Z</time>
   </trkpt>
   <trkpt lat="12.8970630" lon="77.5170340">
    <ele>829.4</ele>
    <time>2026-07-05T01:19:45Z</time>
   </trkpt>
   <trkpt lat="12.8970450" lon="77.5170160">
    <ele>829.3</ele>
    <time>2026-07-05T01:19:46Z</time>
   </trkpt>
   <trkpt lat="12.8970260" lon="77.5169980">
    <ele>829.2</ele>
    <time>2026-07-05T01:19:47Z</time>
   </trkpt>
   <trkpt lat="12.8970070" lon="77.5169830">
    <ele>829.2</ele>
    <time>2026-07-05T01:19:48Z</time>
   </trkpt>
   <trkpt lat="12.8969880" lon="77.5169670">
    <ele>829.1</ele>
    <time>2026-07-05T01:19:49Z</time>
   </trkpt>
   <trkpt lat="12.8969700" lon="77.5169510">
    <ele>829.1</ele>
    <time>2026-07-05T01:19:50Z</time>
   </trkpt>
   <trkpt lat="12.8969500" lon="77.5169340">
    <ele>829.0</ele>
    <time>2026-07-05T01:19:51Z</time>
   </trkpt>
   <trkpt lat="12.8969310" lon="77.5169170">
    <ele>828.9</ele>
    <time>2026-07-05T01:19:52Z</time>
   </trkpt>
   <trkpt lat="12.8969100" lon="77.5168980">
    <ele>828.8</ele>
    <time>2026-07-05T01:19:53Z</time>
   </trkpt>
   <trkpt lat="12.8968880" lon="77.5168760">
    <ele>828.8</ele>
    <time>2026-07-05T01:19:54Z</time>
   </trkpt>
   <trkpt lat="12.8968710" lon="77.5168580">
    <ele>828.7</ele>
    <time>2026-07-05T01:19:55Z</time>
   </trkpt>
   <trkpt lat="12.8968530" lon="77.5168370">
    <ele>828.6</ele>
    <time>2026-07-05T01:19:56Z</time>
   </trkpt>
   <trkpt lat="12.8968300" lon="77.5168180">
    <ele>828.6</ele>
    <time>2026-07-05T01:19:57Z</time>
   </trkpt>
   <trkpt lat="12.8968100" lon="77.5167970">
    <ele>828.5</ele>
    <time>2026-07-05T01:19:58Z</time>
   </trkpt>
   <trkpt lat="12.8967890" lon="77.5167770">
    <ele>828.4</ele>
    <time>2026-07-05T01:19:59Z</time>
   </trkpt>
   <trkpt lat="12.8967720" lon="77.5167590">
    <ele>828.4</ele>
    <time>2026-07-05T01:20:00Z</time>
   </trkpt>
   <trkpt lat="12.8967510" lon="77.5167390">
    <ele>828.3</ele>
    <time>2026-07-05T01:20:01Z</time>
   </trkpt>
   <trkpt lat="12.8967340" lon="77.5167230">
    <ele>828.2</ele>
    <time>2026-07-05T01:20:02Z</time>
   </trkpt>
   <trkpt lat="12.8967160" lon="77.5167070">
    <ele>828.2</ele>
    <time>2026-07-05T01:20:03Z</time>
   </trkpt>
   <trkpt lat="12.8966980" lon="77.5166890">
    <ele>828.1</ele>
    <time>2026-07-05T01:20:04Z</time>
   </trkpt>
   <trkpt lat="12.8966810" lon="77.5166730">
    <ele>828.1</ele>
    <time>2026-07-05T01:20:05Z</time>
   </trkpt>
   <trkpt lat="12.8966630" lon="77.5166560">
    <ele>828.0</ele>
    <time>2026-07-05T01:20:06Z</time>
   </trkpt>
   <trkpt lat="12.8966440" lon="77.5166400">
    <ele>828.0</ele>
    <time>2026-07-05T01:20:07Z</time>
   </trkpt>
   <trkpt lat="12.8966270" lon="77.5166230">
    <ele>827.9</ele>
    <time>2026-07-05T01:20:08Z</time>
   </trkpt>
   <trkpt lat="12.8966120" lon="77.5166050">
    <ele>827.8</ele>
    <time>2026-07-05T01:20:09Z</time>
   </trkpt>
   <trkpt lat="12.8965930" lon="77.5165830">
    <ele>827.8</ele>
    <time>2026-07-05T01:20:10Z</time>
   </trkpt>
   <trkpt lat="12.8965730" lon="77.5165620">
    <ele>827.7</ele>
    <time>2026-07-05T01:20:11Z</time>
   </trkpt>
   <trkpt lat="12.8965540" lon="77.5165450">
    <ele>827.6</ele>
    <time>2026-07-05T01:20:12Z</time>
   </trkpt>
   <trkpt lat="12.8965310" lon="77.5165290">
    <ele>827.6</ele>
    <time>2026-07-05T01:20:13Z</time>
   </trkpt>
   <trkpt lat="12.8965130" lon="77.5165150">
    <ele>827.5</ele>
    <time>2026-07-05T01:20:14Z</time>
   </trkpt>
   <trkpt lat="12.8964920" lon="77.5164930">
    <ele>827.4</ele>
    <time>2026-07-05T01:20:15Z</time>
   </trkpt>
   <trkpt lat="12.8964740" lon="77.5164730">
    <ele>827.4</ele>
    <time>2026-07-05T01:20:16Z</time>
   </trkpt>
   <trkpt lat="12.8964510" lon="77.5164520">
    <ele>827.3</ele>
    <time>2026-07-05T01:20:17Z</time>
   </trkpt>
   <trkpt lat="12.8964320" lon="77.5164350">
    <ele>827.2</ele>
    <time>2026-07-05T01:20:18Z</time>
   </trkpt>
   <trkpt lat="12.8964140" lon="77.5164200">
    <ele>827.1</ele>
    <time>2026-07-05T01:20:19Z</time>
   </trkpt>
   <trkpt lat="12.8963960" lon="77.5164050">
    <ele>827.1</ele>
    <time>2026-07-05T01:20:20Z</time>
   </trkpt>
   <trkpt lat="12.8963790" lon="77.5163910">
    <ele>827.0</ele>
    <time>2026-07-05T01:20:21Z</time>
   </trkpt>
   <trkpt lat="12.8963620" lon="77.5163720">
    <ele>826.9</ele>
    <time>2026-07-05T01:20:22Z</time>
   </trkpt>
   <trkpt lat="12.8963460" lon="77.5163540">
    <ele>826.9</ele>
    <time>2026-07-05T01:20:23Z</time>
   </trkpt>
   <trkpt lat="12.8963300" lon="77.5163360">
    <ele>826.8</ele>
    <time>2026-07-05T01:20:24Z</time>
   </trkpt>
   <trkpt lat="12.8963120" lon="77.5163190">
    <ele>826.8</ele>
    <time>2026-07-05T01:20:25Z</time>
   </trkpt>
   <trkpt lat="12.8962940" lon="77.5163030">
    <ele>826.7</ele>
    <time>2026-07-05T01:20:26Z</time>
   </trkpt>
   <trkpt lat="12.8962760" lon="77.5162850">
    <ele>826.6</ele>
    <time>2026-07-05T01:20:27Z</time>
   </trkpt>
   <trkpt lat="12.8962580" lon="77.5162660">
    <ele>826.6</ele>
    <time>2026-07-05T01:20:28Z</time>
   </trkpt>
   <trkpt lat="12.8962400" lon="77.5162460">
    <ele>826.5</ele>
    <time>2026-07-05T01:20:29Z</time>
   </trkpt>
   <trkpt lat="12.8962230" lon="77.5162300">
    <ele>826.4</ele>
    <time>2026-07-05T01:20:30Z</time>
   </trkpt>
   <trkpt lat="12.8962050" lon="77.5162130">
    <ele>826.4</ele>
    <time>2026-07-05T01:20:31Z</time>
   </trkpt>
   <trkpt lat="12.8961800" lon="77.5161970">
    <ele>826.3</ele>
    <time>2026-07-05T01:20:32Z</time>
   </trkpt>
   <trkpt lat="12.8961610" lon="77.5161830">
    <ele>826.2</ele>
    <time>2026-07-05T01:20:33Z</time>
   </trkpt>
   <trkpt lat="12.8961420" lon="77.5161660">
    <ele>826.1</ele>
    <time>2026-07-05T01:20:34Z</time>
   </trkpt>
   <trkpt lat="12.8961240" lon="77.5161510">
    <ele>826.1</ele>
    <time>2026-07-05T01:20:35Z</time>
   </trkpt>
   <trkpt lat="12.8961070" lon="77.5161360">
    <ele>826.0</ele>
    <time>2026-07-05T01:20:36Z</time>
   </trkpt>
   <trkpt lat="12.8960900" lon="77.5161220">
    <ele>825.9</ele>
    <time>2026-07-05T01:20:37Z</time>
   </trkpt>
   <trkpt lat="12.8960710" lon="77.5161070">
    <ele>825.9</ele>
    <time>2026-07-05T01:20:38Z</time>
   </trkpt>
   <trkpt lat="12.8960560" lon="77.5160860">
    <ele>825.8</ele>
    <time>2026-07-05T01:20:39Z</time>
   </trkpt>
   <trkpt lat="12.8960410" lon="77.5160660">
    <ele>825.8</ele>
    <time>2026-07-05T01:20:40Z</time>
   </trkpt>
   <trkpt lat="12.8960230" lon="77.5160470">
    <ele>825.7</ele>
    <time>2026-07-05T01:20:41Z</time>
   </trkpt>
   <trkpt lat="12.8960070" lon="77.5160290">
    <ele>825.6</ele>
    <time>2026-07-05T01:20:42Z</time>
   </trkpt>
   <trkpt lat="12.8959860" lon="77.5160130">
    <ele>825.6</ele>
    <time>2026-07-05T01:20:43Z</time>
   </trkpt>
   <trkpt lat="12.8959680" lon="77.5159970">
    <ele>825.5</ele>
    <time>2026-07-05T01:20:44Z</time>
   </trkpt>
   <trkpt lat="12.8959500" lon="77.5159800">
    <ele>825.4</ele>
    <time>2026-07-05T01:20:45Z</time>
   </trkpt>
   <trkpt lat="12.8959320" lon="77.5159620">
    <ele>825.4</ele>
    <time>2026-07-05T01:20:46Z</time>
   </trkpt>
   <trkpt lat="12.8959150" lon="77.5159430">
    <ele>825.3</ele>
    <time>2026-07-05T01:20:47Z</time>
   </trkpt>
   <trkpt lat="12.8958940" lon="77.5159250">
    <ele>825.2</ele>
    <time>2026-07-05T01:20:48Z</time>
   </trkpt>
   <trkpt lat="12.8958750" lon="77.5159110">
    <ele>825.2</ele>
    <time>2026-07-05T01:20:49Z</time>
   </trkpt>
   <trkpt lat="12.8958560" lon="77.5158930">
    <ele>825.1</ele>
    <time>2026-07-05T01:20:50Z</time>
   </trkpt>
   <trkpt lat="12.8958390" lon="77.5158770">
    <ele>825.0</ele>
    <time>2026-07-05T01:20:51Z</time>
   </trkpt>
   <trkpt lat="12.8958200" lon="77.5158600">
    <ele>825.0</ele>
    <time>2026-07-05T01:20:52Z</time>
   </trkpt>
   <trkpt lat="12.8958010" lon="77.5158440">
    <ele>824.9</ele>
    <time>2026-07-05T01:20:53Z</time>
   </trkpt>
   <trkpt lat="12.8957840" lon="77.5158260">
    <ele>824.8</ele>
    <time>2026-07-05T01:20:54Z</time>
   </trkpt>
   <trkpt lat="12.8957670" lon="77.5158090">
    <ele>824.8</ele>
    <time>2026-07-05T01:20:55Z</time>
   </trkpt>
   <trkpt lat="12.8957580" lon="77.5157880">
    <ele>824.7</ele>
    <time>2026-07-05T01:20:56Z</time>
   </trkpt>
   <trkpt lat="12.8957520" lon="77.5157720">
    <ele>824.7</ele>
    <time>2026-07-05T01:20:57Z</time>
   </trkpt>
   <trkpt lat="12.8957540" lon="77.5157560">
    <ele>824.6</ele>
    <time>2026-07-05T01:20:58Z</time>
   </trkpt>
   <trkpt lat="12.8957710" lon="77.5157450">
    <ele>824.7</ele>
    <time>2026-07-05T01:20:59Z</time>
   </trkpt>
   <trkpt lat="12.8957910" lon="77.5157480">
    <ele>824.7</ele>
    <time>2026-07-05T01:21:00Z</time>
   </trkpt>
   <trkpt lat="12.8958100" lon="77.5157560">
    <ele>824.8</ele>
    <time>2026-07-05T01:21:01Z</time>
   </trkpt>
   <trkpt lat="12.8958240" lon="77.5157680">
    <ele>824.8</ele>
    <time>2026-07-05T01:21:02Z</time>
   </trkpt>
   <trkpt lat="12.8958360" lon="77.5157850">
    <ele>824.9</ele>
    <time>2026-07-05T01:21:03Z</time>
   </trkpt>
   <trkpt lat="12.8958530" lon="77.5158050">
    <ele>825.0</ele>
    <time>2026-07-05T01:21:04Z</time>
   </trkpt>
   <trkpt lat="12.8958700" lon="77.5158260">
    <ele>825.0</ele>
    <time>2026-07-05T01:21:05Z</time>
   </trkpt>
   <trkpt lat="12.8958870" lon="77.5158450">
    <ele>825.1</ele>
    <time>2026-07-05T01:21:06Z</time>
   </trkpt>
   <trkpt lat="12.8959110" lon="77.5158670">
    <ele>825.2</ele>
    <time>2026-07-05T01:21:07Z</time>
   </trkpt>
   <trkpt lat="12.8959270" lon="77.5158780">
    <ele>825.2</ele>
    <time>2026-07-05T01:21:08Z</time>
   </trkpt>
   <trkpt lat="12.8959470" lon="77.5158930">
    <ele>825.3</ele>
    <time>2026-07-05T01:21:09Z</time>
   </trkpt>
   <trkpt lat="12.8959670" lon="77.5159070">
    <ele>825.4</ele>
    <time>2026-07-05T01:21:10Z</time>
   </trkpt>
   <trkpt lat="12.8959850" lon="77.5159210">
    <ele>825.4</ele>
    <time>2026-07-05T01:21:11Z</time>
   </trkpt>
   <trkpt lat="12.8960030" lon="77.5159360">
    <ele>825.5</ele>
    <time>2026-07-05T01:21:12Z</time>
   </trkpt>
   <trkpt lat="12.8960190" lon="77.5159510">
    <ele>825.5</ele>
    <time>2026-07-05T01:21:13Z</time>
   </trkpt>
   <trkpt lat="12.8960340" lon="77.5159660">
    <ele>825.6</ele>
    <time>2026-07-05T01:21:14Z</time>
   </trkpt>
   <trkpt lat="12.8960520" lon="77.5159710">
    <ele>825.6</ele>
    <time>2026-07-05T01:21:15Z</time>
   </trkpt>
   <trkpt lat="12.8960670" lon="77.5159710">
    <ele>825.7</ele>
    <time>2026-07-05T01:21:16Z</time>
   </trkpt>
   <trkpt lat="12.8960820" lon="77.5159690">
    <ele>825.7</ele>
    <time>2026-07-05T01:21:17Z</time>
   </trkpt>
   <trkpt lat="12.8960930" lon="77.5159830">
    <ele>825.8</ele>
    <time>2026-07-05T01:21:18Z</time>
   </trkpt>
   <trkpt lat="12.8960980" lon="77.5159980">
    <ele>825.8</ele>
    <time>2026-07-05T01:21:19Z</time>
   </trkpt>
   <trkpt lat="12.8961050" lon="77.5160100">
    <ele>825.8</ele>
    <time>2026-07-05T01:21:20Z</time>
   </trkpt>
   <trkpt lat="12.8961130" lon="77.5160200">
    <ele>825.9</ele>
    <time>2026-07-05T01:21:21Z</time>
   </trkpt>
   <trkpt lat="12.8961220" lon="77.5160290">
    <ele>825.9</ele>
    <time>2026-07-05T01:21:22Z</time>
   </trkpt>
   <trkpt lat="12.8961340" lon="77.5160400">
    <ele>825.9</ele>
    <time>2026-07-05T01:21:23Z</time>
   </trkpt>
   <trkpt lat="12.8961410" lon="77.5160490">
    <ele>826.0</ele>
    <time>2026-07-05T01:21:24Z</time>
   </trkpt>
   <trkpt lat="12.8961480" lon="77.5160590">
    <ele>826.0</ele>
    <time>2026-07-05T01:21:25Z</time>
   </trkpt>
   <trkpt lat="12.8961510" lon="77.5160700">
    <ele>826.0</ele>
    <time>2026-07-05T01:21:26Z</time>
   </trkpt>
   <trkpt lat="12.8961540" lon="77.5160800">
    <ele>826.1</ele>
    <time>2026-07-05T01:21:27Z</time>
   </trkpt>
   <trkpt lat="12.8961630" lon="77.5160930">
    <ele>826.1</ele>
    <time>2026-07-05T01:21:28Z</time>
   </trkpt>
   <trkpt lat="12.8961740" lon="77.5161080">
    <ele>826.1</ele>
    <time>2026-07-05T01:21:29Z</time>
   </trkpt>
   <trkpt lat="12.8961830" lon="77.5161170">
    <ele>826.2</ele>
    <time>2026-07-05T01:21:30Z</time>
   </trkpt>
   <trkpt lat="12.8961930" lon="77.5161250">
    <ele>826.2</ele>
    <time>2026-07-05T01:21:31Z</time>
   </trkpt>
   <trkpt lat="12.8962050" lon="77.5161330">
    <ele>826.3</ele>
    <time>2026-07-05T01:21:32Z</time>
   </trkpt>
   <trkpt lat="12.8962150" lon="77.5161390">
    <ele>826.3</ele>
    <time>2026-07-05T01:21:33Z</time>
   </trkpt>
   <trkpt lat="12.8962250" lon="77.5161480">
    <ele>826.3</ele>
    <time>2026-07-05T01:21:34Z</time>
   </trkpt>
   <trkpt lat="12.8962310" lon="77.5161560">
    <ele>826.3</ele>
    <time>2026-07-05T01:21:35Z</time>
   </trkpt>
   <trkpt lat="12.8962360" lon="77.5161640">
    <ele>826.4</ele>
    <time>2026-07-05T01:21:36Z</time>
   </trkpt>
   <trkpt lat="12.8962410" lon="77.5161740">
    <ele>826.4</ele>
    <time>2026-07-05T01:21:37Z</time>
   </trkpt>
   <trkpt lat="12.8962500" lon="77.5161840">
    <ele>826.4</ele>
    <time>2026-07-05T01:21:38Z</time>
   </trkpt>
   <trkpt lat="12.8962580" lon="77.5161870">
    <ele>826.5</ele>
    <time>2026-07-05T01:21:39Z</time>
   </trkpt>
   <trkpt lat="12.8962640" lon="77.5161940">
    <ele>826.5</ele>
    <time>2026-07-05T01:21:40Z</time>
   </trkpt>
   <trkpt lat="12.8962700" lon="77.5162060">
    <ele>826.5</ele>
    <time>2026-07-05T01:21:41Z</time>
   </trkpt>
   <trkpt lat="12.8962760" lon="77.5162170">
    <ele>826.6</ele>
    <time>2026-07-05T01:21:42Z</time>
   </trkpt>
   <trkpt lat="12.8962830" lon="77.5162300">
    <ele>826.6</ele>
    <time>2026-07-05T01:21:43Z</time>
   </trkpt>
   <trkpt lat="12.8962880" lon="77.5162420">
    <ele>826.6</ele>
    <time>2026-07-05T01:21:44Z</time>
   </trkpt>
   <trkpt lat="12.8962950" lon="77.5162570">
    <ele>826.7</ele>
    <time>2026-07-05T01:21:45Z</time>
   </trkpt>
   <trkpt lat="12.8963050" lon="77.5162620">
    <ele>826.7</ele>
    <time>2026-07-05T01:21:46Z</time>
   </trkpt>
   <trkpt lat="12.8963170" lon="77.5162690">
    <ele>826.7</ele>
    <time>2026-07-05T01:21:47Z</time>
   </trkpt>
   <trkpt lat="12.8963320" lon="77.5162740">
    <ele>826.8</ele>
    <time>2026-07-05T01:21:48Z</time>
   </trkpt>
   <trkpt lat="12.8963460" lon="77.5162840">
    <ele>826.8</ele>
    <time>2026-07-05T01:21:49Z</time>
   </trkpt>
   <trkpt lat="12.8963540" lon="77.5162940">
    <ele>826.9</ele>
    <time>2026-07-05T01:21:50Z</time>
   </trkpt>
   <trkpt lat="12.8963680" lon="77.5163030">
    <ele>826.9</ele>
    <time>2026-07-05T01:21:51Z</time>
   </trkpt>
   <trkpt lat="12.8963800" lon="77.5163130">
    <ele>826.9</ele>
    <time>2026-07-05T01:21:52Z</time>
   </trkpt>
   <trkpt lat="12.8963900" lon="77.5163250">
    <ele>827.0</ele>
    <time>2026-07-05T01:21:53Z</time>
   </trkpt>
   <trkpt lat="12.8964000" lon="77.5163370">
    <ele>827.0</ele>
    <time>2026-07-05T01:21:54Z</time>
   </trkpt>
   <trkpt lat="12.8964110" lon="77.5163530">
    <ele>827.1</ele>
    <time>2026-07-05T01:21:55Z</time>
   </trkpt>
   <trkpt lat="12.8964260" lon="77.5163710">
    <ele>827.1</ele>
    <time>2026-07-05T01:21:56Z</time>
   </trkpt>
   <trkpt lat="12.8964450" lon="77.5163890">
    <ele>827.2</ele>
    <time>2026-07-05T01:21:57Z</time>
   </trkpt>
   <trkpt lat="12.8964720" lon="77.5164120">
    <ele>827.3</ele>
    <time>2026-07-05T01:21:58Z</time>
   </trkpt>
   <trkpt lat="12.8964950" lon="77.5164320">
    <ele>827.4</ele>
    <time>2026-07-05T01:21:59Z</time>
   </trkpt>
   <trkpt lat="12.8965150" lon="77.5164500">
    <ele>827.5</ele>
    <time>2026-07-05T01:22:00Z</time>
   </trkpt>
   <trkpt lat="12.8965350" lon="77.5164660">
    <ele>827.5</ele>
    <time>2026-07-05T01:22:01Z</time>
   </trkpt>
   <trkpt lat="12.8965550" lon="77.5164820">
    <ele>827.6</ele>
    <time>2026-07-05T01:22:02Z</time>
   </trkpt>
   <trkpt lat="12.8965740" lon="77.5164950">
    <ele>827.6</ele>
    <time>2026-07-05T01:22:03Z</time>
   </trkpt>
   <trkpt lat="12.8965890" lon="77.5165140">
    <ele>827.7</ele>
    <time>2026-07-05T01:22:04Z</time>
   </trkpt>
   <trkpt lat="12.8966070" lon="77.5165280">
    <ele>827.8</ele>
    <time>2026-07-05T01:22:05Z</time>
   </trkpt>
   <trkpt lat="12.8966260" lon="77.5165430">
    <ele>827.8</ele>
    <time>2026-07-05T01:22:06Z</time>
   </trkpt>
   <trkpt lat="12.8966410" lon="77.5165610">
    <ele>827.9</ele>
    <time>2026-07-05T01:22:07Z</time>
   </trkpt>
   <trkpt lat="12.8966500" lon="77.5165780">
    <ele>827.9</ele>
    <time>2026-07-05T01:22:08Z</time>
   </trkpt>
   <trkpt lat="12.8966630" lon="77.5165940">
    <ele>828.0</ele>
    <time>2026-07-05T01:22:09Z</time>
   </trkpt>
   <trkpt lat="12.8966790" lon="77.5166070">
    <ele>828.0</ele>
    <time>2026-07-05T01:22:10Z</time>
   </trkpt>
   <trkpt lat="12.8966930" lon="77.5166230">
    <ele>828.1</ele>
    <time>2026-07-05T01:22:11Z</time>
   </trkpt>
   <trkpt lat="12.8967050" lon="77.5166410">
    <ele>828.1</ele>
    <time>2026-07-05T01:22:12Z</time>
   </trkpt>
   <trkpt lat="12.8967240" lon="77.5166550">
    <ele>828.2</ele>
    <time>2026-07-05T01:22:13Z</time>
   </trkpt>
   <trkpt lat="12.8967460" lon="77.5166690">
    <ele>828.2</ele>
    <time>2026-07-05T01:22:14Z</time>
   </trkpt>
   <trkpt lat="12.8967650" lon="77.5166860">
    <ele>828.3</ele>
    <time>2026-07-05T01:22:15Z</time>
   </trkpt>
   <trkpt lat="12.8967830" lon="77.5167010">
    <ele>828.3</ele>
    <time>2026-07-05T01:22:16Z</time>
   </trkpt>
   <trkpt lat="12.8968060" lon="77.5167090">
    <ele>828.4</ele>
    <time>2026-07-05T01:22:17Z</time>
   </trkpt>
   <trkpt lat="12.8968270" lon="77.5167210">
    <ele>828.4</ele>
    <time>2026-07-05T01:22:18Z</time>
   </trkpt>
   <trkpt lat="12.8968470" lon="77.5167370">
    <ele>828.5</ele>
    <time>2026-07-05T01:22:19Z</time>
   </trkpt>
   <trkpt lat="12.8968640" lon="77.5167560">
    <ele>828.6</ele>
    <time>2026-07-05T01:22:20Z</time>
   </trkpt>
   <trkpt lat="12.8968810" lon="77.5167710">
    <ele>828.6</ele>
    <time>2026-07-05T01:22:21Z</time>
   </trkpt>
   <trkpt lat="12.8968950" lon="77.5167850">
    <ele>828.7</ele>
    <time>2026-07-05T01:22:22Z</time>
   </trkpt>
   <trkpt lat="12.8969110" lon="77.5167980">
    <ele>828.7</ele>
    <time>2026-07-05T01:22:23Z</time>
   </trkpt>
   <trkpt lat="12.8969280" lon="77.5168130">
    <ele>828.8</ele>
    <time>2026-07-05T01:22:24Z</time>
   </trkpt>
   <trkpt lat="12.8969470" lon="77.5168280">
    <ele>828.8</ele>
    <time>2026-07-05T01:22:25Z</time>
   </trkpt>
   <trkpt lat="12.8969650" lon="77.5168480">
    <ele>828.9</ele>
    <time>2026-07-05T01:22:26Z</time>
   </trkpt>
   <trkpt lat="12.8969870" lon="77.5168700">
    <ele>829.0</ele>
    <time>2026-07-05T01:22:27Z</time>
   </trkpt>
   <trkpt lat="12.8970030" lon="77.5168890">
    <ele>829.0</ele>
    <time>2026-07-05T01:22:28Z</time>
   </trkpt>
   <trkpt lat="12.8970200" lon="77.5169070">
    <ele>829.1</ele>
    <time>2026-07-05T01:22:29Z</time>
   </trkpt>
   <trkpt lat="12.8970370" lon="77.5169240">
    <ele>829.2</ele>
    <time>2026-07-05T01:22:30Z</time>
   </trkpt>
   <trkpt lat="12.8970520" lon="77.5169400">
    <ele>829.2</ele>
    <time>2026-07-05T01:22:31Z</time>
   </trkpt>
   <trkpt lat="12.8970670" lon="77.5169590">
    <ele>829.3</ele>
    <time>2026-07-05T01:22:32Z</time>
   </trkpt>
   <trkpt lat="12.8970800" lon="77.5169790">
    <ele>829.3</ele>
    <time>2026-07-05T01:22:33Z</time>
   </trkpt>
   <trkpt lat="12.8970960" lon="77.5169980">
    <ele>829.4</ele>
    <time>2026-07-05T01:22:34Z</time>
   </trkpt>
   <trkpt lat="12.8971180" lon="77.5170100">
    <ele>829.5</ele>
    <time>2026-07-05T01:22:35Z</time>
   </trkpt>
   <trkpt lat="12.8971380" lon="77.5170250">
    <ele>829.5</ele>
    <time>2026-07-05T01:22:36Z</time>
   </trkpt>
   <trkpt lat="12.8971560" lon="77.5170430">
    <ele>829.6</ele>
    <time>2026-07-05T01:22:37Z</time>
   </trkpt>
   <trkpt lat="12.8971750" lon="77.5170590">
    <ele>829.6</ele>
    <time>2026-07-05T01:22:38Z</time>
   </trkpt>
   <trkpt lat="12.8971900" lon="77.5170780">
    <ele>829.7</ele>
    <time>2026-07-05T01:22:39Z</time>
   </trkpt>
   <trkpt lat="12.8972060" lon="77.5170950">
    <ele>829.7</ele>
    <time>2026-07-05T01:22:40Z</time>
   </trkpt>
   <trkpt lat="12.8972230" lon="77.5171120">
    <ele>829.8</ele>
    <time>2026-07-05T01:22:41Z</time>
   </trkpt>
   <trkpt lat="12.8972420" lon="77.5171300">
    <ele>829.9</ele>
    <time>2026-07-05T01:22:42Z</time>
   </trkpt>
   <trkpt lat="12.8972620" lon="77.5171460">
    <ele>829.9</ele>
    <time>2026-07-05T01:22:43Z</time>
   </trkpt>
   <trkpt lat="12.8972800" lon="77.5171600">
    <ele>830.0</ele>
    <time>2026-07-05T01:22:44Z</time>
   </trkpt>
   <trkpt lat="12.8972970" lon="77.5171760">
    <ele>830.0</ele>
    <time>2026-07-05T01:22:45Z</time>
   </trkpt>
   <trkpt lat="12.8973150" lon="77.5171930">
    <ele>830.1</ele>
    <time>2026-07-05T01:22:46Z</time>
   </trkpt>
   <trkpt lat="12.8973300" lon="77.5172130">
    <ele>830.1</ele>
    <time>2026-07-05T01:22:47Z</time>
   </trkpt>
   <trkpt lat="12.8973420" lon="77.5172300">
    <ele>830.2</ele>
    <time>2026-07-05T01:22:48Z</time>
   </trkpt>
   <trkpt lat="12.8973560" lon="77.5172480">
    <ele>830.2</ele>
    <time>2026-07-05T01:22:49Z</time>
   </trkpt>
   <trkpt lat="12.8973710" lon="77.5172620">
    <ele>830.3</ele>
    <time>2026-07-05T01:22:50Z</time>
   </trkpt>
   <trkpt lat="12.8973870" lon="77.5172770">
    <ele>830.3</ele>
    <time>2026-07-05T01:22:51Z</time>
   </trkpt>
   <trkpt lat="12.8974030" lon="77.5172930">
    <ele>830.4</ele>
    <time>2026-07-05T01:22:52Z</time>
   </trkpt>
   <trkpt lat="12.8974200" lon="77.5173060">
    <ele>830.4</ele>
    <time>2026-07-05T01:22:53Z</time>
   </trkpt>
   <trkpt lat="12.8974350" lon="77.5173170">
    <ele>830.4</ele>
    <time>2026-07-05T01:22:54Z</time>
   </trkpt>
   <trkpt lat="12.8974510" lon="77.5173340">
    <ele>830.5</ele>
    <time>2026-07-05T01:22:55Z</time>
   </trkpt>
   <trkpt lat="12.8974650" lon="77.5173520">
    <ele>830.5</ele>
    <time>2026-07-05T01:22:56Z</time>
   </trkpt>
   <trkpt lat="12.8974810" lon="77.5173720">
    <ele>830.6</ele>
    <time>2026-07-05T01:22:57Z</time>
   </trkpt>
   <trkpt lat="12.8974910" lon="77.5173960">
    <ele>830.6</ele>
    <time>2026-07-05T01:22:58Z</time>
   </trkpt>
   <trkpt lat="12.8975070" lon="77.5174160">
    <ele>830.7</ele>
    <time>2026-07-05T01:22:59Z</time>
   </trkpt>
   <trkpt lat="12.8975230" lon="77.5174350">
    <ele>830.7</ele>
    <time>2026-07-05T01:23:00Z</time>
   </trkpt>
   <trkpt lat="12.8975410" lon="77.5174550">
    <ele>830.8</ele>
    <time>2026-07-05T01:23:01Z</time>
   </trkpt>
   <trkpt lat="12.8975600" lon="77.5174730">
    <ele>830.8</ele>
    <time>2026-07-05T01:23:02Z</time>
   </trkpt>
   <trkpt lat="12.8975740" lon="77.5174900">
    <ele>830.9</ele>
    <time>2026-07-05T01:23:03Z</time>
   </trkpt>
   <trkpt lat="12.8975870" lon="77.5175080">
    <ele>830.9</ele>
    <time>2026-07-05T01:23:04Z</time>
   </trkpt>
   <trkpt lat="12.8976020" lon="77.5175250">
    <ele>831.0</ele>
    <time>2026-07-05T01:23:05Z</time>
   </trkpt>
   <trkpt lat="12.8976270" lon="77.5175310">
    <ele>831.0</ele>
    <time>2026-07-05T01:23:06Z</time>
   </trkpt>
   <trkpt lat="12.8976610" lon="77.5175400">
    <ele>831.1</ele>
    <time>2026-07-05T01:23:07Z</time>
   </trkpt>
   <trkpt lat="12.8976760" lon="77.5175550">
    <ele>831.1</ele>
    <time>2026-07-05T01:23:08Z</time>
   </trkpt>
   <trkpt lat="12.8976880" lon="77.5175800">
    <ele>831.1</ele>
    <time>2026-07-05T01:23:09Z</time>
   </trkpt>
   <trkpt lat="12.8976990" lon="77.5176020">
    <ele>831.2</ele>
    <time>2026-07-05T01:23:10Z</time>
   </trkpt>
   <trkpt lat="12.8977110" lon="77.5176230">
    <ele>831.2</ele>
    <time>2026-07-05T01:23:11Z</time>
   </trkpt>
   <trkpt lat="12.8977250" lon="77.5176390">
    <ele>831.2</ele>
    <time>2026-07-05T01:23:12Z</time>
   </trkpt>
   <trkpt lat="12.8977400" lon="77.5176560">
    <ele>831.3</ele>
    <time>2026-07-05T01:23:13Z</time>
   </trkpt>
   <trkpt lat="12.8977570" lon="77.5176720">
    <ele>831.3</ele>
    <time>2026-07-05T01:23:14Z</time>
   </trkpt>
   <trkpt lat="12.8977750" lon="77.5176890">
    <ele>831.4</ele>
    <time>2026-07-05T01:23:15Z</time>
   </trkpt>
   <trkpt lat="12.8977950" lon="77.5177010">
    <ele>831.4</ele>
    <time>2026-07-05T01:23:16Z</time>
   </trkpt>
   <trkpt lat="12.8978140" lon="77.5177100">
    <ele>831.4</ele>
    <time>2026-07-05T01:23:17Z</time>
   </trkpt>
   <trkpt lat="12.8978300" lon="77.5177250">
    <ele>831.5</ele>
    <time>2026-07-05T01:23:18Z</time>
   </trkpt>
   <trkpt lat="12.8978450" lon="77.5177450">
    <ele>831.5</ele>
    <time>2026-07-05T01:23:19Z</time>
   </trkpt>
   <trkpt lat="12.8978610" lon="77.5177620">
    <ele>831.5</ele>
    <time>2026-07-05T01:23:20Z</time>
   </trkpt>
   <trkpt lat="12.8978780" lon="77.5177800">
    <ele>831.6</ele>
    <time>2026-07-05T01:23:21Z</time>
   </trkpt>
   <trkpt lat="12.8978940" lon="77.5177980">
    <ele>831.6</ele>
    <time>2026-07-05T01:23:22Z</time>
   </trkpt>
   <trkpt lat="12.8979080" lon="77.5178160">
    <ele>831.6</ele>
    <time>2026-07-05T01:23:23Z</time>
   </trkpt>
   <trkpt lat="12.8979220" lon="77.5178330">
    <ele>831.7</ele>
    <time>2026-07-05T01:23:24Z</time>
   </trkpt>
   <trkpt lat="12.8979370" lon="77.5178480">
    <ele>831.7</ele>
    <time>2026-07-05T01:23:25Z</time>
   </trkpt>
   <trkpt lat="12.8979530" lon="77.5178630">
    <ele>831.7</ele>
    <time>2026-07-05T01:23:26Z</time>
   </trkpt>
   <trkpt lat="12.8979710" lon="77.5178790">
    <ele>831.7</ele>
    <time>2026-07-05T01:23:27Z</time>
   </trkpt>
   <trkpt lat="12.8979900" lon="77.5178940">
    <ele>831.8</ele>
    <time>2026-07-05T01:23:28Z</time>
   </trkpt>
   <trkpt lat="12.8980010" lon="77.5179120">
    <ele>831.8</ele>
    <time>2026-07-05T01:23:29Z</time>
   </trkpt>
   <trkpt lat="12.8980140" lon="77.5179290">
    <ele>831.8</ele>
    <time>2026-07-05T01:23:30Z</time>
   </trkpt>
   <trkpt lat="12.8980280" lon="77.5179490">
    <ele>831.9</ele>
    <time>2026-07-05T01:23:31Z</time>
   </trkpt>
   <trkpt lat="12.8980420" lon="77.5179690">
    <ele>831.9</ele>
    <time>2026-07-05T01:23:32Z</time>
   </trkpt>
   <trkpt lat="12.8980560" lon="77.5179880">
    <ele>831.9</ele>
    <time>2026-07-05T01:23:33Z</time>
   </trkpt>
   <trkpt lat="12.8980730" lon="77.5180030">
    <ele>832.0</ele>
    <time>2026-07-05T01:23:34Z</time>
   </trkpt>
   <trkpt lat="12.8980880" lon="77.5180190">
    <ele>832.0</ele>
    <time>2026-07-05T01:23:35Z</time>
   </trkpt>
   <trkpt lat="12.8981030" lon="77.5180370">
    <ele>832.0</ele>
    <time>2026-07-05T01:23:36Z</time>
   </trkpt>
   <trkpt lat="12.8981150" lon="77.5180530">
    <ele>832.0</ele>
    <time>2026-07-05T01:23:37Z</time>
   </trkpt>
   <trkpt lat="12.8981290" lon="77.5180690">
    <ele>832.1</ele>
    <time>2026-07-05T01:23:38Z</time>
   </trkpt>
   <trkpt lat="12.8981410" lon="77.5180860">
    <ele>832.1</ele>
    <time>2026-07-05T01:23:39Z</time>
   </trkpt>
   <trkpt lat="12.8981530" lon="77.5181040">
    <ele>832.1</ele>
    <time>2026-07-05T01:23:40Z</time>
   </trkpt>
   <trkpt lat="12.8981690" lon="77.5181220">
    <ele>832.1</ele>
    <time>2026-07-05T01:23:41Z</time>
   </trkpt>
   <trkpt lat="12.8981860" lon="77.5181390">
    <ele>832.2</ele>
    <time>2026-07-05T01:23:42Z</time>
   </trkpt>
   <trkpt lat="12.8982040" lon="77.5181540">
    <ele>832.2</ele>
    <time>2026-07-05T01:23:43Z</time>
   </trkpt>
   <trkpt lat="12.8982180" lon="77.5181680">
    <ele>832.2</ele>
    <time>2026-07-05T01:23:44Z</time>
   </trkpt>
   <trkpt lat="12.8982310" lon="77.5181850">
    <ele>832.2</ele>
    <time>2026-07-05T01:23:45Z</time>
   </trkpt>
   <trkpt lat="12.8982480" lon="77.5182040">
    <ele>832.3</ele>
    <time>2026-07-05T01:23:46Z</time>
   </trkpt>
   <trkpt lat="12.8982650" lon="77.5182240">
    <ele>832.3</ele>
    <time>2026-07-05T01:23:47Z</time>
   </trkpt>
   <trkpt lat="12.8982830" lon="77.5182510">
    <ele>832.3</ele>
    <time>2026-07-05T01:23:48Z</time>
   </trkpt>
   <trkpt lat="12.8982890" lon="77.5182650">
    <ele>832.3</ele>
    <time>2026-07-05T01:23:49Z</time>
   </trkpt>
   <trkpt lat="12.8983020" lon="77.5182810">
    <ele>832.3</ele>
    <time>2026-07-05T01:23:50Z</time>
   </trkpt>
   <trkpt lat="12.8983180" lon="77.5182970">
    <ele>832.4</ele>
    <time>2026-07-05T01:23:51Z</time>
   </trkpt>
   <trkpt lat="12.8983340" lon="77.5183080">
    <ele>832.4</ele>
    <time>2026-07-05T01:23:52Z</time>
   </trkpt>
   <trkpt lat="12.8983500" lon="77.5183220">
    <ele>832.4</ele>
    <time>2026-07-05T01:23:53Z</time>
   </trkpt>
   <trkpt lat="12.8983650" lon="77.5183390">
    <ele>832.4</ele>
    <time>2026-07-05T01:23:54Z</time>
   </trkpt>
   <trkpt lat="12.8983810" lon="77.5183570">
    <ele>832.5</ele>
    <time>2026-07-05T01:23:55Z</time>
   </trkpt>
   <trkpt lat="12.8983950" lon="77.5183720">
    <ele>832.5</ele>
    <time>2026-07-05T01:23:56Z</time>
   </trkpt>
   <trkpt lat="12.8984060" lon="77.5183880">
    <ele>832.5</ele>
    <time>2026-07-05T01:23:57Z</time>
   </trkpt>
   <trkpt lat="12.8984170" lon="77.5184050">
    <ele>832.5</ele>
    <time>2026-07-05T01:23:58Z</time>
   </trkpt>
   <trkpt lat="12.8984340" lon="77.5184220">
    <ele>832.5</ele>
    <time>2026-07-05T01:23:59Z</time>
   </trkpt>
   <trkpt lat="12.8984520" lon="77.5184380">
    <ele>832.6</ele>
    <time>2026-07-05T01:24:00Z</time>
   </trkpt>
   <trkpt lat="12.8984670" lon="77.5184560">
    <ele>832.6</ele>
    <time>2026-07-05T01:24:01Z</time>
   </trkpt>
   <trkpt lat="12.8984800" lon="77.5184740">
    <ele>832.6</ele>
    <time>2026-07-05T01:24:02Z</time>
   </trkpt>
   <trkpt lat="12.8984900" lon="77.5184900">
    <ele>832.6</ele>
    <time>2026-07-05T01:24:03Z</time>
   </trkpt>
   <trkpt lat="12.8985020" lon="77.5185080">
    <ele>832.6</ele>
    <time>2026-07-05T01:24:04Z</time>
   </trkpt>
   <trkpt lat="12.8985160" lon="77.5185260">
    <ele>832.7</ele>
    <time>2026-07-05T01:24:05Z</time>
   </trkpt>
   <trkpt lat="12.8985260" lon="77.5185490">
    <ele>832.7</ele>
    <time>2026-07-05T01:24:06Z</time>
   </trkpt>
   <trkpt lat="12.8985350" lon="77.5185740">
    <ele>832.7</ele>
    <time>2026-07-05T01:24:07Z</time>
   </trkpt>
   <trkpt lat="12.8985460" lon="77.5185950">
    <ele>832.7</ele>
    <time>2026-07-05T01:24:08Z</time>
   </trkpt>
   <trkpt lat="12.8985600" lon="77.5186160">
    <ele>832.7</ele>
    <time>2026-07-05T01:24:09Z</time>
   </trkpt>
   <trkpt lat="12.8985740" lon="77.5186300">
    <ele>832.7</ele>
    <time>2026-07-05T01:24:10Z</time>
   </trkpt>
   <trkpt lat="12.8985870" lon="77.5186460">
    <ele>832.7</ele>
    <time>2026-07-05T01:24:11Z</time>
   </trkpt>
   <trkpt lat="12.8986000" lon="77.5186620">
    <ele>832.8</ele>
    <time>2026-07-05T01:24:12Z</time>
   </trkpt>
   <trkpt lat="12.8986170" lon="77.5186750">
    <ele>832.8</ele>
    <time>2026-07-05T01:24:13Z</time>
   </trkpt>
   <trkpt lat="12.8986330" lon="77.5186870">
    <ele>832.8</ele>
    <time>2026-07-05T01:24:14Z</time>
   </trkpt>
   <trkpt lat="12.8986480" lon="77.5187000">
    <ele>832.8</ele>
    <time>2026-07-05T01:24:15Z</time>
   </trkpt>
   <trkpt lat="12.8986620" lon="77.5187160">
    <ele>832.8</ele>
    <time>2026-07-05T01:24:16Z</time>
   </trkpt>
   <trkpt lat="12.8986760" lon="77.5187330">
    <ele>832.8</ele>
    <time>2026-07-05T01:24:17Z</time>
   </trkpt>
   <trkpt lat="12.8986890" lon="77.5187510">
    <ele>832.8</ele>
    <time>2026-07-05T01:24:18Z</time>
   </trkpt>
   <trkpt lat="12.8987020" lon="77.5187700">
    <ele>832.9</ele>
    <time>2026-07-05T01:24:19Z</time>
   </trkpt>
   <trkpt lat="12.8987190" lon="77.5187830">
    <ele>832.9</ele>
    <time>2026-07-05T01:24:20Z</time>
   </trkpt>
   <trkpt lat="12.8987380" lon="77.5187950">
    <ele>832.9</ele>
    <time>2026-07-05T01:24:21Z</time>
   </trkpt>
   <trkpt lat="12.8987560" lon="77.5188060">
    <ele>832.9</ele>
    <time>2026-07-05T01:24:22Z</time>
   </trkpt>
   <trkpt lat="12.8987670" lon="77.5188210">
    <ele>832.9</ele>
    <time>2026-07-05T01:24:23Z</time>
   </trkpt>
   <trkpt lat="12.8987730" lon="77.5188350">
    <ele>832.9</ele>
    <time>2026-07-05T01:24:24Z</time>
   </trkpt>
   <trkpt lat="12.8987810" lon="77.5188450">
    <ele>832.9</ele>
    <time>2026-07-05T01:24:25Z</time>
   </trkpt>
   <trkpt lat="12.8987920" lon="77.5188540">
    <ele>832.9</ele>
    <time>2026-07-05T01:24:26Z</time>
   </trkpt>
   <trkpt lat="12.8988040" lon="77.5188630">
    <ele>832.9</ele>
    <time>2026-07-05T01:24:27Z</time>
   </trkpt>
   <trkpt lat="12.8988090" lon="77.5188730">
    <ele>832.9</ele>
    <time>2026-07-05T01:24:28Z</time>
   </trkpt>
   <trkpt lat="12.8988120" lon="77.5188860">
    <ele>832.9</ele>
    <time>2026-07-05T01:24:29Z</time>
   </trkpt>
   <trkpt lat="12.8988160" lon="77.5188970">
    <ele>832.9</ele>
    <time>2026-07-05T01:24:30Z</time>
   </trkpt>
   <trkpt lat="12.8988220" lon="77.5189070">
    <ele>832.9</ele>
    <time>2026-07-05T01:24:31Z</time>
   </trkpt>
   <trkpt lat="12.8988300" lon="77.5189180">
    <ele>832.9</ele>
    <time>2026-07-05T01:24:32Z</time>
   </trkpt>
   <trkpt lat="12.8988400" lon="77.5189270">
    <ele>832.9</ele>
    <time>2026-07-05T01:24:33Z</time>
   </trkpt>
   <trkpt lat="12.8988500" lon="77.5189340">
    <ele>833.0</ele>
    <time>2026-07-05T01:24:34Z</time>
   </trkpt>
   <trkpt lat="12.8988620" lon="77.5189400">
    <ele>833.0</ele>
    <time>2026-07-05T01:24:35Z</time>
   </trkpt>
   <trkpt lat="12.8988720" lon="77.5189470">
    <ele>833.0</ele>
    <time>2026-07-05T01:24:36Z</time>
   </trkpt>
   <trkpt lat="12.8988820" lon="77.5189570">
    <ele>833.0</ele>
    <time>2026-07-05T01:24:37Z</time>
   </trkpt>
   <trkpt lat="12.8988830" lon="77.5189600">
    <ele>833.0</ele>
    <time>2026-07-05T01:24:38Z</time>
   </trkpt>
   <trkpt lat="12.8988810" lon="77.5189880">
    <ele>833.0</ele>
    <time>2026-07-05T01:24:39Z</time>
   </trkpt>
   <trkpt lat="12.8988720" lon="77.5189930">
    <ele>833.0</ele>
    <time>2026-07-05T01:24:40Z</time>
   </trkpt>
   <trkpt lat="12.8988640" lon="77.5189990">
    <ele>833.0</ele>
    <time>2026-07-05T01:24:41Z</time>
   </trkpt>
   <trkpt lat="12.8988680" lon="77.5190110">
    <ele>833.0</ele>
    <time>2026-07-05T01:24:42Z</time>
   </trkpt>
   <trkpt lat="12.8988850" lon="77.5190230">
    <ele>833.0</ele>
    <time>2026-07-05T01:24:43Z</time>
   </trkpt>
   <trkpt lat="12.8989020" lon="77.5190410">
    <ele>833.0</ele>
    <time>2026-07-05T01:24:44Z</time>
   </trkpt>
   <trkpt lat="12.8989180" lon="77.5190520">
    <ele>833.0</ele>
    <time>2026-07-05T01:24:45Z</time>
   </trkpt>
   <trkpt lat="12.8989360" lon="77.5190630">
    <ele>833.0</ele>
    <time>2026-07-05T01:24:46Z</time>
   </trkpt>
   <trkpt lat="12.8989510" lon="77.5190720">
    <ele>833.0</ele>
    <time>2026-07-05T01:24:47Z</time>
   </trkpt>
   <trkpt lat="12.8989610" lon="77.5190840">
    <ele>833.1</ele>
    <time>2026-07-05T01:24:48Z</time>
   </trkpt>
   <trkpt lat="12.8989700" lon="77.5190970">
    <ele>833.1</ele>
    <time>2026-07-05T01:24:49Z</time>
   </trkpt>
   <trkpt lat="12.8989800" lon="77.5191060">
    <ele>833.1</ele>
    <time>2026-07-05T01:24:50Z</time>
   </trkpt>
   <trkpt lat="12.8989920" lon="77.5191170">
    <ele>833.1</ele>
    <time>2026-07-05T01:24:51Z</time>
   </trkpt>
   <trkpt lat="12.8990010" lon="77.5191330">
    <ele>833.1</ele>
    <time>2026-07-05T01:24:52Z</time>
   </trkpt>
   <trkpt lat="12.8990110" lon="77.5191460">
    <ele>833.1</ele>
    <time>2026-07-05T01:24:53Z</time>
   </trkpt>
   <trkpt lat="12.8990200" lon="77.5191560">
    <ele>833.1</ele>
    <time>2026-07-05T01:24:54Z</time>
   </trkpt>
   <trkpt lat="12.8990330" lon="77.5191690">
    <ele>833.1</ele>
    <time>2026-07-05T01:24:55Z</time>
   </trkpt>
   <trkpt lat="12.8990480" lon="77.5191870">
    <ele>833.1</ele>
    <time>2026-07-05T01:24:56Z</time>
   </trkpt>
   <trkpt lat="12.8990610" lon="77.5192030">
    <ele>833.2</ele>
    <time>2026-07-05T01:24:57Z</time>
   </trkpt>
   <trkpt lat="12.8990760" lon="77.5192240">
    <ele>833.2</ele>
    <time>2026-07-05T01:24:58Z</time>
   </trkpt>
   <trkpt lat="12.8990890" lon="77.5192450">
    <ele>833.2</ele>
    <time>2026-07-05T01:24:59Z</time>
   </trkpt>
   <trkpt lat="12.8991040" lon="77.5192670">
    <ele>833.2</ele>
    <time>2026-07-05T01:25:00Z</time>
   </trkpt>
   <trkpt lat="12.8991170" lon="77.5192900">
    <ele>833.2</ele>
    <time>2026-07-05T01:25:01Z</time>
   </trkpt>
   <trkpt lat="12.8991300" lon="77.5193130">
    <ele>833.2</ele>
    <time>2026-07-05T01:25:02Z</time>
   </trkpt>
   <trkpt lat="12.8991450" lon="77.5193360">
    <ele>833.3</ele>
    <time>2026-07-05T01:25:03Z</time>
   </trkpt>
   <trkpt lat="12.8991590" lon="77.5193580">
    <ele>833.3</ele>
    <time>2026-07-05T01:25:04Z</time>
   </trkpt>
   <trkpt lat="12.8991710" lon="77.5193820">
    <ele>833.3</ele>
    <time>2026-07-05T01:25:05Z</time>
   </trkpt>
   <trkpt lat="12.8991840" lon="77.5194060">
    <ele>833.3</ele>
    <time>2026-07-05T01:25:06Z</time>
   </trkpt>
   <trkpt lat="12.8991970" lon="77.5194290">
    <ele>833.3</ele>
    <time>2026-07-05T01:25:07Z</time>
   </trkpt>
   <trkpt lat="12.8992130" lon="77.5194510">
    <ele>833.3</ele>
    <time>2026-07-05T01:25:08Z</time>
   </trkpt>
   <trkpt lat="12.8992260" lon="77.5194710">
    <ele>833.3</ele>
    <time>2026-07-05T01:25:09Z</time>
   </trkpt>
   <trkpt lat="12.8992390" lon="77.5194910">
    <ele>833.3</ele>
    <time>2026-07-05T01:25:10Z</time>
   </trkpt>
   <trkpt lat="12.8992570" lon="77.5195080">
    <ele>833.3</ele>
    <time>2026-07-05T01:25:11Z</time>
   </trkpt>
   <trkpt lat="12.8992750" lon="77.5195270">
    <ele>833.3</ele>
    <time>2026-07-05T01:25:12Z</time>
   </trkpt>
   <trkpt lat="12.8992930" lon="77.5195460">
    <ele>833.3</ele>
    <time>2026-07-05T01:25:13Z</time>
   </trkpt>
   <trkpt lat="12.8993100" lon="77.5195650">
    <ele>833.3</ele>
    <time>2026-07-05T01:25:14Z</time>
   </trkpt>
   <trkpt lat="12.8993240" lon="77.5195830">
    <ele>833.3</ele>
    <time>2026-07-05T01:25:15Z</time>
   </trkpt>
   <trkpt lat="12.8993430" lon="77.5196040">
    <ele>833.3</ele>
    <time>2026-07-05T01:25:16Z</time>
   </trkpt>
   <trkpt lat="12.8993620" lon="77.5196230">
    <ele>833.4</ele>
    <time>2026-07-05T01:25:17Z</time>
   </trkpt>
   <trkpt lat="12.8993790" lon="77.5196390">
    <ele>833.4</ele>
    <time>2026-07-05T01:25:18Z</time>
   </trkpt>
   <trkpt lat="12.8994000" lon="77.5196570">
    <ele>833.4</ele>
    <time>2026-07-05T01:25:19Z</time>
   </trkpt>
   <trkpt lat="12.8994200" lon="77.5196670">
    <ele>833.4</ele>
    <time>2026-07-05T01:25:20Z</time>
   </trkpt>
   <trkpt lat="12.8994390" lon="77.5196790">
    <ele>833.4</ele>
    <time>2026-07-05T01:25:21Z</time>
   </trkpt>
   <trkpt lat="12.8994450" lon="77.5197160">
    <ele>833.4</ele>
    <time>2026-07-05T01:25:22Z</time>
   </trkpt>
   <trkpt lat="12.8994540" lon="77.5197440">
    <ele>833.4</ele>
    <time>2026-07-05T01:25:23Z</time>
   </trkpt>
   <trkpt lat="12.8994620" lon="77.5197700">
    <ele>833.4</ele>
    <time>2026-07-05T01:25:24Z</time>
   </trkpt>
   <trkpt lat="12.8994720" lon="77.5197930">
    <ele>833.4</ele>
    <time>2026-07-05T01:25:25Z</time>
   </trkpt>
   <trkpt lat="12.8994810" lon="77.5198140">
    <ele>833.4</ele>
    <time>2026-07-05T01:25:26Z</time>
   </trkpt>
   <trkpt lat="12.8995000" lon="77.5198410">
    <ele>833.4</ele>
    <time>2026-07-05T01:25:27Z</time>
   </trkpt>
   <trkpt lat="12.8995220" lon="77.5198620">
    <ele>833.4</ele>
    <time>2026-07-05T01:25:28Z</time>
   </trkpt>
   <trkpt lat="12.8995430" lon="77.5198850">
    <ele>833.4</ele>
    <time>2026-07-05T01:25:29Z</time>
   </trkpt>
   <trkpt lat="12.8995560" lon="77.5199020">
    <ele>833.5</ele>
    <time>2026-07-05T01:25:30Z</time>
   </trkpt>
   <trkpt lat="12.8995650" lon="77.5199180">
    <ele>833.5</ele>
    <time>2026-07-05T01:25:31Z</time>
   </trkpt>
   <trkpt lat="12.8995790" lon="77.5199330">
    <ele>833.5</ele>
    <time>2026-07-05T01:25:32Z</time>
   </trkpt>
   <trkpt lat="12.8996000" lon="77.5199430">
    <ele>833.5</ele>
    <time>2026-07-05T01:25:33Z</time>
   </trkpt>
   <trkpt lat="12.8996200" lon="77.5199550">
    <ele>833.5</ele>
    <time>2026-07-05T01:25:34Z</time>
   </trkpt>
   <trkpt lat="12.8996380" lon="77.5199720">
    <ele>833.5</ele>
    <time>2026-07-05T01:25:35Z</time>
   </trkpt>
   <trkpt lat="12.8996550" lon="77.5200010">
    <ele>833.5</ele>
    <time>2026-07-05T01:25:36Z</time>
   </trkpt>
   <trkpt lat="12.8996630" lon="77.5200180">
    <ele>833.5</ele>
    <time>2026-07-05T01:25:37Z</time>
   </trkpt>
   <trkpt lat="12.8996730" lon="77.5200400">
    <ele>833.5</ele>
    <time>2026-07-05T01:25:38Z</time>
   </trkpt>
   <trkpt lat="12.8996840" lon="77.5200600">
    <ele>833.5</ele>
    <time>2026-07-05T01:25:39Z</time>
   </trkpt>
   <trkpt lat="12.8996970" lon="77.5200810">
    <ele>833.6</ele>
    <time>2026-07-05T01:25:40Z</time>
   </trkpt>
   <trkpt lat="12.8997100" lon="77.5201030">
    <ele>833.6</ele>
    <time>2026-07-05T01:25:41Z</time>
   </trkpt>
   <trkpt lat="12.8997250" lon="77.5201260">
    <ele>833.6</ele>
    <time>2026-07-05T01:25:42Z</time>
   </trkpt>
   <trkpt lat="12.8997410" lon="77.5201470">
    <ele>833.6</ele>
    <time>2026-07-05T01:25:43Z</time>
   </trkpt>
   <trkpt lat="12.8997540" lon="77.5201680">
    <ele>833.6</ele>
    <time>2026-07-05T01:25:44Z</time>
   </trkpt>
   <trkpt lat="12.8997660" lon="77.5201850">
    <ele>833.6</ele>
    <time>2026-07-05T01:25:45Z</time>
   </trkpt>
   <trkpt lat="12.8997750" lon="77.5202060">
    <ele>833.6</ele>
    <time>2026-07-05T01:25:46Z</time>
   </trkpt>
   <trkpt lat="12.8997840" lon="77.5202270">
    <ele>833.6</ele>
    <time>2026-07-05T01:25:47Z</time>
   </trkpt>
   <trkpt lat="12.8998010" lon="77.5202440">
    <ele>833.7</ele>
    <time>2026-07-05T01:25:48Z</time>
   </trkpt>
   <trkpt lat="12.8998230" lon="77.5202520">
    <ele>833.7</ele>
    <time>2026-07-05T01:25:49Z</time>
   </trkpt>
   <trkpt lat="12.8998330" lon="77.5202700">
    <ele>833.7</ele>
    <time>2026-07-05T01:25:50Z</time>
   </trkpt>
   <trkpt lat="12.8998510" lon="77.5202760">
    <ele>833.7</ele>
    <time>2026-07-05T01:25:51Z</time>
   </trkpt>
   <trkpt lat="12.8998700" lon="77.5202860">
    <ele>833.7</ele>
    <time>2026-07-05T01:25:52Z</time>
   </trkpt>
   <trkpt lat="12.8998900" lon="77.5203020">
    <ele>833.7</ele>
    <time>2026-07-05T01:25:53Z</time>
   </trkpt>
   <trkpt lat="12.8999050" lon="77.5203230">
    <ele>833.7</ele>
    <time>2026-07-05T01:25:54Z</time>
   </trkpt>
   <trkpt lat="12.8999170" lon="77.5203430">
    <ele>833.7</ele>
    <time>2026-07-05T01:25:55Z</time>
   </trkpt>
   <trkpt lat="12.8999310" lon="77.5203600">
    <ele>833.8</ele>
    <time>2026-07-05T01:25:56Z</time>
   </trkpt>
   <trkpt lat="12.8999480" lon="77.5203720">
    <ele>833.8</ele>
    <time>2026-07-05T01:25:57Z</time>
   </trkpt>
   <trkpt lat="12.8999620" lon="77.5203890">
    <ele>833.8</ele>
    <time>2026-07-05T01:25:58Z</time>
   </trkpt>
   <trkpt lat="12.8999740" lon="77.5204120">
    <ele>833.8</ele>
    <time>2026-07-05T01:25:59Z</time>
   </trkpt>
   <trkpt lat="12.8999840" lon="77.5204360">
    <ele>833.8</ele>
    <time>2026-07-05T01:26:00Z</time>
   </trkpt>
   <trkpt lat="12.8999950" lon="77.5204580">
    <ele>833.8</ele>
    <time>2026-07-05T01:26:01Z</time>
   </trkpt>
   <trkpt lat="12.9000070" lon="77.5204790">
    <ele>833.8</ele>
    <time>2026-07-05T01:26:02Z</time>
   </trkpt>
   <trkpt lat="12.9000230" lon="77.5204970">
    <ele>833.8</ele>
    <time>2026-07-05T01:26:03Z</time>
   </trkpt>
   <trkpt lat="12.9000370" lon="77.5205160">
    <ele>833.8</ele>
    <time>2026-07-05T01:26:04Z</time>
   </trkpt>
   <trkpt lat="12.9000510" lon="77.5205360">
    <ele>833.9</ele>
    <time>2026-07-05T01:26:05Z</time>
   </trkpt>
   <trkpt lat="12.9000630" lon="77.5205550">
    <ele>833.9</ele>
    <time>2026-07-05T01:26:06Z</time>
   </trkpt>
   <trkpt lat="12.9000770" lon="77.5205750">
    <ele>833.9</ele>
    <time>2026-07-05T01:26:07Z</time>
   </trkpt>
   <trkpt lat="12.9000930" lon="77.5205900">
    <ele>833.9</ele>
    <time>2026-07-05T01:26:08Z</time>
   </trkpt>
   <trkpt lat="12.9001090" lon="77.5206060">
    <ele>833.9</ele>
    <time>2026-07-05T01:26:09Z</time>
   </trkpt>
   <trkpt lat="12.9001250" lon="77.5206210">
    <ele>833.9</ele>
    <time>2026-07-05T01:26:10Z</time>
   </trkpt>
   <trkpt lat="12.9001410" lon="77.5206350">
    <ele>833.9</ele>
    <time>2026-07-05T01:26:11Z</time>
   </trkpt>
   <trkpt lat="12.9001540" lon="77.5206530">
    <ele>834.0</ele>
    <time>2026-07-05T01:26:12Z</time>
   </trkpt>
   <trkpt lat="12.9001670" lon="77.5206720">
    <ele>834.0</ele>
    <time>2026-07-05T01:26:13Z</time>
   </trkpt>
   <trkpt lat="12.9001820" lon="77.5206880">
    <ele>834.0</ele>
    <time>2026-07-05T01:26:14Z</time>
   </trkpt>
   <trkpt lat="12.9001960" lon="77.5207030">
    <ele>834.0</ele>
    <time>2026-07-05T01:26:15Z</time>
   </trkpt>
   <trkpt lat="12.9002080" lon="77.5207170">
    <ele>834.0</ele>
    <time>2026-07-05T01:26:16Z</time>
   </trkpt>
   <trkpt lat="12.9002240" lon="77.5207330">
    <ele>834.0</ele>
    <time>2026-07-05T01:26:17Z</time>
   </trkpt>
   <trkpt lat="12.9002380" lon="77.5207460">
    <ele>834.0</ele>
    <time>2026-07-05T01:26:18Z</time>
   </trkpt>
   <trkpt lat="12.9002500" lon="77.5207560">
    <ele>834.0</ele>
    <time>2026-07-05T01:26:19Z</time>
   </trkpt>
   <trkpt lat="12.9002630" lon="77.5207690">
    <ele>834.0</ele>
    <time>2026-07-05T01:26:20Z</time>
   </trkpt>
   <trkpt lat="12.9002760" lon="77.5207840">
    <ele>834.0</ele>
    <time>2026-07-05T01:26:21Z</time>
   </trkpt>
   <trkpt lat="12.9002890" lon="77.5208000">
    <ele>834.0</ele>
    <time>2026-07-05T01:26:22Z</time>
   </trkpt>
   <trkpt lat="12.9003000" lon="77.5208200">
    <ele>834.1</ele>
    <time>2026-07-05T01:26:23Z</time>
   </trkpt>
   <trkpt lat="12.9003140" lon="77.5208430">
    <ele>834.1</ele>
    <time>2026-07-05T01:26:24Z</time>
   </trkpt>
   <trkpt lat="12.9003270" lon="77.5208650">
    <ele>834.1</ele>
    <time>2026-07-05T01:26:25Z</time>
   </trkpt>
   <trkpt lat="12.9003400" lon="77.5208850">
    <ele>834.1</ele>
    <time>2026-07-05T01:26:26Z</time>
   </trkpt>
   <trkpt lat="12.9003520" lon="77.5209030">
    <ele>834.1</ele>
    <time>2026-07-05T01:26:27Z</time>
   </trkpt>
   <trkpt lat="12.9003650" lon="77.5209210">
    <ele>834.1</ele>
    <time>2026-07-05T01:26:28Z</time>
   </trkpt>
   <trkpt lat="12.9003770" lon="77.5209330">
    <ele>834.1</ele>
    <time>2026-07-05T01:26:29Z</time>
   </trkpt>
   <trkpt lat="12.9003910" lon="77.5209460">
    <ele>834.1</ele>
    <time>2026-07-05T01:26:30Z</time>
   </trkpt>
   <trkpt lat="12.9004080" lon="77.5209550">
    <ele>834.1</ele>
    <time>2026-07-05T01:26:31Z</time>
   </trkpt>
   <trkpt lat="12.9004270" lon="77.5209690">
    <ele>834.1</ele>
    <time>2026-07-05T01:26:32Z</time>
   </trkpt>
   <trkpt lat="12.9004420" lon="77.5209920">
    <ele>834.1</ele>
    <time>2026-07-05T01:26:33Z</time>
   </trkpt>
   <trkpt lat="12.9004550" lon="77.5210160">
    <ele>834.1</ele>
    <time>2026-07-05T01:26:34Z</time>
   </trkpt>
   <trkpt lat="12.9004650" lon="77.5210370">
    <ele>834.2</ele>
    <time>2026-07-05T01:26:35Z</time>
   </trkpt>
   <trkpt lat="12.9004700" lon="77.5210680">
    <ele>834.2</ele>
    <time>2026-07-05T01:26:36Z</time>
   </trkpt>
   <trkpt lat="12.9004790" lon="77.5210960">
    <ele>834.2</ele>
    <time>2026-07-05T01:26:37Z</time>
   </trkpt>
   <trkpt lat="12.9004890" lon="77.5211130">
    <ele>834.2</ele>
    <time>2026-07-05T01:26:38Z</time>
   </trkpt>
   <trkpt lat="12.9005020" lon="77.5211300">
    <ele>834.2</ele>
    <time>2026-07-05T01:26:39Z</time>
   </trkpt>
   <trkpt lat="12.9005150" lon="77.5211490">
    <ele>834.3</ele>
    <time>2026-07-05T01:26:40Z</time>
   </trkpt>
   <trkpt lat="12.9005310" lon="77.5211630">
    <ele>834.3</ele>
    <time>2026-07-05T01:26:41Z</time>
   </trkpt>
   <trkpt lat="12.9005470" lon="77.5211810">
    <ele>834.3</ele>
    <time>2026-07-05T01:26:42Z</time>
   </trkpt>
   <trkpt lat="12.9005670" lon="77.5211960">
    <ele>834.3</ele>
    <time>2026-07-05T01:26:43Z</time>
   </trkpt>
   <trkpt lat="12.9005830" lon="77.5212140">
    <ele>834.3</ele>
    <time>2026-07-05T01:26:44Z</time>
   </trkpt>
   <trkpt lat="12.9005980" lon="77.5212300">
    <ele>834.3</ele>
    <time>2026-07-05T01:26:45Z</time>
   </trkpt>
   <trkpt lat="12.9006140" lon="77.5212480">
    <ele>834.3</ele>
    <time>2026-07-05T01:26:46Z</time>
   </trkpt>
   <trkpt lat="12.9006310" lon="77.5212670">
    <ele>834.3</ele>
    <time>2026-07-05T01:26:47Z</time>
   </trkpt>
   <trkpt lat="12.9006500" lon="77.5212820">
    <ele>834.3</ele>
    <time>2026-07-05T01:26:48Z</time>
   </trkpt>
   <trkpt lat="12.9006680" lon="77.5212970">
    <ele>834.3</ele>
    <time>2026-07-05T01:26:49Z</time>
   </trkpt>
   <trkpt lat="12.9006840" lon="77.5213140">
    <ele>834.3</ele>
    <time>2026-07-05T01:26:50Z</time>
   </trkpt>
   <trkpt lat="12.9006990" lon="77.5213300">
    <ele>834.3</ele>
    <time>2026-07-05T01:26:51Z</time>
   </trkpt>
   <trkpt lat="12.9007130" lon="77.5213470">
    <ele>834.3</ele>
    <time>2026-07-05T01:26:52Z</time>
   </trkpt>
   <trkpt lat="12.9007270" lon="77.5213680">
    <ele>834.4</ele>
    <time>2026-07-05T01:26:53Z</time>
   </trkpt>
   <trkpt lat="12.9007410" lon="77.5213860">
    <ele>834.4</ele>
    <time>2026-07-05T01:26:54Z</time>
   </trkpt>
   <trkpt lat="12.9007520" lon="77.5214090">
    <ele>834.4</ele>
    <time>2026-07-05T01:26:55Z</time>
   </trkpt>
   <trkpt lat="12.9007640" lon="77.5214300">
    <ele>834.4</ele>
    <time>2026-07-05T01:26:56Z</time>
   </trkpt>
   <trkpt lat="12.9007760" lon="77.5214480">
    <ele>834.4</ele>
    <time>2026-07-05T01:26:57Z</time>
   </trkpt>
   <trkpt lat="12.9007870" lon="77.5214670">
    <ele>834.4</ele>
    <time>2026-07-05T01:26:58Z</time>
   </trkpt>
   <trkpt lat="12.9007970" lon="77.5214870">
    <ele>834.4</ele>
    <time>2026-07-05T01:26:59Z</time>
   </trkpt>
   <trkpt lat="12.9008090" lon="77.5215060">
    <ele>834.4</ele>
    <time>2026-07-05T01:27:00Z</time>
   </trkpt>
   <trkpt lat="12.9008220" lon="77.5215230">
    <ele>834.4</ele>
    <time>2026-07-05T01:27:01Z</time>
   </trkpt>
   <trkpt lat="12.9008400" lon="77.5215410">
    <ele>834.4</ele>
    <time>2026-07-05T01:27:02Z</time>
   </trkpt>
   <trkpt lat="12.9008580" lon="77.5215590">
    <ele>834.4</ele>
    <time>2026-07-05T01:27:03Z</time>
   </trkpt>
   <trkpt lat="12.9008750" lon="77.5215760">
    <ele>834.4</ele>
    <time>2026-07-05T01:27:04Z</time>
   </trkpt>
   <trkpt lat="12.9008910" lon="77.5215930">
    <ele>834.5</ele>
    <time>2026-07-05T01:27:05Z</time>
   </trkpt>
   <trkpt lat="12.9009060" lon="77.5216110">
    <ele>834.5</ele>
    <time>2026-07-05T01:27:06Z</time>
   </trkpt>
   <trkpt lat="12.9009190" lon="77.5216310">
    <ele>834.5</ele>
    <time>2026-07-05T01:27:07Z</time>
   </trkpt>
   <trkpt lat="12.9009320" lon="77.5216510">
    <ele>834.5</ele>
    <time>2026-07-05T01:27:08Z</time>
   </trkpt>
   <trkpt lat="12.9009450" lon="77.5216690">
    <ele>834.5</ele>
    <time>2026-07-05T01:27:09Z</time>
   </trkpt>
   <trkpt lat="12.9009560" lon="77.5216850">
    <ele>834.5</ele>
    <time>2026-07-05T01:27:10Z</time>
   </trkpt>
   <trkpt lat="12.9009670" lon="77.5217020">
    <ele>834.5</ele>
    <time>2026-07-05T01:27:11Z</time>
   </trkpt>
   <trkpt lat="12.9009790" lon="77.5217190">
    <ele>834.5</ele>
    <time>2026-07-05T01:27:12Z</time>
   </trkpt>
   <trkpt lat="12.9009950" lon="77.5217320">
    <ele>834.6</ele>
    <time>2026-07-05T01:27:13Z</time>
   </trkpt>
   <trkpt lat="12.9010150" lon="77.5217420">
    <ele>834.6</ele>
    <time>2026-07-05T01:27:14Z</time>
   </trkpt>
   <trkpt lat="12.9010330" lon="77.5217580">
    <ele>834.6</ele>
    <time>2026-07-05T01:27:15Z</time>
   </trkpt>
   <trkpt lat="12.9010480" lon="77.5217750">
    <ele>834.6</ele>
    <time>2026-07-05T01:27:16Z</time>
   </trkpt>
   <trkpt lat="12.9010580" lon="77.5218040">
    <ele>834.6</ele>
    <time>2026-07-05T01:27:17Z</time>
   </trkpt>
   <trkpt lat="12.9010700" lon="77.5218240">
    <ele>834.6</ele>
    <time>2026-07-05T01:27:18Z</time>
   </trkpt>
   <trkpt lat="12.9010820" lon="77.5218490">
    <ele>834.6</ele>
    <time>2026-07-05T01:27:19Z</time>
   </trkpt>
   <trkpt lat="12.9010920" lon="77.5218700">
    <ele>834.6</ele>
    <time>2026-07-05T01:27:20Z</time>
   </trkpt>
   <trkpt lat="12.9011060" lon="77.5218920">
    <ele>834.7</ele>
    <time>2026-07-05T01:27:21Z</time>
   </trkpt>
   <trkpt lat="12.9011220" lon="77.5219100">
    <ele>834.7</ele>
    <time>2026-07-05T01:27:22Z</time>
   </trkpt>
   <trkpt lat="12.9011350" lon="77.5219300">
    <ele>834.7</ele>
    <time>2026-07-05T01:27:23Z</time>
   </trkpt>
   <trkpt lat="12.9011470" lon="77.5219470">
    <ele>834.7</ele>
    <time>2026-07-05T01:27:24Z</time>
   </trkpt>
   <trkpt lat="12.9011590" lon="77.5219650">
    <ele>834.7</ele>
    <time>2026-07-05T01:27:25Z</time>
   </trkpt>
   <trkpt lat="12.9011760" lon="77.5219820">
    <ele>834.7</ele>
    <time>2026-07-05T01:27:26Z</time>
   </trkpt>
   <trkpt lat="12.9011910" lon="77.5219990">
    <ele>834.7</ele>
    <time>2026-07-05T01:27:27Z</time>
   </trkpt>
   <trkpt lat="12.9012020" lon="77.5220190">
    <ele>834.7</ele>
    <time>2026-07-05T01:27:28Z</time>
   </trkpt>
   <trkpt lat="12.9012190" lon="77.5220340">
    <ele>834.7</ele>
    <time>2026-07-05T01:27:29Z</time>
   </trkpt>
   <trkpt lat="12.9012350" lon="77.5220510">
    <ele>834.7</ele>
    <time>2026-07-05T01:27:30Z</time>
   </trkpt>
   <trkpt lat="12.9012540" lon="77.5220660">
    <ele>834.8</ele>
    <time>2026-07-05T01:27:31Z</time>
   </trkpt>
   <trkpt lat="12.9012660" lon="77.5220750">
    <ele>834.8</ele>
    <time>2026-07-05T01:27:32Z</time>
   </trkpt>
   <trkpt lat="12.9012740" lon="77.5220860">
    <ele>834.8</ele>
    <time>2026-07-05T01:27:33Z</time>
   </trkpt>
   <trkpt lat="12.9012800" lon="77.5220900">
    <ele>834.8</ele>
    <time>2026-07-05T01:27:34Z</time>
   </trkpt>
   <trkpt lat="12.9012960" lon="77.5220950">
    <ele>834.8</ele>
    <time>2026-07-05T01:27:35Z</time>
   </trkpt>
   <trkpt lat="12.9013060" lon="77.5220990">
    <ele>834.8</ele>
    <time>2026-07-05T01:27:36Z</time>
   </trkpt>
   <trkpt lat="12.9013150" lon="77.5221080">
    <ele>834.8</ele>
    <time>2026-07-05T01:27:37Z</time>
   </trkpt>
   <trkpt lat="12.9013210" lon="77.5221220">
    <ele>834.8</ele>
    <time>2026-07-05T01:27:38Z</time>
   </trkpt>
   <trkpt lat="12.9013270" lon="77.5221340">
    <ele>834.8</ele>
    <time>2026-07-05T01:27:39Z</time>
   </trkpt>
   <trkpt lat="12.9013330" lon="77.5221460">
    <ele>834.8</ele>
    <time>2026-07-05T01:27:40Z</time>
   </trkpt>
   <trkpt lat="12.9013440" lon="77.5221600">
    <ele>834.8</ele>
    <time>2026-07-05T01:27:41Z</time>
   </trkpt>
   <trkpt lat="12.9013520" lon="77.5221670">
    <ele>834.8</ele>
    <time>2026-07-05T01:27:42Z</time>
   </trkpt>
   <trkpt lat="12.9013620" lon="77.5221750">
    <ele>834.8</ele>
    <time>2026-07-05T01:27:43Z</time>
   </trkpt>
   <trkpt lat="12.9013690" lon="77.5221870">
    <ele>834.8</ele>
    <time>2026-07-05T01:27:44Z</time>
   </trkpt>
   <trkpt lat="12.9013660" lon="77.5222000">
    <ele>834.8</ele>
    <time>2026-07-05T01:27:45Z</time>
   </trkpt>
   <trkpt lat="12.9013660" lon="77.5222110">
    <ele>834.8</ele>
    <time>2026-07-05T01:27:46Z</time>
   </trkpt>
   <trkpt lat="12.9013830" lon="77.5222220">
    <ele>834.8</ele>
    <time>2026-07-05T01:27:47Z</time>
   </trkpt>
   <trkpt lat="12.9013910" lon="77.5222270">
    <ele>834.8</ele>
    <time>2026-07-05T01:27:48Z</time>
   </trkpt>
   <trkpt lat="12.9014010" lon="77.5222340">
    <ele>834.8</ele>
    <time>2026-07-05T01:27:49Z</time>
   </trkpt>
   <trkpt lat="12.9014120" lon="77.5222440">
    <ele>834.9</ele>
    <time>2026-07-05T01:27:50Z</time>
   </trkpt>
   <trkpt lat="12.9014210" lon="77.5222540">
    <ele>834.9</ele>
    <time>2026-07-05T01:27:51Z</time>
   </trkpt>
   <trkpt lat="12.9014290" lon="77.5222650">
    <ele>834.9</ele>
    <time>2026-07-05T01:27:52Z</time>
   </trkpt>
   <trkpt lat="12.9014350" lon="77.5222740">
    <ele>834.9</ele>
    <time>2026-07-05T01:27:53Z</time>
   </trkpt>
   <trkpt lat="12.9014430" lon="77.5222860">
    <ele>834.9</ele>
    <time>2026-07-05T01:27:54Z</time>
   </trkpt>
   <trkpt lat="12.9014500" lon="77.5222990">
    <ele>834.9</ele>
    <time>2026-07-05T01:27:55Z</time>
   </trkpt>
   <trkpt lat="12.9014570" lon="77.5223140">
    <ele>834.9</ele>
    <time>2026-07-05T01:27:56Z</time>
   </trkpt>
   <trkpt lat="12.9014630" lon="77.5223280">
    <ele>834.9</ele>
    <time>2026-07-05T01:27:57Z</time>
   </trkpt>
   <trkpt lat="12.9014690" lon="77.5223370">
    <ele>834.9</ele>
    <time>2026-07-05T01:27:58Z</time>
   </trkpt>
   <trkpt lat="12.9014770" lon="77.5223510">
    <ele>834.9</ele>
    <time>2026-07-05T01:27:59Z</time>
   </trkpt>
   <trkpt lat="12.9014890" lon="77.5223590">
    <ele>834.9</ele>
    <time>2026-07-05T01:28:00Z</time>
   </trkpt>
   <trkpt lat="12.9015020" lon="77.5223660">
    <ele>834.9</ele>
    <time>2026-07-05T01:28:01Z</time>
   </trkpt>
   <trkpt lat="12.9015120" lon="77.5223780">
    <ele>834.9</ele>
    <time>2026-07-05T01:28:02Z</time>
   </trkpt>
   <trkpt lat="12.9015220" lon="77.5223900">
    <ele>835.0</ele>
    <time>2026-07-05T01:28:03Z</time>
   </trkpt>
   <trkpt lat="12.9015320" lon="77.5224000">
    <ele>835.0</ele>
    <time>2026-07-05T01:28:04Z</time>
   </trkpt>
   <trkpt lat="12.9015400" lon="77.5224110">
    <ele>835.0</ele>
    <time>2026-07-05T01:28:05Z</time>
   </trkpt>
   <trkpt lat="12.9015500" lon="77.5224250">
    <ele>835.0</ele>
    <time>2026-07-05T01:28:06Z</time>
   </trkpt>
   <trkpt lat="12.9015600" lon="77.5224380">
    <ele>835.0</ele>
    <time>2026-07-05T01:28:07Z</time>
   </trkpt>
   <trkpt lat="12.9015610" lon="77.5224490">
    <ele>835.0</ele>
    <time>2026-07-05T01:28:08Z</time>
   </trkpt>
   <trkpt lat="12.9015670" lon="77.5224580">
    <ele>835.0</ele>
    <time>2026-07-05T01:28:09Z</time>
   </trkpt>
   <trkpt lat="12.9015750" lon="77.5224680">
    <ele>835.0</ele>
    <time>2026-07-05T01:28:10Z</time>
   </trkpt>
   <trkpt lat="12.9015860" lon="77.5224800">
    <ele>835.0</ele>
    <time>2026-07-05T01:28:11Z</time>
   </trkpt>
   <trkpt lat="12.9015920" lon="77.5224870">
    <ele>835.0</ele>
    <time>2026-07-05T01:28:12Z</time>
   </trkpt>
   <trkpt lat="12.9015990" lon="77.5224950">
    <ele>835.0</ele>
    <time>2026-07-05T01:28:13Z</time>
   </trkpt>
   <trkpt lat="12.9016080" lon="77.5225050">
    <ele>835.0</ele>
    <time>2026-07-05T01:28:14Z</time>
   </trkpt>
   <trkpt lat="12.9016200" lon="77.5225170">
    <ele>835.0</ele>
    <time>2026-07-05T01:28:15Z</time>
   </trkpt>
   <trkpt lat="12.9016300" lon="77.5225310">
    <ele>835.1</ele>
    <time>2026-07-05T01:28:16Z</time>
   </trkpt>
   <trkpt lat="12.9016390" lon="77.5225500">
    <ele>835.1</ele>
    <time>2026-07-05T01:28:17Z</time>
   </trkpt>
   <trkpt lat="12.9016400" lon="77.5225620">
    <ele>835.1</ele>
    <time>2026-07-05T01:28:18Z</time>
   </trkpt>
   <trkpt lat="12.9016440" lon="77.5225730">
    <ele>835.1</ele>
    <time>2026-07-05T01:28:19Z</time>
   </trkpt>
   <trkpt lat="12.9016520" lon="77.5225860">
    <ele>835.1</ele>
    <time>2026-07-05T01:28:20Z</time>
   </trkpt>
   <trkpt lat="12.9016610" lon="77.5225970">
    <ele>835.1</ele>
    <time>2026-07-05T01:28:21Z</time>
   </trkpt>
   <trkpt lat="12.9016750" lon="77.5226050">
    <ele>835.1</ele>
    <time>2026-07-05T01:28:22Z</time>
   </trkpt>
   <trkpt lat="12.9016850" lon="77.5226110">
    <ele>835.1</ele>
    <time>2026-07-05T01:28:23Z</time>
   </trkpt>
   <trkpt lat="12.9016990" lon="77.5226170">
    <ele>835.1</ele>
    <time>2026-07-05T01:28:24Z</time>
   </trkpt>
   <trkpt lat="12.9017180" lon="77.5226270">
    <ele>835.1</ele>
    <time>2026-07-05T01:28:25Z</time>
   </trkpt>
   <trkpt lat="12.9017350" lon="77.5226400">
    <ele>835.2</ele>
    <time>2026-07-05T01:28:26Z</time>
   </trkpt>
   <trkpt lat="12.9017500" lon="77.5226560">
    <ele>835.2</ele>
    <time>2026-07-05T01:28:27Z</time>
   </trkpt>
   <trkpt lat="12.9017600" lon="77.5226750">
    <ele>835.2</ele>
    <time>2026-07-05T01:28:28Z</time>
   </trkpt>
   <trkpt lat="12.9017620" lon="77.5226970">
    <ele>835.2</ele>
    <time>2026-07-05T01:28:29Z</time>
   </trkpt>
   <trkpt lat="12.9017620" lon="77.5227210">
    <ele>835.2</ele>
    <time>2026-07-05T01:28:30Z</time>
   </trkpt>
   <trkpt lat="12.9017660" lon="77.5227420">
    <ele>835.3</ele>
    <time>2026-07-05T01:28:31Z</time>
   </trkpt>
   <trkpt lat="12.9017750" lon="77.5227610">
    <ele>835.3</ele>
    <time>2026-07-05T01:28:32Z</time>
   </trkpt>
   <trkpt lat="12.9017840" lon="77.5227830">
    <ele>835.3</ele>
    <time>2026-07-05T01:28:33Z</time>
   </trkpt>
   <trkpt lat="12.9017910" lon="77.5228030">
    <ele>835.3</ele>
    <time>2026-07-05T01:28:34Z</time>
   </trkpt>
   <trkpt lat="12.9018000" lon="77.5228260">
    <ele>835.3</ele>
    <time>2026-07-05T01:28:35Z</time>
   </trkpt>
   <trkpt lat="12.9018130" lon="77.5228500">
    <ele>835.4</ele>
    <time>2026-07-05T01:28:36Z</time>
   </trkpt>
   <trkpt lat="12.9018300" lon="77.5228740">
    <ele>835.4</ele>
    <time>2026-07-05T01:28:37Z</time>
   </trkpt>
   <trkpt lat="12.9018480" lon="77.5228950">
    <ele>835.4</ele>
    <time>2026-07-05T01:28:38Z</time>
   </trkpt>
   <trkpt lat="12.9018670" lon="77.5229160">
    <ele>835.4</ele>
    <time>2026-07-05T01:28:39Z</time>
   </trkpt>
   <trkpt lat="12.9018860" lon="77.5229370">
    <ele>835.5</ele>
    <time>2026-07-05T01:28:40Z</time>
   </trkpt>
   <trkpt lat="12.9019080" lon="77.5229540">
    <ele>835.5</ele>
    <time>2026-07-05T01:28:41Z</time>
   </trkpt>
   <trkpt lat="12.9019300" lon="77.5229740">
    <ele>835.5</ele>
    <time>2026-07-05T01:28:42Z</time>
   </trkpt>
   <trkpt lat="12.9019490" lon="77.5229920">
    <ele>835.5</ele>
    <time>2026-07-05T01:28:43Z</time>
   </trkpt>
   <trkpt lat="12.9019690" lon="77.5230090">
    <ele>835.6</ele>
    <time>2026-07-05T01:28:44Z</time>
   </trkpt>
   <trkpt lat="12.9019860" lon="77.5230240">
    <ele>835.6</ele>
    <time>2026-07-05T01:28:45Z</time>
   </trkpt>
   <trkpt lat="12.9020020" lon="77.5230410">
    <ele>835.6</ele>
    <time>2026-07-05T01:28:46Z</time>
   </trkpt>
   <trkpt lat="12.9020140" lon="77.5230610">
    <ele>835.6</ele>
    <time>2026-07-05T01:28:47Z</time>
   </trkpt>
   <trkpt lat="12.9020280" lon="77.5230810">
    <ele>835.6</ele>
    <time>2026-07-05T01:28:48Z</time>
   </trkpt>
   <trkpt lat="12.9020420" lon="77.5231000">
    <ele>835.7</ele>
    <time>2026-07-05T01:28:49Z</time>
   </trkpt>
   <trkpt lat="12.9020560" lon="77.5231130">
    <ele>835.7</ele>
    <time>2026-07-05T01:28:50Z</time>
   </trkpt>
   <trkpt lat="12.9020690" lon="77.5231290">
    <ele>835.7</ele>
    <time>2026-07-05T01:28:51Z</time>
   </trkpt>
   <trkpt lat="12.9020840" lon="77.5231470">
    <ele>835.7</ele>
    <time>2026-07-05T01:28:52Z</time>
   </trkpt>
   <trkpt lat="12.9020990" lon="77.5231660">
    <ele>835.7</ele>
    <time>2026-07-05T01:28:53Z</time>
   </trkpt>
   <trkpt lat="12.9021150" lon="77.5231850">
    <ele>835.7</ele>
    <time>2026-07-05T01:28:54Z</time>
   </trkpt>
   <trkpt lat="12.9021310" lon="77.5232070">
    <ele>835.8</ele>
    <time>2026-07-05T01:28:55Z</time>
   </trkpt>
   <trkpt lat="12.9021440" lon="77.5232290">
    <ele>835.8</ele>
    <time>2026-07-05T01:28:56Z</time>
   </trkpt>
   <trkpt lat="12.9021590" lon="77.5232510">
    <ele>835.8</ele>
    <time>2026-07-05T01:28:57Z</time>
   </trkpt>
   <trkpt lat="12.9021760" lon="77.5232720">
    <ele>835.8</ele>
    <time>2026-07-05T01:28:58Z</time>
   </trkpt>
   <trkpt lat="12.9021910" lon="77.5232920">
    <ele>835.8</ele>
    <time>2026-07-05T01:28:59Z</time>
   </trkpt>
   <trkpt lat="12.9022070" lon="77.5233120">
    <ele>835.9</ele>
    <time>2026-07-05T01:29:00Z</time>
   </trkpt>
   <trkpt lat="12.9022230" lon="77.5233340">
    <ele>835.9</ele>
    <time>2026-07-05T01:29:01Z</time>
   </trkpt>
   <trkpt lat="12.9022360" lon="77.5233570">
    <ele>835.9</ele>
    <time>2026-07-05T01:29:02Z</time>
   </trkpt>
   <trkpt lat="12.9022490" lon="77.5233740">
    <ele>835.9</ele>
    <time>2026-07-05T01:29:03Z</time>
   </trkpt>
   <trkpt lat="12.9022650" lon="77.5233890">
    <ele>835.9</ele>
    <time>2026-07-05T01:29:04Z</time>
   </trkpt>
   <trkpt lat="12.9022810" lon="77.5234080">
    <ele>836.0</ele>
    <time>2026-07-05T01:29:05Z</time>
   </trkpt>
   <trkpt lat="12.9022970" lon="77.5234310">
    <ele>836.0</ele>
    <time>2026-07-05T01:29:06Z</time>
   </trkpt>
   <trkpt lat="12.9023140" lon="77.5234470">
    <ele>836.0</ele>
    <time>2026-07-05T01:29:07Z</time>
   </trkpt>
   <trkpt lat="12.9023300" lon="77.5234650">
    <ele>836.0</ele>
    <time>2026-07-05T01:29:08Z</time>
   </trkpt>
   <trkpt lat="12.9023500" lon="77.5234820">
    <ele>836.1</ele>
    <time>2026-07-05T01:29:09Z</time>
   </trkpt>
   <trkpt lat="12.9023700" lon="77.5235010">
    <ele>836.1</ele>
    <time>2026-07-05T01:29:10Z</time>
   </trkpt>
   <trkpt lat="12.9023850" lon="77.5235200">
    <ele>836.1</ele>
    <time>2026-07-05T01:29:11Z</time>
   </trkpt>
   <trkpt lat="12.9023970" lon="77.5235450">
    <ele>836.2</ele>
    <time>2026-07-05T01:29:12Z</time>
   </trkpt>
   <trkpt lat="12.9024090" lon="77.5235720">
    <ele>836.2</ele>
    <time>2026-07-05T01:29:13Z</time>
   </trkpt>
   <trkpt lat="12.9024250" lon="77.5235960">
    <ele>836.2</ele>
    <time>2026-07-05T01:29:14Z</time>
   </trkpt>
   <trkpt lat="12.9024440" lon="77.5236180">
    <ele>836.3</ele>
    <time>2026-07-05T01:29:15Z</time>
   </trkpt>
   <trkpt lat="12.9024600" lon="77.5236360">
    <ele>836.3</ele>
    <time>2026-07-05T01:29:16Z</time>
   </trkpt>
   <trkpt lat="12.9024770" lon="77.5236550">
    <ele>836.3</ele>
    <time>2026-07-05T01:29:17Z</time>
   </trkpt>
   <trkpt lat="12.9024920" lon="77.5236730">
    <ele>836.4</ele>
    <time>2026-07-05T01:29:18Z</time>
   </trkpt>
   <trkpt lat="12.9025090" lon="77.5236870">
    <ele>836.4</ele>
    <time>2026-07-05T01:29:19Z</time>
   </trkpt>
   <trkpt lat="12.9025240" lon="77.5237020">
    <ele>836.4</ele>
    <time>2026-07-05T01:29:20Z</time>
   </trkpt>
   <trkpt lat="12.9025370" lon="77.5237170">
    <ele>836.4</ele>
    <time>2026-07-05T01:29:21Z</time>
   </trkpt>
   <trkpt lat="12.9025470" lon="77.5237380">
    <ele>836.5</ele>
    <time>2026-07-05T01:29:22Z</time>
   </trkpt>
   <trkpt lat="12.9025570" lon="77.5237600">
    <ele>836.5</ele>
    <time>2026-07-05T01:29:23Z</time>
   </trkpt>
   <trkpt lat="12.9025710" lon="77.5237790">
    <ele>836.5</ele>
    <time>2026-07-05T01:29:24Z</time>
   </trkpt>
   <trkpt lat="12.9025870" lon="77.5237970">
    <ele>836.6</ele>
    <time>2026-07-05T01:29:25Z</time>
   </trkpt>
   <trkpt lat="12.9026010" lon="77.5238150">
    <ele>836.6</ele>
    <time>2026-07-05T01:29:26Z</time>
   </trkpt>
   <trkpt lat="12.9026150" lon="77.5238360">
    <ele>836.6</ele>
    <time>2026-07-05T01:29:27Z</time>
   </trkpt>
   <trkpt lat="12.9026310" lon="77.5238580">
    <ele>836.7</ele>
    <time>2026-07-05T01:29:28Z</time>
   </trkpt>
   <trkpt lat="12.9026450" lon="77.5238770">
    <ele>836.7</ele>
    <time>2026-07-05T01:29:29Z</time>
   </trkpt>
   <trkpt lat="12.9026610" lon="77.5238980">
    <ele>836.8</ele>
    <time>2026-07-05T01:29:30Z</time>
   </trkpt>
   <trkpt lat="12.9026760" lon="77.5239160">
    <ele>836.8</ele>
    <time>2026-07-05T01:29:31Z</time>
   </trkpt>
   <trkpt lat="12.9026930" lon="77.5239300">
    <ele>836.9</ele>
    <time>2026-07-05T01:29:32Z</time>
   </trkpt>
   <trkpt lat="12.9027110" lon="77.5239430">
    <ele>836.9</ele>
    <time>2026-07-05T01:29:33Z</time>
   </trkpt>
   <trkpt lat="12.9027280" lon="77.5239570">
    <ele>836.9</ele>
    <time>2026-07-05T01:29:34Z</time>
   </trkpt>
   <trkpt lat="12.9027410" lon="77.5239770">
    <ele>837.0</ele>
    <time>2026-07-05T01:29:35Z</time>
   </trkpt>
   <trkpt lat="12.9027540" lon="77.5239950">
    <ele>837.0</ele>
    <time>2026-07-05T01:29:36Z</time>
   </trkpt>
   <trkpt lat="12.9027640" lon="77.5240160">
    <ele>837.1</ele>
    <time>2026-07-05T01:29:37Z</time>
   </trkpt>
   <trkpt lat="12.9027780" lon="77.5240320">
    <ele>837.1</ele>
    <time>2026-07-05T01:29:38Z</time>
   </trkpt>
   <trkpt lat="12.9027920" lon="77.5240480">
    <ele>837.2</ele>
    <time>2026-07-05T01:29:39Z</time>
   </trkpt>
   <trkpt lat="12.9028020" lon="77.5240630">
    <ele>837.2</ele>
    <time>2026-07-05T01:29:40Z</time>
   </trkpt>
   <trkpt lat="12.9028160" lon="77.5240790">
    <ele>837.2</ele>
    <time>2026-07-05T01:29:41Z</time>
   </trkpt>
   <trkpt lat="12.9028280" lon="77.5240950">
    <ele>837.3</ele>
    <time>2026-07-05T01:29:42Z</time>
   </trkpt>
   <trkpt lat="12.9028400" lon="77.5241110">
    <ele>837.3</ele>
    <time>2026-07-05T01:29:43Z</time>
   </trkpt>
   <trkpt lat="12.9028520" lon="77.5241290">
    <ele>837.4</ele>
    <time>2026-07-05T01:29:44Z</time>
   </trkpt>
   <trkpt lat="12.9028630" lon="77.5241440">
    <ele>837.4</ele>
    <time>2026-07-05T01:29:45Z</time>
   </trkpt>
   <trkpt lat="12.9028790" lon="77.5241620">
    <ele>837.5</ele>
    <time>2026-07-05T01:29:46Z</time>
   </trkpt>
   <trkpt lat="12.9028960" lon="77.5241800">
    <ele>837.5</ele>
    <time>2026-07-05T01:29:47Z</time>
   </trkpt>
   <trkpt lat="12.9029080" lon="77.5242020">
    <ele>837.6</ele>
    <time>2026-07-05T01:29:48Z</time>
   </trkpt>
   <trkpt lat="12.9029220" lon="77.5242210">
    <ele>837.6</ele>
    <time>2026-07-05T01:29:49Z</time>
   </trkpt>
   <trkpt lat="12.9029320" lon="77.5242460">
    <ele>837.7</ele>
    <time>2026-07-05T01:29:50Z</time>
   </trkpt>
   <trkpt lat="12.9029430" lon="77.5242660">
    <ele>837.7</ele>
    <time>2026-07-05T01:29:51Z</time>
   </trkpt>
   <trkpt lat="12.9029530" lon="77.5242860">
    <ele>837.8</ele>
    <time>2026-07-05T01:29:52Z</time>
   </trkpt>
   <trkpt lat="12.9029670" lon="77.5243020">
    <ele>837.9</ele>
    <time>2026-07-05T01:29:53Z</time>
   </trkpt>
   <trkpt lat="12.9029810" lon="77.5243190">
    <ele>837.9</ele>
    <time>2026-07-05T01:29:54Z</time>
   </trkpt>
   <trkpt lat="12.9029970" lon="77.5243360">
    <ele>838.0</ele>
    <time>2026-07-05T01:29:55Z</time>
   </trkpt>
   <trkpt lat="12.9030110" lon="77.5243540">
    <ele>838.0</ele>
    <time>2026-07-05T01:29:56Z</time>
   </trkpt>
   <trkpt lat="12.9030250" lon="77.5243720">
    <ele>838.1</ele>
    <time>2026-07-05T01:29:57Z</time>
   </trkpt>
   <trkpt lat="12.9030370" lon="77.5243920">
    <ele>838.2</ele>
    <time>2026-07-05T01:29:58Z</time>
   </trkpt>
   <trkpt lat="12.9030530" lon="77.5244070">
    <ele>838.2</ele>
    <time>2026-07-05T01:29:59Z</time>
   </trkpt>
   <trkpt lat="12.9030670" lon="77.5244260">
    <ele>838.3</ele>
    <time>2026-07-05T01:30:00Z</time>
   </trkpt>
   <trkpt lat="12.9030800" lon="77.5244430">
    <ele>838.4</ele>
    <time>2026-07-05T01:30:01Z</time>
   </trkpt>
   <trkpt lat="12.9030950" lon="77.5244620">
    <ele>838.4</ele>
    <time>2026-07-05T01:30:02Z</time>
   </trkpt>
   <trkpt lat="12.9031040" lon="77.5244770">
    <ele>838.5</ele>
    <time>2026-07-05T01:30:03Z</time>
   </trkpt>
   <trkpt lat="12.9031130" lon="77.5244900">
    <ele>838.6</ele>
    <time>2026-07-05T01:30:04Z</time>
   </trkpt>
   <trkpt lat="12.9031180" lon="77.5245040">
    <ele>838.6</ele>
    <time>2026-07-05T01:30:05Z</time>
   </trkpt>
   <trkpt lat="12.9031200" lon="77.5245180">
    <ele>838.6</ele>
    <time>2026-07-05T01:30:06Z</time>
   </trkpt>
   <trkpt lat="12.9031270" lon="77.5245300">
    <ele>838.7</ele>
    <time>2026-07-05T01:30:07Z</time>
   </trkpt>
   <trkpt lat="12.9031390" lon="77.5245390">
    <ele>838.7</ele>
    <time>2026-07-05T01:30:08Z</time>
   </trkpt>
   <trkpt lat="12.9031500" lon="77.5245460">
    <ele>838.8</ele>
    <time>2026-07-05T01:30:09Z</time>
   </trkpt>
   <trkpt lat="12.9031570" lon="77.5245560">
    <ele>838.8</ele>
    <time>2026-07-05T01:30:10Z</time>
   </trkpt>
   <trkpt lat="12.9031660" lon="77.5245650">
    <ele>838.8</ele>
    <time>2026-07-05T01:30:11Z</time>
   </trkpt>
   <trkpt lat="12.9031760" lon="77.5245740">
    <ele>838.9</ele>
    <time>2026-07-05T01:30:12Z</time>
   </trkpt>
   <trkpt lat="12.9031850" lon="77.5245860">
    <ele>838.9</ele>
    <time>2026-07-05T01:30:13Z</time>
   </trkpt>
   <trkpt lat="12.9031900" lon="77.5245910">
    <ele>839.0</ele>
    <time>2026-07-05T01:30:14Z</time>
   </trkpt>
   <trkpt lat="12.9031940" lon="77.5245990">
    <ele>839.0</ele>
    <time>2026-07-05T01:30:15Z</time>
   </trkpt>
   <trkpt lat="12.9032000" lon="77.5246070">
    <ele>839.0</ele>
    <time>2026-07-05T01:30:16Z</time>
   </trkpt>
   <trkpt lat="12.9032070" lon="77.5246130">
    <ele>839.1</ele>
    <time>2026-07-05T01:30:17Z</time>
   </trkpt>
   <trkpt lat="12.9032170" lon="77.5246180">
    <ele>839.1</ele>
    <time>2026-07-05T01:30:18Z</time>
   </trkpt>
   <trkpt lat="12.9032300" lon="77.5246240">
    <ele>839.2</ele>
    <time>2026-07-05T01:30:19Z</time>
   </trkpt>
   <trkpt lat="12.9032380" lon="77.5246310">
    <ele>839.2</ele>
    <time>2026-07-05T01:30:20Z</time>
   </trkpt>
   <trkpt lat="12.9032480" lon="77.5246380">
    <ele>839.2</ele>
    <time>2026-07-05T01:30:21Z</time>
   </trkpt>
   <trkpt lat="12.9032570" lon="77.5246520">
    <ele>839.3</ele>
    <time>2026-07-05T01:30:22Z</time>
   </trkpt>
   <trkpt lat="12.9032600" lon="77.5246670">
    <ele>839.3</ele>
    <time>2026-07-05T01:30:23Z</time>
   </trkpt>
   <trkpt lat="12.9032700" lon="77.5246770">
    <ele>839.4</ele>
    <time>2026-07-05T01:30:24Z</time>
   </trkpt>
   <trkpt lat="12.9032870" lon="77.5246810">
    <ele>839.5</ele>
    <time>2026-07-05T01:30:25Z</time>
   </trkpt>
   <trkpt lat="12.9032980" lon="77.5246860">
    <ele>839.5</ele>
    <time>2026-07-05T01:30:26Z</time>
   </trkpt>
   <trkpt lat="12.9033120" lon="77.5246910">
    <ele>839.5</ele>
    <time>2026-07-05T01:30:27Z</time>
   </trkpt>
   <trkpt lat="12.9033240" lon="77.5246970">
    <ele>839.6</ele>
    <time>2026-07-05T01:30:28Z</time>
   </trkpt>
   <trkpt lat="12.9033380" lon="77.5247050">
    <ele>839.6</ele>
    <time>2026-07-05T01:30:29Z</time>
   </trkpt>
   <trkpt lat="12.9033560" lon="77.5247200">
    <ele>839.7</ele>
    <time>2026-07-05T01:30:30Z</time>
   </trkpt>
   <trkpt lat="12.9033630" lon="77.5247360">
    <ele>839.8</ele>
    <time>2026-07-05T01:30:31Z</time>
   </trkpt>
   <trkpt lat="12.9033690" lon="77.5247560">
    <ele>839.9</ele>
    <time>2026-07-05T01:30:32Z</time>
   </trkpt>
   <trkpt lat="12.9033740" lon="77.5247750">
    <ele>839.9</ele>
    <time>2026-07-05T01:30:33Z</time>
   </trkpt>
   <trkpt lat="12.9033820" lon="77.5247920">
    <ele>840.0</ele>
    <time>2026-07-05T01:30:34Z</time>
   </trkpt>
   <trkpt lat="12.9033960" lon="77.5248180">
    <ele>840.1</ele>
    <time>2026-07-05T01:30:35Z</time>
   </trkpt>
   <trkpt lat="12.9034120" lon="77.5248350">
    <ele>840.2</ele>
    <time>2026-07-05T01:30:36Z</time>
   </trkpt>
   <trkpt lat="12.9034330" lon="77.5248530">
    <ele>840.3</ele>
    <time>2026-07-05T01:30:37Z</time>
   </trkpt>
   <trkpt lat="12.9034500" lon="77.5248710">
    <ele>840.4</ele>
    <time>2026-07-05T01:30:38Z</time>
   </trkpt>
   <trkpt lat="12.9034630" lon="77.5248930">
    <ele>840.5</ele>
    <time>2026-07-05T01:30:39Z</time>
   </trkpt>
   <trkpt lat="12.9034730" lon="77.5249110">
    <ele>840.6</ele>
    <time>2026-07-05T01:30:40Z</time>
   </trkpt>
   <trkpt lat="12.9034840" lon="77.5249270">
    <ele>840.6</ele>
    <time>2026-07-05T01:30:41Z</time>
   </trkpt>
   <trkpt lat="12.9035000" lon="77.5249380">
    <ele>840.7</ele>
    <time>2026-07-05T01:30:42Z</time>
   </trkpt>
   <trkpt lat="12.9035150" lon="77.5249490">
    <ele>840.8</ele>
    <time>2026-07-05T01:30:43Z</time>
   </trkpt>
   <trkpt lat="12.9035270" lon="77.5249650">
    <ele>840.9</ele>
    <time>2026-07-05T01:30:44Z</time>
   </trkpt>
   <trkpt lat="12.9035390" lon="77.5249830">
    <ele>840.9</ele>
    <time>2026-07-05T01:30:45Z</time>
   </trkpt>
   <trkpt lat="12.9035490" lon="77.5250010">
    <ele>841.0</ele>
    <time>2026-07-05T01:30:46Z</time>
   </trkpt>
   <trkpt lat="12.9035590" lon="77.5250180">
    <ele>841.1</ele>
    <time>2026-07-05T01:30:47Z</time>
   </trkpt>
   <trkpt lat="12.9035700" lon="77.5250340">
    <ele>841.2</ele>
    <time>2026-07-05T01:30:48Z</time>
   </trkpt>
   <trkpt lat="12.9035840" lon="77.5250520">
    <ele>841.3</ele>
    <time>2026-07-05T01:30:49Z</time>
   </trkpt>
   <trkpt lat="12.9035970" lon="77.5250720">
    <ele>841.4</ele>
    <time>2026-07-05T01:30:50Z</time>
   </trkpt>
   <trkpt lat="12.9036100" lon="77.5250930">
    <ele>841.5</ele>
    <time>2026-07-05T01:30:51Z</time>
   </trkpt>
   <trkpt lat="12.9036250" lon="77.5251110">
    <ele>841.6</ele>
    <time>2026-07-05T01:30:52Z</time>
   </trkpt>
   <trkpt lat="12.9036410" lon="77.5251280">
    <ele>841.6</ele>
    <time>2026-07-05T01:30:53Z</time>
   </trkpt>
   <trkpt lat="12.9036610" lon="77.5251450">
    <ele>841.7</ele>
    <time>2026-07-05T01:30:54Z</time>
   </trkpt>
   <trkpt lat="12.9036790" lon="77.5251620">
    <ele>841.8</ele>
    <time>2026-07-05T01:30:55Z</time>
   </trkpt>
   <trkpt lat="12.9036970" lon="77.5251790">
    <ele>841.9</ele>
    <time>2026-07-05T01:30:56Z</time>
   </trkpt>
   <trkpt lat="12.9037140" lon="77.5251940">
    <ele>842.0</ele>
    <time>2026-07-05T01:30:57Z</time>
   </trkpt>
   <trkpt lat="12.9037350" lon="77.5252060">
    <ele>842.1</ele>
    <time>2026-07-05T01:30:58Z</time>
   </trkpt>
   <trkpt lat="12.9037510" lon="77.5252090">
    <ele>842.1</ele>
    <time>2026-07-05T01:30:59Z</time>
   </trkpt>
   <trkpt lat="12.9037670" lon="77.5252210">
    <ele>842.3</ele>
    <time>2026-07-05T01:31:00Z</time>
   </trkpt>
   <trkpt lat="12.9037790" lon="77.5252400">
    <ele>842.3</ele>
    <time>2026-07-05T01:31:01Z</time>
   </trkpt>
   <trkpt lat="12.9037890" lon="77.5252640">
    <ele>842.4</ele>
    <time>2026-07-05T01:31:02Z</time>
   </trkpt>
   <trkpt lat="12.9038060" lon="77.5252870">
    <ele>842.5</ele>
    <time>2026-07-05T01:31:03Z</time>
   </trkpt>
   <trkpt lat="12.9038220" lon="77.5253060">
    <ele>842.6</ele>
    <time>2026-07-05T01:31:04Z</time>
   </trkpt>
   <trkpt lat="12.9038410" lon="77.5253190">
    <ele>842.7</ele>
    <time>2026-07-05T01:31:05Z</time>
   </trkpt>
   <trkpt lat="12.9038520" lon="77.5253400">
    <ele>842.8</ele>
    <time>2026-07-05T01:31:06Z</time>
   </trkpt>
   <trkpt lat="12.9038650" lon="77.5253620">
    <ele>842.9</ele>
    <time>2026-07-05T01:31:07Z</time>
   </trkpt>
   <trkpt lat="12.9038800" lon="77.5253770">
    <ele>843.0</ele>
    <time>2026-07-05T01:31:08Z</time>
   </trkpt>
   <trkpt lat="12.9038940" lon="77.5253920">
    <ele>843.0</ele>
    <time>2026-07-05T01:31:09Z</time>
   </trkpt>
   <trkpt lat="12.9039120" lon="77.5254060">
    <ele>843.1</ele>
    <time>2026-07-05T01:31:10Z</time>
   </trkpt>
   <trkpt lat="12.9039240" lon="77.5254190">
    <ele>843.2</ele>
    <time>2026-07-05T01:31:11Z</time>
   </trkpt>
   <trkpt lat="12.9039450" lon="77.5254320">
    <ele>843.3</ele>
    <time>2026-07-05T01:31:12Z</time>
   </trkpt>
   <trkpt lat="12.9039660" lon="77.5254420">
    <ele>843.3</ele>
    <time>2026-07-05T01:31:13Z</time>
   </trkpt>
   <trkpt lat="12.9039860" lon="77.5254550">
    <ele>843.4</ele>
    <time>2026-07-05T01:31:14Z</time>
   </trkpt>
   <trkpt lat="12.9040110" lon="77.5254630">
    <ele>843.5</ele>
    <time>2026-07-05T01:31:15Z</time>
   </trkpt>
   <trkpt lat="12.9040350" lon="77.5254700">
    <ele>843.6</ele>
    <time>2026-07-05T01:31:16Z</time>
   </trkpt>
   <trkpt lat="12.9040530" lon="77.5254850">
    <ele>843.7</ele>
    <time>2026-07-05T01:31:17Z</time>
   </trkpt>
   <trkpt lat="12.9040650" lon="77.5255020">
    <ele>843.7</ele>
    <time>2026-07-05T01:31:18Z</time>
   </trkpt>
   <trkpt lat="12.9040790" lon="77.5255190">
    <ele>843.8</ele>
    <time>2026-07-05T01:31:19Z</time>
   </trkpt>
   <trkpt lat="12.9040890" lon="77.5255310">
    <ele>843.9</ele>
    <time>2026-07-05T01:31:20Z</time>
   </trkpt>
   <trkpt lat="12.9041040" lon="77.5255440">
    <ele>843.9</ele>
    <time>2026-07-05T01:31:21Z</time>
   </trkpt>
   <trkpt lat="12.9041170" lon="77.5255570">
    <ele>844.0</ele>
    <time>2026-07-05T01:31:22Z</time>
   </trkpt>
   <trkpt lat="12.9041300" lon="77.5255710">
    <ele>844.1</ele>
    <time>2026-07-05T01:31:23Z</time>
   </trkpt>
   <trkpt lat="12.9041460" lon="77.5255830">
    <ele>844.1</ele>
    <time>2026-07-05T01:31:24Z</time>
   </trkpt>
   <trkpt lat="12.9041590" lon="77.5255950">
    <ele>844.2</ele>
    <time>2026-07-05T01:31:25Z</time>
   </trkpt>
   <trkpt lat="12.9041740" lon="77.5256070">
    <ele>844.3</ele>
    <time>2026-07-05T01:31:26Z</time>
   </trkpt>
   <trkpt lat="12.9041860" lon="77.5256180">
    <ele>844.3</ele>
    <time>2026-07-05T01:31:27Z</time>
   </trkpt>
   <trkpt lat="12.9041980" lon="77.5256270">
    <ele>844.4</ele>
    <time>2026-07-05T01:31:28Z</time>
   </trkpt>
   <trkpt lat="12.9042120" lon="77.5256430">
    <ele>844.4</ele>
    <time>2026-07-05T01:31:29Z</time>
   </trkpt>
   <trkpt lat="12.9042220" lon="77.5256650">
    <ele>844.5</ele>
    <time>2026-07-05T01:31:30Z</time>
   </trkpt>
   <trkpt lat="12.9042350" lon="77.5256830">
    <ele>844.6</ele>
    <time>2026-07-05T01:31:31Z</time>
   </trkpt>
   <trkpt lat="12.9042550" lon="77.5257030">
    <ele>844.7</ele>
    <time>2026-07-05T01:31:32Z</time>
   </trkpt>
   <trkpt lat="12.9042780" lon="77.5257180">
    <ele>844.8</ele>
    <time>2026-07-05T01:31:33Z</time>
   </trkpt>
   <trkpt lat="12.9043020" lon="77.5257320">
    <ele>844.9</ele>
    <time>2026-07-05T01:31:34Z</time>
   </trkpt>
   <trkpt lat="12.9043210" lon="77.5257520">
    <ele>845.0</ele>
    <time>2026-07-05T01:31:35Z</time>
   </trkpt>
   <trkpt lat="12.9043390" lon="77.5257700">
    <ele>845.1</ele>
    <time>2026-07-05T01:31:36Z</time>
   </trkpt>
   <trkpt lat="12.9043560" lon="77.5257890">
    <ele>845.2</ele>
    <time>2026-07-05T01:31:37Z</time>
   </trkpt>
   <trkpt lat="12.9043710" lon="77.5258060">
    <ele>845.2</ele>
    <time>2026-07-05T01:31:38Z</time>
   </trkpt>
   <trkpt lat="12.9043880" lon="77.5258210">
    <ele>845.3</ele>
    <time>2026-07-05T01:31:39Z</time>
   </trkpt>
   <trkpt lat="12.9044040" lon="77.5258310">
    <ele>845.4</ele>
    <time>2026-07-05T01:31:40Z</time>
   </trkpt>
   <trkpt lat="12.9044130" lon="77.5258400">
    <ele>845.4</ele>
    <time>2026-07-05T01:31:41Z</time>
   </trkpt>
   <trkpt lat="12.9044230" lon="77.5258470">
    <ele>845.5</ele>
    <time>2026-07-05T01:31:42Z</time>
   </trkpt>
   <trkpt lat="12.9044350" lon="77.5258530">
    <ele>845.5</ele>
    <time>2026-07-05T01:31:43Z</time>
   </trkpt>
   <trkpt lat="12.9044490" lon="77.5258570">
    <ele>845.6</ele>
    <time>2026-07-05T01:31:44Z</time>
   </trkpt>
   <trkpt lat="12.9044640" lon="77.5258610">
    <ele>845.6</ele>
    <time>2026-07-05T01:31:45Z</time>
   </trkpt>
   <trkpt lat="12.9044790" lon="77.5258670">
    <ele>845.7</ele>
    <time>2026-07-05T01:31:46Z</time>
   </trkpt>
   <trkpt lat="12.9044930" lon="77.5258730">
    <ele>845.7</ele>
    <time>2026-07-05T01:31:47Z</time>
   </trkpt>
   <trkpt lat="12.9045060" lon="77.5258780">
    <ele>845.8</ele>
    <time>2026-07-05T01:31:48Z</time>
   </trkpt>
   <trkpt lat="12.9045180" lon="77.5258830">
    <ele>845.8</ele>
    <time>2026-07-05T01:31:49Z</time>
   </trkpt>
   <trkpt lat="12.9045280" lon="77.5258850">
    <ele>845.9</ele>
    <time>2026-07-05T01:31:50Z</time>
   </trkpt>
   <trkpt lat="12.9045380" lon="77.5258860">
    <ele>845.9</ele>
    <time>2026-07-05T01:31:51Z</time>
   </trkpt>
   <trkpt lat="12.9045480" lon="77.5258910">
    <ele>845.9</ele>
    <time>2026-07-05T01:31:52Z</time>
   </trkpt>
   <trkpt lat="12.9045590" lon="77.5258990">
    <ele>846.0</ele>
    <time>2026-07-05T01:31:53Z</time>
   </trkpt>
   <trkpt lat="12.9045640" lon="77.5259140">
    <ele>846.0</ele>
    <time>2026-07-05T01:31:54Z</time>
   </trkpt>
   <trkpt lat="12.9045730" lon="77.5259260">
    <ele>846.1</ele>
    <time>2026-07-05T01:31:55Z</time>
   </trkpt>
   <trkpt lat="12.9045820" lon="77.5259350">
    <ele>846.1</ele>
    <time>2026-07-05T01:31:56Z</time>
   </trkpt>
   <trkpt lat="12.9045910" lon="77.5259430">
    <ele>846.2</ele>
    <time>2026-07-05T01:31:57Z</time>
   </trkpt>
   <trkpt lat="12.9046040" lon="77.5259510">
    <ele>846.2</ele>
    <time>2026-07-05T01:31:58Z</time>
   </trkpt>
   <trkpt lat="12.9046150" lon="77.5259630">
    <ele>846.3</ele>
    <time>2026-07-05T01:31:59Z</time>
   </trkpt>
   <trkpt lat="12.9046340" lon="77.5259710">
    <ele>846.4</ele>
    <time>2026-07-05T01:32:00Z</time>
   </trkpt>
   <trkpt lat="12.9046550" lon="77.5259780">
    <ele>846.5</ele>
    <time>2026-07-05T01:32:01Z</time>
   </trkpt>
   <trkpt lat="12.9046760" lon="77.5259920">
    <ele>846.5</ele>
    <time>2026-07-05T01:32:02Z</time>
   </trkpt>
   <trkpt lat="12.9046960" lon="77.5260060">
    <ele>846.6</ele>
    <time>2026-07-05T01:32:03Z</time>
   </trkpt>
   <trkpt lat="12.9047130" lon="77.5260230">
    <ele>846.7</ele>
    <time>2026-07-05T01:32:04Z</time>
   </trkpt>
   <trkpt lat="12.9047320" lon="77.5260390">
    <ele>846.8</ele>
    <time>2026-07-05T01:32:05Z</time>
   </trkpt>
   <trkpt lat="12.9047490" lon="77.5260520">
    <ele>846.9</ele>
    <time>2026-07-05T01:32:06Z</time>
   </trkpt>
   <trkpt lat="12.9047650" lon="77.5260760">
    <ele>847.0</ele>
    <time>2026-07-05T01:32:07Z</time>
   </trkpt>
   <trkpt lat="12.9047790" lon="77.5260990">
    <ele>847.1</ele>
    <time>2026-07-05T01:32:08Z</time>
   </trkpt>
   <trkpt lat="12.9047960" lon="77.5261180">
    <ele>847.2</ele>
    <time>2026-07-05T01:32:09Z</time>
   </trkpt>
   <trkpt lat="12.9048220" lon="77.5261350">
    <ele>847.3</ele>
    <time>2026-07-05T01:32:10Z</time>
   </trkpt>
   <trkpt lat="12.9048340" lon="77.5261420">
    <ele>847.3</ele>
    <time>2026-07-05T01:32:11Z</time>
   </trkpt>
   <trkpt lat="12.9048530" lon="77.5261520">
    <ele>847.4</ele>
    <time>2026-07-05T01:32:12Z</time>
   </trkpt>
   <trkpt lat="12.9048760" lon="77.5261620">
    <ele>847.5</ele>
    <time>2026-07-05T01:32:13Z</time>
   </trkpt>
   <trkpt lat="12.9048960" lon="77.5261730">
    <ele>847.6</ele>
    <time>2026-07-05T01:32:14Z</time>
   </trkpt>
   <trkpt lat="12.9049170" lon="77.5261850">
    <ele>847.7</ele>
    <time>2026-07-05T01:32:15Z</time>
   </trkpt>
   <trkpt lat="12.9049350" lon="77.5261960">
    <ele>847.8</ele>
    <time>2026-07-05T01:32:16Z</time>
   </trkpt>
   <trkpt lat="12.9049550" lon="77.5262080">
    <ele>847.8</ele>
    <time>2026-07-05T01:32:17Z</time>
   </trkpt>
   <trkpt lat="12.9049700" lon="77.5262260">
    <ele>847.9</ele>
    <time>2026-07-05T01:32:18Z</time>
   </trkpt>
   <trkpt lat="12.9049890" lon="77.5262420">
    <ele>848.0</ele>
    <time>2026-07-05T01:32:19Z</time>
   </trkpt>
   <trkpt lat="12.9050090" lon="77.5262540">
    <ele>848.1</ele>
    <time>2026-07-05T01:32:20Z</time>
   </trkpt>
   <trkpt lat="12.9050270" lon="77.5262650">
    <ele>848.2</ele>
    <time>2026-07-05T01:32:21Z</time>
   </trkpt>
   <trkpt lat="12.9050440" lon="77.5262750">
    <ele>848.3</ele>
    <time>2026-07-05T01:32:22Z</time>
   </trkpt>
   <trkpt lat="12.9050580" lon="77.5262860">
    <ele>848.4</ele>
    <time>2026-07-05T01:32:23Z</time>
   </trkpt>
   <trkpt lat="12.9050680" lon="77.5263010">
    <ele>848.4</ele>
    <time>2026-07-05T01:32:24Z</time>
   </trkpt>
   <trkpt lat="12.9050860" lon="77.5263110">
    <ele>848.5</ele>
    <time>2026-07-05T01:32:25Z</time>
   </trkpt>
   <trkpt lat="12.9051040" lon="77.5263280">
    <ele>848.6</ele>
    <time>2026-07-05T01:32:26Z</time>
   </trkpt>
   <trkpt lat="12.9051220" lon="77.5263440">
    <ele>848.7</ele>
    <time>2026-07-05T01:32:27Z</time>
   </trkpt>
   <trkpt lat="12.9051460" lon="77.5263590">
    <ele>848.8</ele>
    <time>2026-07-05T01:32:28Z</time>
   </trkpt>
   <trkpt lat="12.9051660" lon="77.5263720">
    <ele>848.9</ele>
    <time>2026-07-05T01:32:29Z</time>
   </trkpt>
   <trkpt lat="12.9051910" lon="77.5263890">
    <ele>849.1</ele>
    <time>2026-07-05T01:32:30Z</time>
   </trkpt>
   <trkpt lat="12.9052010" lon="77.5263960">
    <ele>849.1</ele>
    <time>2026-07-05T01:32:31Z</time>
   </trkpt>
   <trkpt lat="12.9052160" lon="77.5264040">
    <ele>849.2</ele>
    <time>2026-07-05T01:32:32Z</time>
   </trkpt>
   <trkpt lat="12.9052320" lon="77.5264160">
    <ele>849.3</ele>
    <time>2026-07-05T01:32:33Z</time>
   </trkpt>
   <trkpt lat="12.9052470" lon="77.5264300">
    <ele>849.4</ele>
    <time>2026-07-05T01:32:34Z</time>
   </trkpt>
   <trkpt lat="12.9052610" lon="77.5264400">
    <ele>849.4</ele>
    <time>2026-07-05T01:32:35Z</time>
   </trkpt>
   <trkpt lat="12.9052650" lon="77.5264510">
    <ele>849.5</ele>
    <time>2026-07-05T01:32:36Z</time>
   </trkpt>
   <trkpt lat="12.9052720" lon="77.5264610">
    <ele>849.5</ele>
    <time>2026-07-05T01:32:37Z</time>
   </trkpt>
   <trkpt lat="12.9052810" lon="77.5264660">
    <ele>849.6</ele>
    <time>2026-07-05T01:32:38Z</time>
   </trkpt>
   <trkpt lat="12.9052890" lon="77.5264730">
    <ele>849.6</ele>
    <time>2026-07-05T01:32:39Z</time>
   </trkpt>
   <trkpt lat="12.9052960" lon="77.5264840">
    <ele>849.7</ele>
    <time>2026-07-05T01:32:40Z</time>
   </trkpt>
   <trkpt lat="12.9053000" lon="77.5264940">
    <ele>849.7</ele>
    <time>2026-07-05T01:32:41Z</time>
   </trkpt>
   <trkpt lat="12.9053060" lon="77.5265020">
    <ele>849.7</ele>
    <time>2026-07-05T01:32:42Z</time>
   </trkpt>
   <trkpt lat="12.9053200" lon="77.5265060">
    <ele>849.8</ele>
    <time>2026-07-05T01:32:43Z</time>
   </trkpt>
   <trkpt lat="12.9053320" lon="77.5265070">
    <ele>849.9</ele>
    <time>2026-07-05T01:32:44Z</time>
   </trkpt>
   <trkpt lat="12.9053470" lon="77.5265060">
    <ele>849.9</ele>
    <time>2026-07-05T01:32:45Z</time>
   </trkpt>
   <trkpt lat="12.9053570" lon="77.5265090">
    <ele>850.0</ele>
    <time>2026-07-05T01:32:46Z</time>
   </trkpt>
   <trkpt lat="12.9053680" lon="77.5265140">
    <ele>850.0</ele>
    <time>2026-07-05T01:32:47Z</time>
   </trkpt>
   <trkpt lat="12.9053790" lon="77.5265170">
    <ele>850.1</ele>
    <time>2026-07-05T01:32:48Z</time>
   </trkpt>
   <trkpt lat="12.9053910" lon="77.5265200">
    <ele>850.1</ele>
    <time>2026-07-05T01:32:49Z</time>
   </trkpt>
   <trkpt lat="12.9054040" lon="77.5265240">
    <ele>850.2</ele>
    <time>2026-07-05T01:32:50Z</time>
   </trkpt>
   <trkpt lat="12.9054190" lon="77.5265310">
    <ele>850.2</ele>
    <time>2026-07-05T01:32:51Z</time>
   </trkpt>
   <trkpt lat="12.9054280" lon="77.5265410">
    <ele>850.3</ele>
    <time>2026-07-05T01:32:52Z</time>
   </trkpt>
   <trkpt lat="12.9054300" lon="77.5265540">
    <ele>850.3</ele>
    <time>2026-07-05T01:32:53Z</time>
   </trkpt>
   <trkpt lat="12.9054400" lon="77.5265630">
    <ele>850.4</ele>
    <time>2026-07-05T01:32:54Z</time>
   </trkpt>
   <trkpt lat="12.9054570" lon="77.5265690">
    <ele>850.5</ele>
    <time>2026-07-05T01:32:55Z</time>
   </trkpt>
   <trkpt lat="12.9054720" lon="77.5265720">
    <ele>850.5</ele>
    <time>2026-07-05T01:32:56Z</time>
   </trkpt>
   <trkpt lat="12.9054890" lon="77.5265710">
    <ele>850.6</ele>
    <time>2026-07-05T01:32:57Z</time>
   </trkpt>
   <trkpt lat="12.9055010" lon="77.5265750">
    <ele>850.6</ele>
    <time>2026-07-05T01:32:58Z</time>
   </trkpt>
   <trkpt lat="12.9055120" lon="77.5265840">
    <ele>850.7</ele>
    <time>2026-07-05T01:32:59Z</time>
   </trkpt>
   <trkpt lat="12.9055250" lon="77.5265900">
    <ele>850.8</ele>
    <time>2026-07-05T01:33:00Z</time>
   </trkpt>
   <trkpt lat="12.9055380" lon="77.5266010">
    <ele>850.8</ele>
    <time>2026-07-05T01:33:01Z</time>
   </trkpt>
   <trkpt lat="12.9055510" lon="77.5266100">
    <ele>850.9</ele>
    <time>2026-07-05T01:33:02Z</time>
   </trkpt>
   <trkpt lat="12.9055600" lon="77.5266150">
    <ele>850.9</ele>
    <time>2026-07-05T01:33:03Z</time>
   </trkpt>
   <trkpt lat="12.9055730" lon="77.5266180">
    <ele>851.0</ele>
    <time>2026-07-05T01:33:04Z</time>
   </trkpt>
   <trkpt lat="12.9055830" lon="77.5266170">
    <ele>851.0</ele>
    <time>2026-07-05T01:33:05Z</time>
   </trkpt>
   <trkpt lat="12.9055950" lon="77.5266270">
    <ele>851.1</ele>
    <time>2026-07-05T01:33:06Z</time>
   </trkpt>
   <trkpt lat="12.9056010" lon="77.5266430">
    <ele>851.1</ele>
    <time>2026-07-05T01:33:07Z</time>
   </trkpt>
   <trkpt lat="12.9056040" lon="77.5266620">
    <ele>851.2</ele>
    <time>2026-07-05T01:33:08Z</time>
   </trkpt>
   <trkpt lat="12.9056110" lon="77.5266710">
    <ele>851.2</ele>
    <time>2026-07-05T01:33:09Z</time>
   </trkpt>
   <trkpt lat="12.9056240" lon="77.5266780">
    <ele>851.3</ele>
    <time>2026-07-05T01:33:10Z</time>
   </trkpt>
   <trkpt lat="12.9056390" lon="77.5266860">
    <ele>851.4</ele>
    <time>2026-07-05T01:33:11Z</time>
   </trkpt>
   <trkpt lat="12.9056560" lon="77.5266920">
    <ele>851.4</ele>
    <time>2026-07-05T01:33:12Z</time>
   </trkpt>
   <trkpt lat="12.9056650" lon="77.5267000">
    <ele>851.5</ele>
    <time>2026-07-05T01:33:13Z</time>
   </trkpt>
   <trkpt lat="12.9056720" lon="77.5267130">
    <ele>851.5</ele>
    <time>2026-07-05T01:33:14Z</time>
   </trkpt>
   <trkpt lat="12.9056830" lon="77.5267170">
    <ele>851.6</ele>
    <time>2026-07-05T01:33:15Z</time>
   </trkpt>
   <trkpt lat="12.9056960" lon="77.5267180">
    <ele>851.6</ele>
    <time>2026-07-05T01:33:16Z</time>
   </trkpt>
   <trkpt lat="12.9057090" lon="77.5267220">
    <ele>851.7</ele>
    <time>2026-07-05T01:33:17Z</time>
   </trkpt>
   <trkpt lat="12.9057230" lon="77.5267260">
    <ele>851.7</ele>
    <time>2026-07-05T01:33:18Z</time>
   </trkpt>
   <trkpt lat="12.9057360" lon="77.5267300">
    <ele>851.8</ele>
    <time>2026-07-05T01:33:19Z</time>
   </trkpt>
   <trkpt lat="12.9057510" lon="77.5267370">
    <ele>851.9</ele>
    <time>2026-07-05T01:33:20Z</time>
   </trkpt>
   <trkpt lat="12.9057650" lon="77.5267450">
    <ele>851.9</ele>
    <time>2026-07-05T01:33:21Z</time>
   </trkpt>
   <trkpt lat="12.9057780" lon="77.5267540">
    <ele>852.0</ele>
    <time>2026-07-05T01:33:22Z</time>
   </trkpt>
   <trkpt lat="12.9057900" lon="77.5267590">
    <ele>852.0</ele>
    <time>2026-07-05T01:33:23Z</time>
   </trkpt>
   <trkpt lat="12.9058030" lon="77.5267640">
    <ele>852.1</ele>
    <time>2026-07-05T01:33:24Z</time>
   </trkpt>
   <trkpt lat="12.9058170" lon="77.5267690">
    <ele>852.2</ele>
    <time>2026-07-05T01:33:25Z</time>
   </trkpt>
   <trkpt lat="12.9058310" lon="77.5267770">
    <ele>852.2</ele>
    <time>2026-07-05T01:33:26Z</time>
   </trkpt>
   <trkpt lat="12.9058470" lon="77.5267870">
    <ele>852.3</ele>
    <time>2026-07-05T01:33:27Z</time>
   </trkpt>
   <trkpt lat="12.9058650" lon="77.5267960">
    <ele>852.4</ele>
    <time>2026-07-05T01:33:28Z</time>
   </trkpt>
   <trkpt lat="12.9058860" lon="77.5268090">
    <ele>852.5</ele>
    <time>2026-07-05T01:33:29Z</time>
   </trkpt>
   <trkpt lat="12.9059050" lon="77.5268190">
    <ele>852.6</ele>
    <time>2026-07-05T01:33:30Z</time>
   </trkpt>
   <trkpt lat="12.9059240" lon="77.5268290">
    <ele>852.6</ele>
    <time>2026-07-05T01:33:31Z</time>
   </trkpt>
   <trkpt lat="12.9059400" lon="77.5268440">
    <ele>852.7</ele>
    <time>2026-07-05T01:33:32Z</time>
   </trkpt>
   <trkpt lat="12.9059590" lon="77.5268540">
    <ele>852.8</ele>
    <time>2026-07-05T01:33:33Z</time>
   </trkpt>
   <trkpt lat="12.9059810" lon="77.5268680">
    <ele>852.9</ele>
    <time>2026-07-05T01:33:34Z</time>
   </trkpt>
   <trkpt lat="12.9060040" lon="77.5268830">
    <ele>853.0</ele>
    <time>2026-07-05T01:33:35Z</time>
   </trkpt>
   <trkpt lat="12.9060230" lon="77.5269010">
    <ele>853.1</ele>
    <time>2026-07-05T01:33:36Z</time>
   </trkpt>
   <trkpt lat="12.9060390" lon="77.5269210">
    <ele>853.2</ele>
    <time>2026-07-05T01:33:37Z</time>
   </trkpt>
   <trkpt lat="12.9060560" lon="77.5269370">
    <ele>853.3</ele>
    <time>2026-07-05T01:33:38Z</time>
   </trkpt>
   <trkpt lat="12.9060700" lon="77.5269440">
    <ele>853.3</ele>
    <time>2026-07-05T01:33:39Z</time>
   </trkpt>
   <trkpt lat="12.9060840" lon="77.5269500">
    <ele>853.4</ele>
    <time>2026-07-05T01:33:40Z</time>
   </trkpt>
   <trkpt lat="12.9061010" lon="77.5269550">
    <ele>853.4</ele>
    <time>2026-07-05T01:33:41Z</time>
   </trkpt>
   <trkpt lat="12.9061190" lon="77.5269720">
    <ele>853.5</ele>
    <time>2026-07-05T01:33:42Z</time>
   </trkpt>
   <trkpt lat="12.9061360" lon="77.5269870">
    <ele>853.6</ele>
    <time>2026-07-05T01:33:43Z</time>
   </trkpt>
   <trkpt lat="12.9061520" lon="77.5270030">
    <ele>853.7</ele>
    <time>2026-07-05T01:33:44Z</time>
   </trkpt>
   <trkpt lat="12.9061740" lon="77.5270100">
    <ele>853.8</ele>
    <time>2026-07-05T01:33:45Z</time>
   </trkpt>
   <trkpt lat="12.9062000" lon="77.5270120">
    <ele>853.9</ele>
    <time>2026-07-05T01:33:46Z</time>
   </trkpt>
   <trkpt lat="12.9062200" lon="77.5270180">
    <ele>854.0</ele>
    <time>2026-07-05T01:33:47Z</time>
   </trkpt>
   <trkpt lat="12.9062390" lon="77.5270290">
    <ele>854.1</ele>
    <time>2026-07-05T01:33:48Z</time>
   </trkpt>
   <trkpt lat="12.9062610" lon="77.5270360">
    <ele>854.2</ele>
    <time>2026-07-05T01:33:49Z</time>
   </trkpt>
   <trkpt lat="12.9062780" lon="77.5270530">
    <ele>854.3</ele>
    <time>2026-07-05T01:33:50Z</time>
   </trkpt>
   <trkpt lat="12.9062970" lon="77.5270680">
    <ele>854.4</ele>
    <time>2026-07-05T01:33:51Z</time>
   </trkpt>
   <trkpt lat="12.9063150" lon="77.5270800">
    <ele>854.5</ele>
    <time>2026-07-05T01:33:52Z</time>
   </trkpt>
   <trkpt lat="12.9063320" lon="77.5270940">
    <ele>854.6</ele>
    <time>2026-07-05T01:33:53Z</time>
   </trkpt>
   <trkpt lat="12.9063500" lon="77.5271070">
    <ele>854.6</ele>
    <time>2026-07-05T01:33:54Z</time>
   </trkpt>
   <trkpt lat="12.9063700" lon="77.5271150">
    <ele>854.7</ele>
    <time>2026-07-05T01:33:55Z</time>
   </trkpt>
   <trkpt lat="12.9063910" lon="77.5271240">
    <ele>854.8</ele>
    <time>2026-07-05T01:33:56Z</time>
   </trkpt>
   <trkpt lat="12.9064120" lon="77.5271360">
    <ele>854.9</ele>
    <time>2026-07-05T01:33:57Z</time>
   </trkpt>
   <trkpt lat="12.9064300" lon="77.5271450">
    <ele>855.0</ele>
    <time>2026-07-05T01:33:58Z</time>
   </trkpt>
   <trkpt lat="12.9064480" lon="77.5271570">
    <ele>855.1</ele>
    <time>2026-07-05T01:33:59Z</time>
   </trkpt>
   <trkpt lat="12.9064700" lon="77.5271660">
    <ele>855.2</ele>
    <time>2026-07-05T01:34:00Z</time>
   </trkpt>
   <trkpt lat="12.9064920" lon="77.5271760">
    <ele>855.3</ele>
    <time>2026-07-05T01:34:01Z</time>
   </trkpt>
   <trkpt lat="12.9065130" lon="77.5271900">
    <ele>855.4</ele>
    <time>2026-07-05T01:34:02Z</time>
   </trkpt>
   <trkpt lat="12.9065320" lon="77.5272040">
    <ele>855.5</ele>
    <time>2026-07-05T01:34:03Z</time>
   </trkpt>
   <trkpt lat="12.9065510" lon="77.5272160">
    <ele>855.6</ele>
    <time>2026-07-05T01:34:04Z</time>
   </trkpt>
   <trkpt lat="12.9065740" lon="77.5272240">
    <ele>855.7</ele>
    <time>2026-07-05T01:34:05Z</time>
   </trkpt>
   <trkpt lat="12.9065980" lon="77.5272350">
    <ele>855.8</ele>
    <time>2026-07-05T01:34:06Z</time>
   </trkpt>
   <trkpt lat="12.9066170" lon="77.5272450">
    <ele>855.9</ele>
    <time>2026-07-05T01:34:07Z</time>
   </trkpt>
   <trkpt lat="12.9066380" lon="77.5272600">
    <ele>856.0</ele>
    <time>2026-07-05T01:34:08Z</time>
   </trkpt>
   <trkpt lat="12.9066570" lon="77.5272730">
    <ele>856.1</ele>
    <time>2026-07-05T01:34:09Z</time>
   </trkpt>
   <trkpt lat="12.9066780" lon="77.5272830">
    <ele>856.1</ele>
    <time>2026-07-05T01:34:10Z</time>
   </trkpt>
   <trkpt lat="12.9066920" lon="77.5272940">
    <ele>856.2</ele>
    <time>2026-07-05T01:34:11Z</time>
   </trkpt>
   <trkpt lat="12.9067090" lon="77.5273060">
    <ele>856.3</ele>
    <time>2026-07-05T01:34:12Z</time>
   </trkpt>
   <trkpt lat="12.9067280" lon="77.5273220">
    <ele>856.4</ele>
    <time>2026-07-05T01:34:13Z</time>
   </trkpt>
   <trkpt lat="12.9067470" lon="77.5273340">
    <ele>856.5</ele>
    <time>2026-07-05T01:34:14Z</time>
   </trkpt>
   <trkpt lat="12.9067670" lon="77.5273450">
    <ele>856.6</ele>
    <time>2026-07-05T01:34:15Z</time>
   </trkpt>
   <trkpt lat="12.9067850" lon="77.5273580">
    <ele>856.7</ele>
    <time>2026-07-05T01:34:17Z</time>
   </trkpt>
   <trkpt lat="12.9068030" lon="77.5273720">
    <ele>856.8</ele>
    <time>2026-07-05T01:34:18Z</time>
   </trkpt>
   <trkpt lat="12.9068230" lon="77.5273870">
    <ele>856.9</ele>
    <time>2026-07-05T01:34:19Z</time>
   </trkpt>
   <trkpt lat="12.9068520" lon="77.5274070">
    <ele>857.0</ele>
    <time>2026-07-05T01:34:20Z</time>
   </trkpt>
   <trkpt lat="12.9068670" lon="77.5274200">
    <ele>857.1</ele>
    <time>2026-07-05T01:34:21Z</time>
   </trkpt>
   <trkpt lat="12.9068800" lon="77.5274320">
    <ele>857.2</ele>
    <time>2026-07-05T01:34:22Z</time>
   </trkpt>
   <trkpt lat="12.9068970" lon="77.5274380">
    <ele>857.2</ele>
    <time>2026-07-05T01:34:23Z</time>
   </trkpt>
   <trkpt lat="12.9069140" lon="77.5274450">
    <ele>857.3</ele>
    <time>2026-07-05T01:34:24Z</time>
   </trkpt>
   <trkpt lat="12.9069320" lon="77.5274540">
    <ele>857.4</ele>
    <time>2026-07-05T01:34:25Z</time>
   </trkpt>
   <trkpt lat="12.9069470" lon="77.5274630">
    <ele>857.4</ele>
    <time>2026-07-05T01:34:26Z</time>
   </trkpt>
   <trkpt lat="12.9069630" lon="77.5274740">
    <ele>857.5</ele>
    <time>2026-07-05T01:34:27Z</time>
   </trkpt>
   <trkpt lat="12.9069800" lon="77.5274840">
    <ele>857.6</ele>
    <time>2026-07-05T01:34:28Z</time>
   </trkpt>
   <trkpt lat="12.9069960" lon="77.5274940">
    <ele>857.7</ele>
    <time>2026-07-05T01:34:29Z</time>
   </trkpt>
   <trkpt lat="12.9070130" lon="77.5275030">
    <ele>857.7</ele>
    <time>2026-07-05T01:34:30Z</time>
   </trkpt>
   <trkpt lat="12.9070310" lon="77.5275110">
    <ele>857.8</ele>
    <time>2026-07-05T01:34:31Z</time>
   </trkpt>
   <trkpt lat="12.9070500" lon="77.5275210">
    <ele>857.9</ele>
    <time>2026-07-05T01:34:32Z</time>
   </trkpt>
   <trkpt lat="12.9070640" lon="77.5275320">
    <ele>858.0</ele>
    <time>2026-07-05T01:34:33Z</time>
   </trkpt>
   <trkpt lat="12.9070820" lon="77.5275430">
    <ele>858.1</ele>
    <time>2026-07-05T01:34:34Z</time>
   </trkpt>
   <trkpt lat="12.9071010" lon="77.5275480">
    <ele>858.1</ele>
    <time>2026-07-05T01:34:35Z</time>
   </trkpt>
   <trkpt lat="12.9071240" lon="77.5275540">
    <ele>858.2</ele>
    <time>2026-07-05T01:34:36Z</time>
   </trkpt>
   <trkpt lat="12.9071450" lon="77.5275690">
    <ele>858.3</ele>
    <time>2026-07-05T01:34:37Z</time>
   </trkpt>
   <trkpt lat="12.9071670" lon="77.5275830">
    <ele>858.5</ele>
    <time>2026-07-05T01:34:38Z</time>
   </trkpt>
   <trkpt lat="12.9071900" lon="77.5275910">
    <ele>858.6</ele>
    <time>2026-07-05T01:34:39Z</time>
   </trkpt>
   <trkpt lat="12.9072090" lon="77.5276070">
    <ele>858.7</ele>
    <time>2026-07-05T01:34:40Z</time>
   </trkpt>
   <trkpt lat="12.9072280" lon="77.5276180">
    <ele>858.7</ele>
    <time>2026-07-05T01:34:41Z</time>
   </trkpt>
   <trkpt lat="12.9072410" lon="77.5276350">
    <ele>858.8</ele>
    <time>2026-07-05T01:34:42Z</time>
   </trkpt>
   <trkpt lat="12.9072540" lon="77.5276500">
    <ele>858.9</ele>
    <time>2026-07-05T01:34:43Z</time>
   </trkpt>
   <trkpt lat="12.9072730" lon="77.5276600">
    <ele>859.0</ele>
    <time>2026-07-05T01:34:44Z</time>
   </trkpt>
   <trkpt lat="12.9072920" lon="77.5276700">
    <ele>859.1</ele>
    <time>2026-07-05T01:34:45Z</time>
   </trkpt>
   <trkpt lat="12.9073100" lon="77.5276790">
    <ele>859.2</ele>
    <time>2026-07-05T01:34:46Z</time>
   </trkpt>
   <trkpt lat="12.9073270" lon="77.5276880">
    <ele>859.2</ele>
    <time>2026-07-05T01:34:47Z</time>
   </trkpt>
   <trkpt lat="12.9073410" lon="77.5276960">
    <ele>859.3</ele>
    <time>2026-07-05T01:34:48Z</time>
   </trkpt>
   <trkpt lat="12.9073530" lon="77.5277060">
    <ele>859.4</ele>
    <time>2026-07-05T01:34:49Z</time>
   </trkpt>
   <trkpt lat="12.9073640" lon="77.5277150">
    <ele>859.4</ele>
    <time>2026-07-05T01:34:50Z</time>
   </trkpt>
   <trkpt lat="12.9073740" lon="77.5277250">
    <ele>859.5</ele>
    <time>2026-07-05T01:34:51Z</time>
   </trkpt>
   <trkpt lat="12.9073850" lon="77.5277320">
    <ele>859.5</ele>
    <time>2026-07-05T01:34:52Z</time>
   </trkpt>
   <trkpt lat="12.9073980" lon="77.5277370">
    <ele>859.6</ele>
    <time>2026-07-05T01:34:53Z</time>
   </trkpt>
   <trkpt lat="12.9074090" lon="77.5277440">
    <ele>859.6</ele>
    <time>2026-07-05T01:34:54Z</time>
   </trkpt>
   <trkpt lat="12.9074190" lon="77.5277520">
    <ele>859.7</ele>
    <time>2026-07-05T01:34:55Z</time>
   </trkpt>
   <trkpt lat="12.9074290" lon="77.5277600">
    <ele>859.7</ele>
    <time>2026-07-05T01:34:56Z</time>
   </trkpt>
   <trkpt lat="12.9074440" lon="77.5277680">
    <ele>859.8</ele>
    <time>2026-07-05T01:34:57Z</time>
   </trkpt>
   <trkpt lat="12.9074540" lon="77.5277720">
    <ele>859.8</ele>
    <time>2026-07-05T01:34:58Z</time>
   </trkpt>
   <trkpt lat="12.9074690" lon="77.5277780">
    <ele>859.9</ele>
    <time>2026-07-05T01:34:59Z</time>
   </trkpt>
   <trkpt lat="12.9074870" lon="77.5277870">
    <ele>860.0</ele>
    <time>2026-07-05T01:35:00Z</time>
   </trkpt>
   <trkpt lat="12.9075060" lon="77.5277920">
    <ele>860.0</ele>
    <time>2026-07-05T01:35:01Z</time>
   </trkpt>
   <trkpt lat="12.9075300" lon="77.5278010">
    <ele>860.1</ele>
    <time>2026-07-05T01:35:02Z</time>
   </trkpt>
   <trkpt lat="12.9075510" lon="77.5278100">
    <ele>860.2</ele>
    <time>2026-07-05T01:35:03Z</time>
   </trkpt>
   <trkpt lat="12.9075720" lon="77.5278210">
    <ele>860.3</ele>
    <time>2026-07-05T01:35:04Z</time>
   </trkpt>
   <trkpt lat="12.9075890" lon="77.5278320">
    <ele>860.4</ele>
    <time>2026-07-05T01:35:05Z</time>
   </trkpt>
   <trkpt lat="12.9076080" lon="77.5278440">
    <ele>860.5</ele>
    <time>2026-07-05T01:35:06Z</time>
   </trkpt>
   <trkpt lat="12.9076270" lon="77.5278580">
    <ele>860.5</ele>
    <time>2026-07-05T01:35:07Z</time>
   </trkpt>
   <trkpt lat="12.9076400" lon="77.5278690">
    <ele>860.6</ele>
    <time>2026-07-05T01:35:08Z</time>
   </trkpt>
   <trkpt lat="12.9076570" lon="77.5278810">
    <ele>860.7</ele>
    <time>2026-07-05T01:35:09Z</time>
   </trkpt>
   <trkpt lat="12.9076790" lon="77.5278900">
    <ele>860.8</ele>
    <time>2026-07-05T01:35:10Z</time>
   </trkpt>
   <trkpt lat="12.9077010" lon="77.5278990">
    <ele>860.9</ele>
    <time>2026-07-05T01:35:11Z</time>
   </trkpt>
   <trkpt lat="12.9077240" lon="77.5279130">
    <ele>861.0</ele>
    <time>2026-07-05T01:35:12Z</time>
   </trkpt>
   <trkpt lat="12.9077470" lon="77.5279270">
    <ele>861.1</ele>
    <time>2026-07-05T01:35:13Z</time>
   </trkpt>
   <trkpt lat="12.9077660" lon="77.5279420">
    <ele>861.2</ele>
    <time>2026-07-05T01:35:14Z</time>
   </trkpt>
   <trkpt lat="12.9077860" lon="77.5279530">
    <ele>861.3</ele>
    <time>2026-07-05T01:35:15Z</time>
   </trkpt>
   <trkpt lat="12.9078060" lon="77.5279660">
    <ele>861.4</ele>
    <time>2026-07-05T01:35:16Z</time>
   </trkpt>
   <trkpt lat="12.9078260" lon="77.5279820">
    <ele>861.5</ele>
    <time>2026-07-05T01:35:17Z</time>
   </trkpt>
   <trkpt lat="12.9078410" lon="77.5279950">
    <ele>861.6</ele>
    <time>2026-07-05T01:35:18Z</time>
   </trkpt>
   <trkpt lat="12.9078590" lon="77.5280060">
    <ele>861.6</ele>
    <time>2026-07-05T01:35:19Z</time>
   </trkpt>
   <trkpt lat="12.9078760" lon="77.5280190">
    <ele>861.7</ele>
    <time>2026-07-05T01:35:20Z</time>
   </trkpt>
   <trkpt lat="12.9078900" lon="77.5280340">
    <ele>861.8</ele>
    <time>2026-07-05T01:35:21Z</time>
   </trkpt>
   <trkpt lat="12.9079050" lon="77.5280380">
    <ele>861.9</ele>
    <time>2026-07-05T01:35:22Z</time>
   </trkpt>
   <trkpt lat="12.9079220" lon="77.5280440">
    <ele>861.9</ele>
    <time>2026-07-05T01:35:23Z</time>
   </trkpt>
   <trkpt lat="12.9079400" lon="77.5280520">
    <ele>862.0</ele>
    <time>2026-07-05T01:35:24Z</time>
   </trkpt>
   <trkpt lat="12.9079590" lon="77.5280590">
    <ele>862.1</ele>
    <time>2026-07-05T01:35:25Z</time>
   </trkpt>
   <trkpt lat="12.9079750" lon="77.5280670">
    <ele>862.2</ele>
    <time>2026-07-05T01:35:26Z</time>
   </trkpt>
   <trkpt lat="12.9079950" lon="77.5280620">
    <ele>862.3</ele>
    <time>2026-07-05T01:35:27Z</time>
   </trkpt>
   <trkpt lat="12.9080050" lon="77.5280580">
    <ele>862.3</ele>
    <time>2026-07-05T01:35:28Z</time>
   </trkpt>
   <trkpt lat="12.9080180" lon="77.5280630">
    <ele>862.4</ele>
    <time>2026-07-05T01:35:29Z</time>
   </trkpt>
   <trkpt lat="12.9080300" lon="77.5280720">
    <ele>862.5</ele>
    <time>2026-07-05T01:35:30Z</time>
   </trkpt>
   <trkpt lat="12.9080430" lon="77.5280830">
    <ele>862.5</ele>
    <time>2026-07-05T01:35:31Z</time>
   </trkpt>
   <trkpt lat="12.9080560" lon="77.5280930">
    <ele>862.6</ele>
    <time>2026-07-05T01:35:32Z</time>
   </trkpt>
   <trkpt lat="12.9080680" lon="77.5281010">
    <ele>862.7</ele>
    <time>2026-07-05T01:35:33Z</time>
   </trkpt>
   <trkpt lat="12.9080770" lon="77.5281150">
    <ele>862.8</ele>
    <time>2026-07-05T01:35:34Z</time>
   </trkpt>
   <trkpt lat="12.9080850" lon="77.5281280">
    <ele>862.8</ele>
    <time>2026-07-05T01:35:35Z</time>
   </trkpt>
   <trkpt lat="12.9080940" lon="77.5281430">
    <ele>862.9</ele>
    <time>2026-07-05T01:35:36Z</time>
   </trkpt>
   <trkpt lat="12.9081030" lon="77.5281550">
    <ele>862.9</ele>
    <time>2026-07-05T01:35:37Z</time>
   </trkpt>
   <trkpt lat="12.9081120" lon="77.5281650">
    <ele>863.0</ele>
    <time>2026-07-05T01:35:38Z</time>
   </trkpt>
   <trkpt lat="12.9081210" lon="77.5281730">
    <ele>863.0</ele>
    <time>2026-07-05T01:35:39Z</time>
   </trkpt>
   <trkpt lat="12.9081310" lon="77.5281810">
    <ele>863.1</ele>
    <time>2026-07-05T01:35:40Z</time>
   </trkpt>
   <trkpt lat="12.9081430" lon="77.5281830">
    <ele>863.1</ele>
    <time>2026-07-05T01:35:41Z</time>
   </trkpt>
   <trkpt lat="12.9081550" lon="77.5281880">
    <ele>863.2</ele>
    <time>2026-07-05T01:35:42Z</time>
   </trkpt>
   <trkpt lat="12.9081650" lon="77.5281940">
    <ele>863.2</ele>
    <time>2026-07-05T01:35:43Z</time>
   </trkpt>
   <trkpt lat="12.9081770" lon="77.5282010">
    <ele>863.3</ele>
    <time>2026-07-05T01:35:44Z</time>
   </trkpt>
   <trkpt lat="12.9081870" lon="77.5282070">
    <ele>863.3</ele>
    <time>2026-07-05T01:35:45Z</time>
   </trkpt>
   <trkpt lat="12.9081960" lon="77.5282120">
    <ele>863.4</ele>
    <time>2026-07-05T01:35:46Z</time>
   </trkpt>
   <trkpt lat="12.9082060" lon="77.5282160">
    <ele>863.4</ele>
    <time>2026-07-05T01:35:47Z</time>
   </trkpt>
   <trkpt lat="12.9082160" lon="77.5282200">
    <ele>863.5</ele>
    <time>2026-07-05T01:35:48Z</time>
   </trkpt>
   <trkpt lat="12.9082310" lon="77.5282270">
    <ele>863.5</ele>
    <time>2026-07-05T01:35:49Z</time>
   </trkpt>
   <trkpt lat="12.9082400" lon="77.5282300">
    <ele>863.6</ele>
    <time>2026-07-05T01:35:50Z</time>
   </trkpt>
   <trkpt lat="12.9082480" lon="77.5282340">
    <ele>863.6</ele>
    <time>2026-07-05T01:35:51Z</time>
   </trkpt>
   <trkpt lat="12.9082570" lon="77.5282370">
    <ele>863.6</ele>
    <time>2026-07-05T01:35:52Z</time>
   </trkpt>
   <trkpt lat="12.9082660" lon="77.5282420">
    <ele>863.7</ele>
    <time>2026-07-05T01:35:53Z</time>
   </trkpt>
   <trkpt lat="12.9082760" lon="77.5282460">
    <ele>863.7</ele>
    <time>2026-07-05T01:35:54Z</time>
   </trkpt>
   <trkpt lat="12.9082900" lon="77.5282460">
    <ele>863.8</ele>
    <time>2026-07-05T01:35:55Z</time>
   </trkpt>
   <trkpt lat="12.9082960" lon="77.5282410">
    <ele>863.8</ele>
    <time>2026-07-05T01:35:56Z</time>
   </trkpt>
   <trkpt lat="12.9083020" lon="77.5282460">
    <ele>863.8</ele>
    <time>2026-07-05T01:35:57Z</time>
   </trkpt>
   <trkpt lat="12.9083090" lon="77.5282590">
    <ele>863.9</ele>
    <time>2026-07-05T01:35:58Z</time>
   </trkpt>
   <trkpt lat="12.9083120" lon="77.5282720">
    <ele>864.0</ele>
    <time>2026-07-05T01:35:59Z</time>
   </trkpt>
   <trkpt lat="12.9083190" lon="77.5282810">
    <ele>864.0</ele>
    <time>2026-07-05T01:36:00Z</time>
   </trkpt>
   <trkpt lat="12.9083270" lon="77.5282930">
    <ele>864.1</ele>
    <time>2026-07-05T01:36:01Z</time>
   </trkpt>
   <trkpt lat="12.9083310" lon="77.5283010">
    <ele>864.1</ele>
    <time>2026-07-05T01:36:02Z</time>
   </trkpt>
   <trkpt lat="12.9083420" lon="77.5283060">
    <ele>864.1</ele>
    <time>2026-07-05T01:36:03Z</time>
   </trkpt>
   <trkpt lat="12.9083580" lon="77.5283100">
    <ele>864.2</ele>
    <time>2026-07-05T01:36:04Z</time>
   </trkpt>
   <trkpt lat="12.9083710" lon="77.5283150">
    <ele>864.3</ele>
    <time>2026-07-05T01:36:05Z</time>
   </trkpt>
   <trkpt lat="12.9083850" lon="77.5283220">
    <ele>864.3</ele>
    <time>2026-07-05T01:36:06Z</time>
   </trkpt>
   <trkpt lat="12.9084050" lon="77.5283320">
    <ele>864.4</ele>
    <time>2026-07-05T01:36:07Z</time>
   </trkpt>
   <trkpt lat="12.9084140" lon="77.5283350">
    <ele>864.5</ele>
    <time>2026-07-05T01:36:08Z</time>
   </trkpt>
   <trkpt lat="12.9084260" lon="77.5283390">
    <ele>864.5</ele>
    <time>2026-07-05T01:36:09Z</time>
   </trkpt>
   <trkpt lat="12.9084390" lon="77.5283420">
    <ele>864.6</ele>
    <time>2026-07-05T01:36:10Z</time>
   </trkpt>
   <trkpt lat="12.9084530" lon="77.5283460">
    <ele>864.6</ele>
    <time>2026-07-05T01:36:11Z</time>
   </trkpt>
   <trkpt lat="12.9084700" lon="77.5283510">
    <ele>864.7</ele>
    <time>2026-07-05T01:36:12Z</time>
   </trkpt>
   <trkpt lat="12.9084890" lon="77.5283600">
    <ele>864.8</ele>
    <time>2026-07-05T01:36:13Z</time>
   </trkpt>
   <trkpt lat="12.9085010" lon="77.5283660">
    <ele>864.9</ele>
    <time>2026-07-05T01:36:14Z</time>
   </trkpt>
   <trkpt lat="12.9085130" lon="77.5283730">
    <ele>864.9</ele>
    <time>2026-07-05T01:36:15Z</time>
   </trkpt>
   <trkpt lat="12.9085250" lon="77.5283810">
    <ele>865.0</ele>
    <time>2026-07-05T01:36:16Z</time>
   </trkpt>
   <trkpt lat="12.9085370" lon="77.5283900">
    <ele>865.1</ele>
    <time>2026-07-05T01:36:17Z</time>
   </trkpt>
   <trkpt lat="12.9085490" lon="77.5284010">
    <ele>865.1</ele>
    <time>2026-07-05T01:36:18Z</time>
   </trkpt>
   <trkpt lat="12.9085640" lon="77.5284110">
    <ele>865.2</ele>
    <time>2026-07-05T01:36:19Z</time>
   </trkpt>
   <trkpt lat="12.9085730" lon="77.5284150">
    <ele>865.2</ele>
    <time>2026-07-05T01:36:20Z</time>
   </trkpt>
   <trkpt lat="12.9085850" lon="77.5284210">
    <ele>865.3</ele>
    <time>2026-07-05T01:36:21Z</time>
   </trkpt>
   <trkpt lat="12.9085970" lon="77.5284260">
    <ele>865.4</ele>
    <time>2026-07-05T01:36:22Z</time>
   </trkpt>
   <trkpt lat="12.9086100" lon="77.5284310">
    <ele>865.4</ele>
    <time>2026-07-05T01:36:23Z</time>
   </trkpt>
   <trkpt lat="12.9086210" lon="77.5284350">
    <ele>865.5</ele>
    <time>2026-07-05T01:36:24Z</time>
   </trkpt>
   <trkpt lat="12.9086340" lon="77.5284410">
    <ele>865.5</ele>
    <time>2026-07-05T01:36:25Z</time>
   </trkpt>
   <trkpt lat="12.9086410" lon="77.5284450">
    <ele>865.6</ele>
    <time>2026-07-05T01:36:26Z</time>
   </trkpt>
   <trkpt lat="12.9086510" lon="77.5284500">
    <ele>865.6</ele>
    <time>2026-07-05T01:36:27Z</time>
   </trkpt>
   <trkpt lat="12.9086610" lon="77.5284550">
    <ele>865.7</ele>
    <time>2026-07-05T01:36:28Z</time>
   </trkpt>
   <trkpt lat="12.9086720" lon="77.5284600">
    <ele>865.7</ele>
    <time>2026-07-05T01:36:29Z</time>
   </trkpt>
   <trkpt lat="12.9086830" lon="77.5284660">
    <ele>865.8</ele>
    <time>2026-07-05T01:36:30Z</time>
   </trkpt>
   <trkpt lat="12.9086970" lon="77.5284750">
    <ele>865.8</ele>
    <time>2026-07-05T01:36:31Z</time>
   </trkpt>
   <trkpt lat="12.9087060" lon="77.5284810">
    <ele>865.9</ele>
    <time>2026-07-05T01:36:32Z</time>
   </trkpt>
   <trkpt lat="12.9087170" lon="77.5284880">
    <ele>865.9</ele>
    <time>2026-07-05T01:36:33Z</time>
   </trkpt>
   <trkpt lat="12.9087280" lon="77.5284950">
    <ele>866.0</ele>
    <time>2026-07-05T01:36:34Z</time>
   </trkpt>
   <trkpt lat="12.9087390" lon="77.5285020">
    <ele>866.0</ele>
    <time>2026-07-05T01:36:35Z</time>
   </trkpt>
   <trkpt lat="12.9087500" lon="77.5285080">
    <ele>866.1</ele>
    <time>2026-07-05T01:36:36Z</time>
   </trkpt>
   <trkpt lat="12.9087670" lon="77.5285200">
    <ele>866.2</ele>
    <time>2026-07-05T01:36:37Z</time>
   </trkpt>
   <trkpt lat="12.9087770" lon="77.5285260">
    <ele>866.2</ele>
    <time>2026-07-05T01:36:38Z</time>
   </trkpt>
   <trkpt lat="12.9087910" lon="77.5285320">
    <ele>866.3</ele>
    <time>2026-07-05T01:36:39Z</time>
   </trkpt>
   <trkpt lat="12.9088050" lon="77.5285380">
    <ele>866.3</ele>
    <time>2026-07-05T01:36:40Z</time>
   </trkpt>
   <trkpt lat="12.9088170" lon="77.5285460">
    <ele>866.4</ele>
    <time>2026-07-05T01:36:41Z</time>
   </trkpt>
   <trkpt lat="12.9088270" lon="77.5285540">
    <ele>866.4</ele>
    <time>2026-07-05T01:36:42Z</time>
   </trkpt>
   <trkpt lat="12.9088380" lon="77.5285630">
    <ele>866.5</ele>
    <time>2026-07-05T01:36:43Z</time>
   </trkpt>
   <trkpt lat="12.9088490" lon="77.5285710">
    <ele>866.5</ele>
    <time>2026-07-05T01:36:44Z</time>
   </trkpt>
   <trkpt lat="12.9088630" lon="77.5285780">
    <ele>866.6</ele>
    <time>2026-07-05T01:36:45Z</time>
   </trkpt>
   <trkpt lat="12.9088750" lon="77.5285860">
    <ele>866.6</ele>
    <time>2026-07-05T01:36:46Z</time>
   </trkpt>
   <trkpt lat="12.9088880" lon="77.5285940">
    <ele>866.7</ele>
    <time>2026-07-05T01:36:47Z</time>
   </trkpt>
   <trkpt lat="12.9088990" lon="77.5286020">
    <ele>866.8</ele>
    <time>2026-07-05T01:36:48Z</time>
   </trkpt>
   <trkpt lat="12.9089100" lon="77.5286080">
    <ele>866.8</ele>
    <time>2026-07-05T01:36:49Z</time>
   </trkpt>
   <trkpt lat="12.9089210" lon="77.5286160">
    <ele>866.8</ele>
    <time>2026-07-05T01:36:50Z</time>
   </trkpt>
   <trkpt lat="12.9089330" lon="77.5286240">
    <ele>866.9</ele>
    <time>2026-07-05T01:36:51Z</time>
   </trkpt>
   <trkpt lat="12.9089420" lon="77.5286370">
    <ele>867.0</ele>
    <time>2026-07-05T01:36:52Z</time>
   </trkpt>
   <trkpt lat="12.9089520" lon="77.5286470">
    <ele>867.0</ele>
    <time>2026-07-05T01:36:53Z</time>
   </trkpt>
   <trkpt lat="12.9089630" lon="77.5286580">
    <ele>867.1</ele>
    <time>2026-07-05T01:36:54Z</time>
   </trkpt>
   <trkpt lat="12.9089730" lon="77.5286680">
    <ele>867.1</ele>
    <time>2026-07-05T01:36:55Z</time>
   </trkpt>
   <trkpt lat="12.9089840" lon="77.5286790">
    <ele>867.2</ele>
    <time>2026-07-05T01:36:56Z</time>
   </trkpt>
   <trkpt lat="12.9090000" lon="77.5286920">
    <ele>867.2</ele>
    <time>2026-07-05T01:36:57Z</time>
   </trkpt>
   <trkpt lat="12.9090170" lon="77.5287100">
    <ele>867.3</ele>
    <time>2026-07-05T01:36:58Z</time>
   </trkpt>
   <trkpt lat="12.9090280" lon="77.5287300">
    <ele>867.4</ele>
    <time>2026-07-05T01:36:59Z</time>
   </trkpt>
   <trkpt lat="12.9090470" lon="77.5287420">
    <ele>867.5</ele>
    <time>2026-07-05T01:37:00Z</time>
   </trkpt>
   <trkpt lat="12.9090690" lon="77.5287500">
    <ele>867.5</ele>
    <time>2026-07-05T01:37:01Z</time>
   </trkpt>
   <trkpt lat="12.9090830" lon="77.5287590">
    <ele>867.6</ele>
    <time>2026-07-05T01:37:02Z</time>
   </trkpt>
   <trkpt lat="12.9091020" lon="77.5287650">
    <ele>867.7</ele>
    <time>2026-07-05T01:37:03Z</time>
   </trkpt>
   <trkpt lat="12.9091170" lon="77.5287750">
    <ele>867.7</ele>
    <time>2026-07-05T01:37:04Z</time>
   </trkpt>
   <trkpt lat="12.9091310" lon="77.5287870">
    <ele>867.8</ele>
    <time>2026-07-05T01:37:05Z</time>
   </trkpt>
   <trkpt lat="12.9091430" lon="77.5287920">
    <ele>867.8</ele>
    <time>2026-07-05T01:37:06Z</time>
   </trkpt>
   <trkpt lat="12.9091560" lon="77.5288000">
    <ele>867.9</ele>
    <time>2026-07-05T01:37:07Z</time>
   </trkpt>
   <trkpt lat="12.9091720" lon="77.5288040">
    <ele>867.9</ele>
    <time>2026-07-05T01:37:08Z</time>
   </trkpt>
   <trkpt lat="12.9091940" lon="77.5288110">
    <ele>868.0</ele>
    <time>2026-07-05T01:37:09Z</time>
   </trkpt>
   <trkpt lat="12.9092150" lon="77.5288200">
    <ele>868.0</ele>
    <time>2026-07-05T01:37:10Z</time>
   </trkpt>
   <trkpt lat="12.9092390" lon="77.5288360">
    <ele>868.1</ele>
    <time>2026-07-05T01:37:11Z</time>
   </trkpt>
   <trkpt lat="12.9092590" lon="77.5288540">
    <ele>868.2</ele>
    <time>2026-07-05T01:37:12Z</time>
   </trkpt>
   <trkpt lat="12.9092760" lon="77.5288710">
    <ele>868.3</ele>
    <time>2026-07-05T01:37:13Z</time>
   </trkpt>
   <trkpt lat="12.9092950" lon="77.5288880">
    <ele>868.3</ele>
    <time>2026-07-05T01:37:14Z</time>
   </trkpt>
   <trkpt lat="12.9093160" lon="77.5289020">
    <ele>868.4</ele>
    <time>2026-07-05T01:37:15Z</time>
   </trkpt>
   <trkpt lat="12.9093370" lon="77.5289170">
    <ele>868.5</ele>
    <time>2026-07-05T01:37:16Z</time>
   </trkpt>
   <trkpt lat="12.9093640" lon="77.5289260">
    <ele>868.5</ele>
    <time>2026-07-05T01:37:17Z</time>
   </trkpt>
   <trkpt lat="12.9093890" lon="77.5289310">
    <ele>868.6</ele>
    <time>2026-07-05T01:37:18Z</time>
   </trkpt>
   <trkpt lat="12.9094140" lon="77.5289380">
    <ele>868.6</ele>
    <time>2026-07-05T01:37:19Z</time>
   </trkpt>
   <trkpt lat="12.9094370" lon="77.5289500">
    <ele>868.7</ele>
    <time>2026-07-05T01:37:20Z</time>
   </trkpt>
   <trkpt lat="12.9094590" lon="77.5289620">
    <ele>868.7</ele>
    <time>2026-07-05T01:37:21Z</time>
   </trkpt>
   <trkpt lat="12.9094820" lon="77.5289750">
    <ele>868.8</ele>
    <time>2026-07-05T01:37:22Z</time>
   </trkpt>
   <trkpt lat="12.9095060" lon="77.5289890">
    <ele>868.8</ele>
    <time>2026-07-05T01:37:23Z</time>
   </trkpt>
   <trkpt lat="12.9095290" lon="77.5290020">
    <ele>868.8</ele>
    <time>2026-07-05T01:37:24Z</time>
   </trkpt>
   <trkpt lat="12.9095520" lon="77.5290140">
    <ele>868.9</ele>
    <time>2026-07-05T01:37:25Z</time>
   </trkpt>
   <trkpt lat="12.9095740" lon="77.5290280">
    <ele>868.9</ele>
    <time>2026-07-05T01:37:26Z</time>
   </trkpt>
   <trkpt lat="12.9095940" lon="77.5290430">
    <ele>868.9</ele>
    <time>2026-07-05T01:37:27Z</time>
   </trkpt>
   <trkpt lat="12.9096130" lon="77.5290590">
    <ele>868.9</ele>
    <time>2026-07-05T01:37:28Z</time>
   </trkpt>
   <trkpt lat="12.9096360" lon="77.5290710">
    <ele>869.0</ele>
    <time>2026-07-05T01:37:29Z</time>
   </trkpt>
   <trkpt lat="12.9096590" lon="77.5290830">
    <ele>869.0</ele>
    <time>2026-07-05T01:37:30Z</time>
   </trkpt>
   <trkpt lat="12.9096800" lon="77.5290980">
    <ele>869.0</ele>
    <time>2026-07-05T01:37:31Z</time>
   </trkpt>
   <trkpt lat="12.9097070" lon="77.5291070">
    <ele>869.0</ele>
    <time>2026-07-05T01:37:32Z</time>
   </trkpt>
   <trkpt lat="12.9097270" lon="77.5291200">
    <ele>869.1</ele>
    <time>2026-07-05T01:37:33Z</time>
   </trkpt>
   <trkpt lat="12.9097480" lon="77.5291380">
    <ele>869.1</ele>
    <time>2026-07-05T01:37:34Z</time>
   </trkpt>
   <trkpt lat="12.9097700" lon="77.5291530">
    <ele>869.1</ele>
    <time>2026-07-05T01:37:35Z</time>
   </trkpt>
   <trkpt lat="12.9097880" lon="77.5291750">
    <ele>869.1</ele>
    <time>2026-07-05T01:37:36Z</time>
   </trkpt>
   <trkpt lat="12.9098070" lon="77.5291920">
    <ele>869.1</ele>
    <time>2026-07-05T01:37:37Z</time>
   </trkpt>
   <trkpt lat="12.9098290" lon="77.5292100">
    <ele>869.2</ele>
    <time>2026-07-05T01:37:38Z</time>
   </trkpt>
   <trkpt lat="12.9098510" lon="77.5292230">
    <ele>869.2</ele>
    <time>2026-07-05T01:37:39Z</time>
   </trkpt>
   <trkpt lat="12.9098710" lon="77.5292400">
    <ele>869.2</ele>
    <time>2026-07-05T01:37:40Z</time>
   </trkpt>
   <trkpt lat="12.9098920" lon="77.5292580">
    <ele>869.2</ele>
    <time>2026-07-05T01:37:41Z</time>
   </trkpt>
   <trkpt lat="12.9099160" lon="77.5292750">
    <ele>869.2</ele>
    <time>2026-07-05T01:37:42Z</time>
   </trkpt>
   <trkpt lat="12.9099380" lon="77.5292900">
    <ele>869.2</ele>
    <time>2026-07-05T01:37:43Z</time>
   </trkpt>
   <trkpt lat="12.9099610" lon="77.5293030">
    <ele>869.2</ele>
    <time>2026-07-05T01:37:44Z</time>
   </trkpt>
   <trkpt lat="12.9099850" lon="77.5293140">
    <ele>869.2</ele>
    <time>2026-07-05T01:37:45Z</time>
   </trkpt>
   <trkpt lat="12.9100080" lon="77.5293300">
    <ele>869.2</ele>
    <time>2026-07-05T01:37:46Z</time>
   </trkpt>
   <trkpt lat="12.9100330" lon="77.5293420">
    <ele>869.2</ele>
    <time>2026-07-05T01:37:47Z</time>
   </trkpt>
   <trkpt lat="12.9100580" lon="77.5293530">
    <ele>869.2</ele>
    <time>2026-07-05T01:37:48Z</time>
   </trkpt>
   <trkpt lat="12.9100800" lon="77.5293710">
    <ele>869.2</ele>
    <time>2026-07-05T01:37:49Z</time>
   </trkpt>
   <trkpt lat="12.9101000" lon="77.5293860">
    <ele>869.1</ele>
    <time>2026-07-05T01:37:50Z</time>
   </trkpt>
   <trkpt lat="12.9101200" lon="77.5294000">
    <ele>869.1</ele>
    <time>2026-07-05T01:37:51Z</time>
   </trkpt>
   <trkpt lat="12.9101400" lon="77.5294160">
    <ele>869.1</ele>
    <time>2026-07-05T01:37:52Z</time>
   </trkpt>
   <trkpt lat="12.9101570" lon="77.5294300">
    <ele>869.1</ele>
    <time>2026-07-05T01:37:53Z</time>
   </trkpt>
   <trkpt lat="12.9101780" lon="77.5294390">
    <ele>869.1</ele>
    <time>2026-07-05T01:37:54Z</time>
   </trkpt>
   <trkpt lat="12.9102010" lon="77.5294480">
    <ele>869.1</ele>
    <time>2026-07-05T01:37:55Z</time>
   </trkpt>
   <trkpt lat="12.9102240" lon="77.5294570">
    <ele>869.0</ele>
    <time>2026-07-05T01:37:56Z</time>
   </trkpt>
   <trkpt lat="12.9102490" lon="77.5294670">
    <ele>869.0</ele>
    <time>2026-07-05T01:37:57Z</time>
   </trkpt>
   <trkpt lat="12.9102750" lon="77.5294820">
    <ele>869.0</ele>
    <time>2026-07-05T01:37:58Z</time>
   </trkpt>
   <trkpt lat="12.9103090" lon="77.5295120">
    <ele>868.9</ele>
    <time>2026-07-05T01:37:59Z</time>
   </trkpt>
   <trkpt lat="12.9103430" lon="77.5295370">
    <ele>868.9</ele>
    <time>2026-07-05T01:38:00Z</time>
   </trkpt>
   <trkpt lat="12.9103700" lon="77.5295570">
    <ele>868.8</ele>
    <time>2026-07-05T01:38:01Z</time>
   </trkpt>
   <trkpt lat="12.9103900" lon="77.5295750">
    <ele>868.8</ele>
    <time>2026-07-05T01:38:02Z</time>
   </trkpt>
   <trkpt lat="12.9104110" lon="77.5295940">
    <ele>868.8</ele>
    <time>2026-07-05T01:38:03Z</time>
   </trkpt>
   <trkpt lat="12.9104330" lon="77.5296130">
    <ele>868.7</ele>
    <time>2026-07-05T01:38:04Z</time>
   </trkpt>
   <trkpt lat="12.9104570" lon="77.5296270">
    <ele>868.7</ele>
    <time>2026-07-05T01:38:05Z</time>
   </trkpt>
   <trkpt lat="12.9104810" lon="77.5296380">
    <ele>868.6</ele>
    <time>2026-07-05T01:38:06Z</time>
   </trkpt>
   <trkpt lat="12.9104990" lon="77.5296410">
    <ele>868.6</ele>
    <time>2026-07-05T01:38:07Z</time>
   </trkpt>
   <trkpt lat="12.9105220" lon="77.5296570">
    <ele>868.5</ele>
    <time>2026-07-05T01:38:08Z</time>
   </trkpt>
   <trkpt lat="12.9105440" lon="77.5296750">
    <ele>868.5</ele>
    <time>2026-07-05T01:38:09Z</time>
   </trkpt>
   <trkpt lat="12.9105700" lon="77.5296950">
    <ele>868.4</ele>
    <time>2026-07-05T01:38:10Z</time>
   </trkpt>
   <trkpt lat="12.9105930" lon="77.5297160">
    <ele>868.3</ele>
    <time>2026-07-05T01:38:11Z</time>
   </trkpt>
   <trkpt lat="12.9106120" lon="77.5297280">
    <ele>868.3</ele>
    <time>2026-07-05T01:38:12Z</time>
   </trkpt>
   <trkpt lat="12.9106350" lon="77.5297370">
    <ele>868.2</ele>
    <time>2026-07-05T01:38:13Z</time>
   </trkpt>
   <trkpt lat="12.9106570" lon="77.5297470">
    <ele>868.2</ele>
    <time>2026-07-05T01:38:14Z</time>
   </trkpt>
   <trkpt lat="12.9106810" lon="77.5297570">
    <ele>868.1</ele>
    <time>2026-07-05T01:38:15Z</time>
   </trkpt>
   <trkpt lat="12.9107070" lon="77.5297650">
    <ele>868.0</ele>
    <time>2026-07-05T01:38:16Z</time>
   </trkpt>
   <trkpt lat="12.9107310" lon="77.5297760">
    <ele>867.9</ele>
    <time>2026-07-05T01:38:17Z</time>
   </trkpt>
   <trkpt lat="12.9107570" lon="77.5297850">
    <ele>867.9</ele>
    <time>2026-07-05T01:38:18Z</time>
   </trkpt>
   <trkpt lat="12.9107780" lon="77.5297980">
    <ele>867.8</ele>
    <time>2026-07-05T01:38:19Z</time>
   </trkpt>
   <trkpt lat="12.9108010" lon="77.5298140">
    <ele>867.7</ele>
    <time>2026-07-05T01:38:20Z</time>
   </trkpt>
   <trkpt lat="12.9108250" lon="77.5298300">
    <ele>867.6</ele>
    <time>2026-07-05T01:38:21Z</time>
   </trkpt>
   <trkpt lat="12.9108460" lon="77.5298460">
    <ele>867.5</ele>
    <time>2026-07-05T01:38:22Z</time>
   </trkpt>
   <trkpt lat="12.9108690" lon="77.5298600">
    <ele>867.5</ele>
    <time>2026-07-05T01:38:23Z</time>
   </trkpt>
   <trkpt lat="12.9108910" lon="77.5298720">
    <ele>867.4</ele>
    <time>2026-07-05T01:38:24Z</time>
   </trkpt>
   <trkpt lat="12.9109120" lon="77.5298840">
    <ele>867.3</ele>
    <time>2026-07-05T01:38:25Z</time>
   </trkpt>
   <trkpt lat="12.9109310" lon="77.5298950">
    <ele>867.2</ele>
    <time>2026-07-05T01:38:26Z</time>
   </trkpt>
   <trkpt lat="12.9109560" lon="77.5299080">
    <ele>867.1</ele>
    <time>2026-07-05T01:38:27Z</time>
   </trkpt>
   <trkpt lat="12.9109810" lon="77.5299100">
    <ele>867.0</ele>
    <time>2026-07-05T01:38:28Z</time>
   </trkpt>
   <trkpt lat="12.9110060" lon="77.5299130">
    <ele>866.9</ele>
    <time>2026-07-05T01:38:29Z</time>
   </trkpt>
   <trkpt lat="12.9110300" lon="77.5299260">
    <ele>866.8</ele>
    <time>2026-07-05T01:38:30Z</time>
   </trkpt>
   <trkpt lat="12.9110520" lon="77.5299430">
    <ele>866.7</ele>
    <time>2026-07-05T01:38:31Z</time>
   </trkpt>
   <trkpt lat="12.9110760" lon="77.5299660">
    <ele>866.6</ele>
    <time>2026-07-05T01:38:32Z</time>
   </trkpt>
   <trkpt lat="12.9110990" lon="77.5299830">
    <ele>866.5</ele>
    <time>2026-07-05T01:38:33Z</time>
   </trkpt>
   <trkpt lat="12.9111220" lon="77.5299950">
    <ele>866.4</ele>
    <time>2026-07-05T01:38:34Z</time>
   </trkpt>
   <trkpt lat="12.9111490" lon="77.5300030">
    <ele>866.2</ele>
    <time>2026-07-05T01:38:35Z</time>
   </trkpt>
   <trkpt lat="12.9111750" lon="77.5300080">
    <ele>866.1</ele>
    <time>2026-07-05T01:38:36Z</time>
   </trkpt>
   <trkpt lat="12.9111950" lon="77.5300210">
    <ele>866.0</ele>
    <time>2026-07-05T01:38:37Z</time>
   </trkpt>
   <trkpt lat="12.9112170" lon="77.5300350">
    <ele>865.9</ele>
    <time>2026-07-05T01:38:38Z</time>
   </trkpt>
   <trkpt lat="12.9112380" lon="77.5300490">
    <ele>865.8</ele>
    <time>2026-07-05T01:38:39Z</time>
   </trkpt>
   <trkpt lat="12.9112590" lon="77.5300630">
    <ele>865.7</ele>
    <time>2026-07-05T01:38:40Z</time>
   </trkpt>
   <trkpt lat="12.9112800" lon="77.5300760">
    <ele>865.5</ele>
    <time>2026-07-05T01:38:41Z</time>
   </trkpt>
   <trkpt lat="12.9113010" lon="77.5300910">
    <ele>865.4</ele>
    <time>2026-07-05T01:38:42Z</time>
   </trkpt>
   <trkpt lat="12.9113240" lon="77.5301050">
    <ele>865.3</ele>
    <time>2026-07-05T01:38:43Z</time>
   </trkpt>
   <trkpt lat="12.9113480" lon="77.5301110">
    <ele>865.2</ele>
    <time>2026-07-05T01:38:44Z</time>
   </trkpt>
   <trkpt lat="12.9113700" lon="77.5301210">
    <ele>865.1</ele>
    <time>2026-07-05T01:38:45Z</time>
   </trkpt>
   <trkpt lat="12.9113920" lon="77.5301280">
    <ele>865.0</ele>
    <time>2026-07-05T01:38:46Z</time>
   </trkpt>
   <trkpt lat="12.9114130" lon="77.5301450">
    <ele>864.8</ele>
    <time>2026-07-05T01:38:47Z</time>
   </trkpt>
   <trkpt lat="12.9114330" lon="77.5301710">
    <ele>864.7</ele>
    <time>2026-07-05T01:38:48Z</time>
   </trkpt>
   <trkpt lat="12.9114550" lon="77.5301910">
    <ele>864.5</ele>
    <time>2026-07-05T01:38:49Z</time>
   </trkpt>
   <trkpt lat="12.9114790" lon="77.5302020">
    <ele>864.4</ele>
    <time>2026-07-05T01:38:50Z</time>
   </trkpt>
   <trkpt lat="12.9115040" lon="77.5302120">
    <ele>864.3</ele>
    <time>2026-07-05T01:38:51Z</time>
   </trkpt>
   <trkpt lat="12.9115300" lon="77.5302220">
    <ele>864.1</ele>
    <time>2026-07-05T01:38:52Z</time>
   </trkpt>
   <trkpt lat="12.9115560" lon="77.5302350">
    <ele>864.0</ele>
    <time>2026-07-05T01:38:53Z</time>
   </trkpt>
   <trkpt lat="12.9115790" lon="77.5302460">
    <ele>863.9</ele>
    <time>2026-07-05T01:38:54Z</time>
   </trkpt>
   <trkpt lat="12.9116050" lon="77.5302600">
    <ele>863.7</ele>
    <time>2026-07-05T01:38:55Z</time>
   </trkpt>
   <trkpt lat="12.9116280" lon="77.5302720">
    <ele>863.6</ele>
    <time>2026-07-05T01:38:56Z</time>
   </trkpt>
   <trkpt lat="12.9116530" lon="77.5302860">
    <ele>863.5</ele>
    <time>2026-07-05T01:38:57Z</time>
   </trkpt>
   <trkpt lat="12.9116700" lon="77.5302990">
    <ele>863.4</ele>
    <time>2026-07-05T01:38:58Z</time>
   </trkpt>
   <trkpt lat="12.9116870" lon="77.5303100">
    <ele>863.3</ele>
    <time>2026-07-05T01:38:59Z</time>
   </trkpt>
   <trkpt lat="12.9117050" lon="77.5303210">
    <ele>863.2</ele>
    <time>2026-07-05T01:39:00Z</time>
   </trkpt>
   <trkpt lat="12.9117240" lon="77.5303330">
    <ele>863.1</ele>
    <time>2026-07-05T01:39:01Z</time>
   </trkpt>
   <trkpt lat="12.9117480" lon="77.5303470">
    <ele>863.0</ele>
    <time>2026-07-05T01:39:02Z</time>
   </trkpt>
   <trkpt lat="12.9117730" lon="77.5303560">
    <ele>862.8</ele>
    <time>2026-07-05T01:39:03Z</time>
   </trkpt>
   <trkpt lat="12.9117990" lon="77.5303620">
    <ele>862.7</ele>
    <time>2026-07-05T01:39:04Z</time>
   </trkpt>
   <trkpt lat="12.9118200" lon="77.5303840">
    <ele>862.6</ele>
    <time>2026-07-05T01:39:05Z</time>
   </trkpt>
   <trkpt lat="12.9118400" lon="77.5304040">
    <ele>862.5</ele>
    <time>2026-07-05T01:39:06Z</time>
   </trkpt>
   <trkpt lat="12.9118620" lon="77.5304230">
    <ele>862.3</ele>
    <time>2026-07-05T01:39:07Z</time>
   </trkpt>
   <trkpt lat="12.9118870" lon="77.5304370">
    <ele>862.2</ele>
    <time>2026-07-05T01:39:08Z</time>
   </trkpt>
   <trkpt lat="12.9119130" lon="77.5304500">
    <ele>862.1</ele>
    <time>2026-07-05T01:39:09Z</time>
   </trkpt>
   <trkpt lat="12.9119410" lon="77.5304600">
    <ele>862.0</ele>
    <time>2026-07-05T01:39:10Z</time>
   </trkpt>
   <trkpt lat="12.9119660" lon="77.5304700">
    <ele>861.9</ele>
    <time>2026-07-05T01:39:11Z</time>
   </trkpt>
   <trkpt lat="12.9119930" lon="77.5304760">
    <ele>861.7</ele>
    <time>2026-07-05T01:39:12Z</time>
   </trkpt>
   <trkpt lat="12.9120160" lon="77.5304880">
    <ele>861.6</ele>
    <time>2026-07-05T01:39:13Z</time>
   </trkpt>
   <trkpt lat="12.9120380" lon="77.5304990">
    <ele>861.5</ele>
    <time>2026-07-05T01:39:14Z</time>
   </trkpt>
   <trkpt lat="12.9120610" lon="77.5305080">
    <ele>861.4</ele>
    <time>2026-07-05T01:39:15Z</time>
   </trkpt>
   <trkpt lat="12.9120870" lon="77.5305150">
    <ele>861.3</ele>
    <time>2026-07-05T01:39:16Z</time>
   </trkpt>
   <trkpt lat="12.9121120" lon="77.5305220">
    <ele>861.2</ele>
    <time>2026-07-05T01:39:17Z</time>
   </trkpt>
   <trkpt lat="12.9121330" lon="77.5305300">
    <ele>861.1</ele>
    <time>2026-07-05T01:39:18Z</time>
   </trkpt>
   <trkpt lat="12.9121560" lon="77.5305390">
    <ele>861.0</ele>
    <time>2026-07-05T01:39:19Z</time>
   </trkpt>
   <trkpt lat="12.9121820" lon="77.5305470">
    <ele>860.8</ele>
    <time>2026-07-05T01:39:20Z</time>
   </trkpt>
   <trkpt lat="12.9122050" lon="77.5305590">
    <ele>860.7</ele>
    <time>2026-07-05T01:39:21Z</time>
   </trkpt>
   <trkpt lat="12.9122280" lon="77.5305730">
    <ele>860.6</ele>
    <time>2026-07-05T01:39:22Z</time>
   </trkpt>
   <trkpt lat="12.9122520" lon="77.5305860">
    <ele>860.5</ele>
    <time>2026-07-05T01:39:23Z</time>
   </trkpt>
   <trkpt lat="12.9122720" lon="77.5306000">
    <ele>860.4</ele>
    <time>2026-07-05T01:39:24Z</time>
   </trkpt>
   <trkpt lat="12.9122930" lon="77.5306130">
    <ele>860.3</ele>
    <time>2026-07-05T01:39:25Z</time>
   </trkpt>
   <trkpt lat="12.9123190" lon="77.5306260">
    <ele>860.1</ele>
    <time>2026-07-05T01:39:26Z</time>
   </trkpt>
   <trkpt lat="12.9123480" lon="77.5306330">
    <ele>860.0</ele>
    <time>2026-07-05T01:39:27Z</time>
   </trkpt>
   <trkpt lat="12.9123740" lon="77.5306480">
    <ele>859.9</ele>
    <time>2026-07-05T01:39:28Z</time>
   </trkpt>
   <trkpt lat="12.9124020" lon="77.5306620">
    <ele>859.8</ele>
    <time>2026-07-05T01:39:29Z</time>
   </trkpt>
   <trkpt lat="12.9124290" lon="77.5306740">
    <ele>859.6</ele>
    <time>2026-07-05T01:39:30Z</time>
   </trkpt>
   <trkpt lat="12.9124550" lon="77.5306860">
    <ele>859.5</ele>
    <time>2026-07-05T01:39:31Z</time>
   </trkpt>
   <trkpt lat="12.9124760" lon="77.5306950">
    <ele>859.4</ele>
    <time>2026-07-05T01:39:32Z</time>
   </trkpt>
   <trkpt lat="12.9124980" lon="77.5307010">
    <ele>859.3</ele>
    <time>2026-07-05T01:39:33Z</time>
   </trkpt>
   <trkpt lat="12.9125180" lon="77.5307120">
    <ele>859.2</ele>
    <time>2026-07-05T01:39:34Z</time>
   </trkpt>
   <trkpt lat="12.9125400" lon="77.5307230">
    <ele>859.1</ele>
    <time>2026-07-05T01:39:35Z</time>
   </trkpt>
   <trkpt lat="12.9125650" lon="77.5307320">
    <ele>859.0</ele>
    <time>2026-07-05T01:39:36Z</time>
   </trkpt>
   <trkpt lat="12.9125900" lon="77.5307400">
    <ele>858.9</ele>
    <time>2026-07-05T01:39:37Z</time>
   </trkpt>
   <trkpt lat="12.9126150" lon="77.5307480">
    <ele>858.8</ele>
    <time>2026-07-05T01:39:38Z</time>
   </trkpt>
   <trkpt lat="12.9126410" lon="77.5307530">
    <ele>858.7</ele>
    <time>2026-07-05T01:39:39Z</time>
   </trkpt>
   <trkpt lat="12.9126660" lon="77.5307610">
    <ele>858.6</ele>
    <time>2026-07-05T01:39:40Z</time>
   </trkpt>
   <trkpt lat="12.9126910" lon="77.5307700">
    <ele>858.5</ele>
    <time>2026-07-05T01:39:41Z</time>
   </trkpt>
   <trkpt lat="12.9127170" lon="77.5307850">
    <ele>858.4</ele>
    <time>2026-07-05T01:39:42Z</time>
   </trkpt>
   <trkpt lat="12.9127420" lon="77.5307960">
    <ele>858.2</ele>
    <time>2026-07-05T01:39:43Z</time>
   </trkpt>
   <trkpt lat="12.9127660" lon="77.5308100">
    <ele>858.1</ele>
    <time>2026-07-05T01:39:44Z</time>
   </trkpt>
   <trkpt lat="12.9127890" lon="77.5308220">
    <ele>858.0</ele>
    <time>2026-07-05T01:39:45Z</time>
   </trkpt>
   <trkpt lat="12.9128150" lon="77.5308280">
    <ele>857.9</ele>
    <time>2026-07-05T01:39:46Z</time>
   </trkpt>
   <trkpt lat="12.9128410" lon="77.5308310">
    <ele>857.8</ele>
    <time>2026-07-05T01:39:47Z</time>
   </trkpt>
   <trkpt lat="12.9128660" lon="77.5308380">
    <ele>857.7</ele>
    <time>2026-07-05T01:39:48Z</time>
   </trkpt>
   <trkpt lat="12.9128940" lon="77.5308440">
    <ele>857.6</ele>
    <time>2026-07-05T01:39:49Z</time>
   </trkpt>
   <trkpt lat="12.9129170" lon="77.5308510">
    <ele>857.5</ele>
    <time>2026-07-05T01:39:50Z</time>
   </trkpt>
   <trkpt lat="12.9129400" lon="77.5308580">
    <ele>857.3</ele>
    <time>2026-07-05T01:39:51Z</time>
   </trkpt>
   <trkpt lat="12.9129640" lon="77.5308660">
    <ele>857.2</ele>
    <time>2026-07-05T01:39:52Z</time>
   </trkpt>
   <trkpt lat="12.9129910" lon="77.5308760">
    <ele>857.1</ele>
    <time>2026-07-05T01:39:53Z</time>
   </trkpt>
   <trkpt lat="12.9130180" lon="77.5308840">
    <ele>857.0</ele>
    <time>2026-07-05T01:39:54Z</time>
   </trkpt>
   <trkpt lat="12.9130430" lon="77.5308920">
    <ele>856.9</ele>
    <time>2026-07-05T01:39:55Z</time>
   </trkpt>
   <trkpt lat="12.9130730" lon="77.5309030">
    <ele>856.7</ele>
    <time>2026-07-05T01:39:56Z</time>
   </trkpt>
   <trkpt lat="12.9130890" lon="77.5309110">
    <ele>856.7</ele>
    <time>2026-07-05T01:39:57Z</time>
   </trkpt>
   <trkpt lat="12.9131130" lon="77.5309180">
    <ele>856.5</ele>
    <time>2026-07-05T01:39:58Z</time>
   </trkpt>
   <trkpt lat="12.9131360" lon="77.5309270">
    <ele>856.4</ele>
    <time>2026-07-05T01:39:59Z</time>
   </trkpt>
   <trkpt lat="12.9131630" lon="77.5309310">
    <ele>856.3</ele>
    <time>2026-07-05T01:40:00Z</time>
   </trkpt>
   <trkpt lat="12.9131900" lon="77.5309370">
    <ele>856.2</ele>
    <time>2026-07-05T01:40:01Z</time>
   </trkpt>
   <trkpt lat="12.9132130" lon="77.5309420">
    <ele>856.1</ele>
    <time>2026-07-05T01:40:02Z</time>
   </trkpt>
   <trkpt lat="12.9132370" lon="77.5309490">
    <ele>856.0</ele>
    <time>2026-07-05T01:40:03Z</time>
   </trkpt>
   <trkpt lat="12.9132600" lon="77.5309560">
    <ele>855.9</ele>
    <time>2026-07-05T01:40:04Z</time>
   </trkpt>
   <trkpt lat="12.9132820" lon="77.5309610">
    <ele>855.8</ele>
    <time>2026-07-05T01:40:05Z</time>
   </trkpt>
   <trkpt lat="12.9133050" lon="77.5309640">
    <ele>855.7</ele>
    <time>2026-07-05T01:40:06Z</time>
   </trkpt>
   <trkpt lat="12.9133300" lon="77.5309670">
    <ele>855.6</ele>
    <time>2026-07-05T01:40:07Z</time>
   </trkpt>
   <trkpt lat="12.9133540" lon="77.5309740">
    <ele>855.5</ele>
    <time>2026-07-05T01:40:08Z</time>
   </trkpt>
   <trkpt lat="12.9133800" lon="77.5309790">
    <ele>855.4</ele>
    <time>2026-07-05T01:40:09Z</time>
   </trkpt>
   <trkpt lat="12.9134010" lon="77.5309800">
    <ele>855.3</ele>
    <time>2026-07-05T01:40:10Z</time>
   </trkpt>
   <trkpt lat="12.9134200" lon="77.5309820">
    <ele>855.2</ele>
    <time>2026-07-05T01:40:11Z</time>
   </trkpt>
   <trkpt lat="12.9134410" lon="77.5310030">
    <ele>855.1</ele>
    <time>2026-07-05T01:40:12Z</time>
   </trkpt>
   <trkpt lat="12.9134590" lon="77.5310200">
    <ele>855.0</ele>
    <time>2026-07-05T01:40:13Z</time>
   </trkpt>
   <trkpt lat="12.9134870" lon="77.5310340">
    <ele>854.9</ele>
    <time>2026-07-05T01:40:14Z</time>
   </trkpt>
   <trkpt lat="12.9135130" lon="77.5310440">
    <ele>854.8</ele>
    <time>2026-07-05T01:40:15Z</time>
   </trkpt>
   <trkpt lat="12.9135420" lon="77.5310410">
    <ele>854.7</ele>
    <time>2026-07-05T01:40:16Z</time>
   </trkpt>
   <trkpt lat="12.9135620" lon="77.5310500">
    <ele>854.6</ele>
    <time>2026-07-05T01:40:17Z</time>
   </trkpt>
   <trkpt lat="12.9135850" lon="77.5310620">
    <ele>854.5</ele>
    <time>2026-07-05T01:40:18Z</time>
   </trkpt>
   <trkpt lat="12.9136170" lon="77.5310730">
    <ele>854.4</ele>
    <time>2026-07-05T01:40:19Z</time>
   </trkpt>
   <trkpt lat="12.9136420" lon="77.5310820">
    <ele>854.3</ele>
    <time>2026-07-05T01:40:20Z</time>
   </trkpt>
   <trkpt lat="12.9136710" lon="77.5310870">
    <ele>854.2</ele>
    <time>2026-07-05T01:40:21Z</time>
   </trkpt>
   <trkpt lat="12.9136990" lon="77.5310880">
    <ele>854.1</ele>
    <time>2026-07-05T01:40:22Z</time>
   </trkpt>
   <trkpt lat="12.9137280" lon="77.5310880">
    <ele>854.0</ele>
    <time>2026-07-05T01:40:23Z</time>
   </trkpt>
   <trkpt lat="12.9137540" lon="77.5310880">
    <ele>853.9</ele>
    <time>2026-07-05T01:40:24Z</time>
   </trkpt>
   <trkpt lat="12.9137790" lon="77.5310880">
    <ele>853.8</ele>
    <time>2026-07-05T01:40:25Z</time>
   </trkpt>
   <trkpt lat="12.9137990" lon="77.5310880">
    <ele>853.7</ele>
    <time>2026-07-05T01:40:26Z</time>
   </trkpt>
   <trkpt lat="12.9138220" lon="77.5310900">
    <ele>853.6</ele>
    <time>2026-07-05T01:40:27Z</time>
   </trkpt>
   <trkpt lat="12.9138470" lon="77.5310890">
    <ele>853.6</ele>
    <time>2026-07-05T01:40:28Z</time>
   </trkpt>
   <trkpt lat="12.9138650" lon="77.5310910">
    <ele>853.5</ele>
    <time>2026-07-05T01:40:29Z</time>
   </trkpt>
   <trkpt lat="12.9138860" lon="77.5310910">
    <ele>853.4</ele>
    <time>2026-07-05T01:40:30Z</time>
   </trkpt>
   <trkpt lat="12.9139070" lon="77.5310970">
    <ele>853.4</ele>
    <time>2026-07-05T01:40:31Z</time>
   </trkpt>
   <trkpt lat="12.9139310" lon="77.5311030">
    <ele>853.3</ele>
    <time>2026-07-05T01:40:32Z</time>
   </trkpt>
   <trkpt lat="12.9139560" lon="77.5311110">
    <ele>853.2</ele>
    <time>2026-07-05T01:40:33Z</time>
   </trkpt>
   <trkpt lat="12.9139820" lon="77.5311190">
    <ele>853.1</ele>
    <time>2026-07-05T01:40:34Z</time>
   </trkpt>
   <trkpt lat="12.9140060" lon="77.5311260">
    <ele>853.0</ele>
    <time>2026-07-05T01:40:35Z</time>
   </trkpt>
   <trkpt lat="12.9140420" lon="77.5311370">
    <ele>852.9</ele>
    <time>2026-07-05T01:40:36Z</time>
   </trkpt>
   <trkpt lat="12.9140620" lon="77.5311420">
    <ele>852.9</ele>
    <time>2026-07-05T01:40:37Z</time>
   </trkpt>
   <trkpt lat="12.9140900" lon="77.5311490">
    <ele>852.8</ele>
    <time>2026-07-05T01:40:38Z</time>
   </trkpt>
   <trkpt lat="12.9141160" lon="77.5311560">
    <ele>852.8</ele>
    <time>2026-07-05T01:40:39Z</time>
   </trkpt>
   <trkpt lat="12.9141430" lon="77.5311510">
    <ele>852.7</ele>
    <time>2026-07-05T01:40:40Z</time>
   </trkpt>
   <trkpt lat="12.9141600" lon="77.5311420">
    <ele>852.7</ele>
    <time>2026-07-05T01:40:41Z</time>
   </trkpt>
   <trkpt lat="12.9141840" lon="77.5311430">
    <ele>852.7</ele>
    <time>2026-07-05T01:40:42Z</time>
   </trkpt>
   <trkpt lat="12.9142090" lon="77.5311480">
    <ele>852.6</ele>
    <time>2026-07-05T01:40:43Z</time>
   </trkpt>
   <trkpt lat="12.9142340" lon="77.5311540">
    <ele>852.6</ele>
    <time>2026-07-05T01:40:44Z</time>
   </trkpt>
   <trkpt lat="12.9142570" lon="77.5311700">
    <ele>852.6</ele>
    <time>2026-07-05T01:40:45Z</time>
   </trkpt>
   <trkpt lat="12.9142780" lon="77.5311830">
    <ele>852.6</ele>
    <time>2026-07-05T01:40:46Z</time>
   </trkpt>
   <trkpt lat="12.9142970" lon="77.5311940">
    <ele>852.5</ele>
    <time>2026-07-05T01:40:47Z</time>
   </trkpt>
   <trkpt lat="12.9143200" lon="77.5312020">
    <ele>852.5</ele>
    <time>2026-07-05T01:40:48Z</time>
   </trkpt>
   <trkpt lat="12.9143410" lon="77.5312080">
    <ele>852.5</ele>
    <time>2026-07-05T01:40:49Z</time>
   </trkpt>
   <trkpt lat="12.9143670" lon="77.5312090">
    <ele>852.5</ele>
    <time>2026-07-05T01:40:50Z</time>
   </trkpt>
   <trkpt lat="12.9143920" lon="77.5312150">
    <ele>852.5</ele>
    <time>2026-07-05T01:40:51Z</time>
   </trkpt>
   <trkpt lat="12.9144180" lon="77.5312190">
    <ele>852.5</ele>
    <time>2026-07-05T01:40:52Z</time>
   </trkpt>
   <trkpt lat="12.9144430" lon="77.5312150">
    <ele>852.5</ele>
    <time>2026-07-05T01:40:53Z</time>
   </trkpt>
   <trkpt lat="12.9144670" lon="77.5312120">
    <ele>852.5</ele>
    <time>2026-07-05T01:40:54Z</time>
   </trkpt>
   <trkpt lat="12.9144930" lon="77.5312130">
    <ele>852.5</ele>
    <time>2026-07-05T01:40:55Z</time>
   </trkpt>
   <trkpt lat="12.9145160" lon="77.5312120">
    <ele>852.5</ele>
    <time>2026-07-05T01:40:56Z</time>
   </trkpt>
   <trkpt lat="12.9145390" lon="77.5312140">
    <ele>852.5</ele>
    <time>2026-07-05T01:40:57Z</time>
   </trkpt>
   <trkpt lat="12.9145630" lon="77.5312140">
    <ele>852.5</ele>
    <time>2026-07-05T01:40:58Z</time>
   </trkpt>
   <trkpt lat="12.9145880" lon="77.5312160">
    <ele>852.5</ele>
    <time>2026-07-05T01:40:59Z</time>
   </trkpt>
   <trkpt lat="12.9146130" lon="77.5312190">
    <ele>852.5</ele>
    <time>2026-07-05T01:41:00Z</time>
   </trkpt>
   <trkpt lat="12.9146380" lon="77.5312220">
    <ele>852.6</ele>
    <time>2026-07-05T01:41:01Z</time>
   </trkpt>
   <trkpt lat="12.9146630" lon="77.5312250">
    <ele>852.6</ele>
    <time>2026-07-05T01:41:02Z</time>
   </trkpt>
   <trkpt lat="12.9146850" lon="77.5312230">
    <ele>852.6</ele>
    <time>2026-07-05T01:41:03Z</time>
   </trkpt>
   <trkpt lat="12.9147050" lon="77.5312190">
    <ele>852.6</ele>
    <time>2026-07-05T01:41:04Z</time>
   </trkpt>
   <trkpt lat="12.9147210" lon="77.5312110">
    <ele>852.6</ele>
    <time>2026-07-05T01:41:05Z</time>
   </trkpt>
   <trkpt lat="12.9147410" lon="77.5312090">
    <ele>852.7</ele>
    <time>2026-07-05T01:41:06Z</time>
   </trkpt>
   <trkpt lat="12.9147680" lon="77.5312260">
    <ele>852.7</ele>
    <time>2026-07-05T01:41:07Z</time>
   </trkpt>
   <trkpt lat="12.9147910" lon="77.5312310">
    <ele>852.7</ele>
    <time>2026-07-05T01:41:08Z</time>
   </trkpt>
   <trkpt lat="12.9148100" lon="77.5312180">
    <ele>852.8</ele>
    <time>2026-07-05T01:41:09Z</time>
   </trkpt>
   <trkpt lat="12.9148340" lon="77.5312150">
    <ele>852.8</ele>
    <time>2026-07-05T01:41:10Z</time>
   </trkpt>
   <trkpt lat="12.9148610" lon="77.5312290">
    <ele>852.8</ele>
    <time>2026-07-05T01:41:11Z</time>
   </trkpt>
   <trkpt lat="12.9148840" lon="77.5312420">
    <ele>852.9</ele>
    <time>2026-07-05T01:41:12Z</time>
   </trkpt>
   <trkpt lat="12.9149030" lon="77.5312460">
    <ele>852.9</ele>
    <time>2026-07-05T01:41:13Z</time>
   </trkpt>
   <trkpt lat="12.9149240" lon="77.5312400">
    <ele>853.0</ele>
    <time>2026-07-05T01:41:14Z</time>
   </trkpt>
   <trkpt lat="12.9149430" lon="77.5312430">
    <ele>853.0</ele>
    <time>2026-07-05T01:41:15Z</time>
   </trkpt>
   <trkpt lat="12.9149620" lon="77.5312580">
    <ele>853.1</ele>
    <time>2026-07-05T01:41:16Z</time>
   </trkpt>
   <trkpt lat="12.9149800" lon="77.5312670">
    <ele>853.1</ele>
    <time>2026-07-05T01:41:17Z</time>
   </trkpt>
   <trkpt lat="12.9149920" lon="77.5312820">
    <ele>853.1</ele>
    <time>2026-07-05T01:41:18Z</time>
   </trkpt>
   <trkpt lat="12.9150070" lon="77.5312870">
    <ele>853.2</ele>
    <time>2026-07-05T01:41:19Z</time>
   </trkpt>
   <trkpt lat="12.9150230" lon="77.5312970">
    <ele>853.2</ele>
    <time>2026-07-05T01:41:20Z</time>
   </trkpt>
   <trkpt lat="12.9150430" lon="77.5312980">
    <ele>853.3</ele>
    <time>2026-07-05T01:41:21Z</time>
   </trkpt>
   <trkpt lat="12.9150620" lon="77.5313080">
    <ele>853.3</ele>
    <time>2026-07-05T01:41:22Z</time>
   </trkpt>
   <trkpt lat="12.9150840" lon="77.5313150">
    <ele>853.4</ele>
    <time>2026-07-05T01:41:23Z</time>
   </trkpt>
   <trkpt lat="12.9151090" lon="77.5313110">
    <ele>853.4</ele>
    <time>2026-07-05T01:41:24Z</time>
   </trkpt>
   <trkpt lat="12.9151320" lon="77.5313100">
    <ele>853.5</ele>
    <time>2026-07-05T01:41:25Z</time>
   </trkpt>
   <trkpt lat="12.9151600" lon="77.5312950">
    <ele>853.6</ele>
    <time>2026-07-05T01:41:26Z</time>
   </trkpt>
   <trkpt lat="12.9151820" lon="77.5312850">
    <ele>853.7</ele>
    <time>2026-07-05T01:41:27Z</time>
   </trkpt>
   <trkpt lat="12.9152040" lon="77.5312780">
    <ele>853.7</ele>
    <time>2026-07-05T01:41:28Z</time>
   </trkpt>
   <trkpt lat="12.9152260" lon="77.5312740">
    <ele>853.8</ele>
    <time>2026-07-05T01:41:29Z</time>
   </trkpt>
   <trkpt lat="12.9152490" lon="77.5312810">
    <ele>853.9</ele>
    <time>2026-07-05T01:41:30Z</time>
   </trkpt>
   <trkpt lat="12.9152730" lon="77.5312860">
    <ele>854.0</ele>
    <time>2026-07-05T01:41:31Z</time>
   </trkpt>
   <trkpt lat="12.9152940" lon="77.5312930">
    <ele>854.0</ele>
    <time>2026-07-05T01:41:32Z</time>
   </trkpt>
   <trkpt lat="12.9153170" lon="77.5312980">
    <ele>854.1</ele>
    <time>2026-07-05T01:41:33Z</time>
   </trkpt>
   <trkpt lat="12.9153380" lon="77.5313040">
    <ele>854.2</ele>
    <time>2026-07-05T01:41:34Z</time>
   </trkpt>
   <trkpt lat="12.9153600" lon="77.5313110">
    <ele>854.3</ele>
    <time>2026-07-05T01:41:35Z</time>
   </trkpt>
   <trkpt lat="12.9153830" lon="77.5313130">
    <ele>854.4</ele>
    <time>2026-07-05T01:41:36Z</time>
   </trkpt>
   <trkpt lat="12.9154080" lon="77.5313130">
    <ele>854.5</ele>
    <time>2026-07-05T01:41:37Z</time>
   </trkpt>
   <trkpt lat="12.9154300" lon="77.5313120">
    <ele>854.5</ele>
    <time>2026-07-05T01:41:38Z</time>
   </trkpt>
   <trkpt lat="12.9154490" lon="77.5313120">
    <ele>854.6</ele>
    <time>2026-07-05T01:41:39Z</time>
   </trkpt>
   <trkpt lat="12.9154710" lon="77.5313100">
    <ele>854.7</ele>
    <time>2026-07-05T01:41:40Z</time>
   </trkpt>
   <trkpt lat="12.9154890" lon="77.5313120">
    <ele>854.7</ele>
    <time>2026-07-05T01:41:41Z</time>
   </trkpt>
   <trkpt lat="12.9155100" lon="77.5313120">
    <ele>854.7</ele>
    <time>2026-07-05T01:41:42Z</time>
   </trkpt>
   <trkpt lat="12.9155290" lon="77.5313160">
    <ele>854.7</ele>
    <time>2026-07-05T01:41:43Z</time>
   </trkpt>
   <trkpt lat="12.9155510" lon="77.5313190">
    <ele>854.7</ele>
    <time>2026-07-05T01:41:44Z</time>
   </trkpt>
   <trkpt lat="12.9155700" lon="77.5313230">
    <ele>854.8</ele>
    <time>2026-07-05T01:41:45Z</time>
   </trkpt>
   <trkpt lat="12.9155880" lon="77.5313210">
    <ele>854.8</ele>
    <time>2026-07-05T01:41:46Z</time>
   </trkpt>
   <trkpt lat="12.9156080" lon="77.5313240">
    <ele>854.9</ele>
    <time>2026-07-05T01:41:47Z</time>
   </trkpt>
   <trkpt lat="12.9156290" lon="77.5313260">
    <ele>855.0</ele>
    <time>2026-07-05T01:41:48Z</time>
   </trkpt>
   <trkpt lat="12.9156500" lon="77.5313280">
    <ele>855.1</ele>
    <time>2026-07-05T01:41:49Z</time>
   </trkpt>
   <trkpt lat="12.9156720" lon="77.5313310">
    <ele>855.2</ele>
    <time>2026-07-05T01:41:50Z</time>
   </trkpt>
   <trkpt lat="12.9156930" lon="77.5313360">
    <ele>855.3</ele>
    <time>2026-07-05T01:41:51Z</time>
   </trkpt>
   <trkpt lat="12.9157130" lon="77.5313380">
    <ele>855.3</ele>
    <time>2026-07-05T01:41:52Z</time>
   </trkpt>
   <trkpt lat="12.9157310" lon="77.5313420">
    <ele>855.4</ele>
    <time>2026-07-05T01:41:53Z</time>
   </trkpt>
   <trkpt lat="12.9157480" lon="77.5313390">
    <ele>855.5</ele>
    <time>2026-07-05T01:41:54Z</time>
   </trkpt>
   <trkpt lat="12.9157690" lon="77.5313380">
    <ele>855.5</ele>
    <time>2026-07-05T01:41:55Z</time>
   </trkpt>
   <trkpt lat="12.9157890" lon="77.5313340">
    <ele>855.6</ele>
    <time>2026-07-05T01:41:56Z</time>
   </trkpt>
   <trkpt lat="12.9158150" lon="77.5313340">
    <ele>855.7</ele>
    <time>2026-07-05T01:41:57Z</time>
   </trkpt>
   <trkpt lat="12.9158220" lon="77.5313390">
    <ele>855.7</ele>
    <time>2026-07-05T01:41:58Z</time>
   </trkpt>
   <trkpt lat="12.9158340" lon="77.5313460">
    <ele>855.8</ele>
    <time>2026-07-05T01:41:59Z</time>
   </trkpt>
   <trkpt lat="12.9158450" lon="77.5313470">
    <ele>855.8</ele>
    <time>2026-07-05T01:42:00Z</time>
   </trkpt>
   <trkpt lat="12.9158590" lon="77.5313480">
    <ele>855.9</ele>
    <time>2026-07-05T01:42:01Z</time>
   </trkpt>
   <trkpt lat="12.9158770" lon="77.5313510">
    <ele>855.9</ele>
    <time>2026-07-05T01:42:02Z</time>
   </trkpt>
   <trkpt lat="12.9158890" lon="77.5313510">
    <ele>856.0</ele>
    <time>2026-07-05T01:42:03Z</time>
   </trkpt>
   <trkpt lat="12.9159050" lon="77.5313540">
    <ele>856.0</ele>
    <time>2026-07-05T01:42:04Z</time>
   </trkpt>
   <trkpt lat="12.9159210" lon="77.5313590">
    <ele>856.1</ele>
    <time>2026-07-05T01:42:05Z</time>
   </trkpt>
   <trkpt lat="12.9159370" lon="77.5313640">
    <ele>856.2</ele>
    <time>2026-07-05T01:42:06Z</time>
   </trkpt>
   <trkpt lat="12.9159530" lon="77.5313660">
    <ele>856.2</ele>
    <time>2026-07-05T01:42:07Z</time>
   </trkpt>
   <trkpt lat="12.9159680" lon="77.5313670">
    <ele>856.3</ele>
    <time>2026-07-05T01:42:08Z</time>
   </trkpt>
   <trkpt lat="12.9159810" lon="77.5313680">
    <ele>856.3</ele>
    <time>2026-07-05T01:42:09Z</time>
   </trkpt>
   <trkpt lat="12.9159930" lon="77.5313680">
    <ele>856.3</ele>
    <time>2026-07-05T01:42:10Z</time>
   </trkpt>
   <trkpt lat="12.9160040" lon="77.5313630">
    <ele>856.4</ele>
    <time>2026-07-05T01:42:11Z</time>
   </trkpt>
   <trkpt lat="12.9160150" lon="77.5313530">
    <ele>856.4</ele>
    <time>2026-07-05T01:42:12Z</time>
   </trkpt>
   <trkpt lat="12.9160250" lon="77.5313530">
    <ele>856.5</ele>
    <time>2026-07-05T01:42:13Z</time>
   </trkpt>
   <trkpt lat="12.9160370" lon="77.5313560">
    <ele>856.5</ele>
    <time>2026-07-05T01:42:14Z</time>
   </trkpt>
   <trkpt lat="12.9160490" lon="77.5313590">
    <ele>856.6</ele>
    <time>2026-07-05T01:42:15Z</time>
   </trkpt>
   <trkpt lat="12.9160600" lon="77.5313630">
    <ele>856.6</ele>
    <time>2026-07-05T01:42:16Z</time>
   </trkpt>
   <trkpt lat="12.9160710" lon="77.5313630">
    <ele>856.6</ele>
    <time>2026-07-05T01:42:17Z</time>
   </trkpt>
   <trkpt lat="12.9160860" lon="77.5313610">
    <ele>856.7</ele>
    <time>2026-07-05T01:42:18Z</time>
   </trkpt>
   <trkpt lat="12.9160980" lon="77.5313620">
    <ele>856.7</ele>
    <time>2026-07-05T01:42:19Z</time>
   </trkpt>
   <trkpt lat="12.9161130" lon="77.5313650">
    <ele>856.8</ele>
    <time>2026-07-05T01:42:20Z</time>
   </trkpt>
   <trkpt lat="12.9161270" lon="77.5313710">
    <ele>856.8</ele>
    <time>2026-07-05T01:42:21Z</time>
   </trkpt>
   <trkpt lat="12.9161410" lon="77.5313780">
    <ele>856.9</ele>
    <time>2026-07-05T01:42:22Z</time>
   </trkpt>
   <trkpt lat="12.9161540" lon="77.5313870">
    <ele>856.9</ele>
    <time>2026-07-05T01:42:23Z</time>
   </trkpt>
   <trkpt lat="12.9161650" lon="77.5313970">
    <ele>857.0</ele>
    <time>2026-07-05T01:42:24Z</time>
   </trkpt>
   <trkpt lat="12.9161740" lon="77.5314050">
    <ele>857.0</ele>
    <time>2026-07-05T01:42:25Z</time>
   </trkpt>
   <trkpt lat="12.9161880" lon="77.5314070">
    <ele>857.1</ele>
    <time>2026-07-05T01:42:26Z</time>
   </trkpt>
   <trkpt lat="12.9162050" lon="77.5314050">
    <ele>857.1</ele>
    <time>2026-07-05T01:42:27Z</time>
   </trkpt>
   <trkpt lat="12.9162220" lon="77.5314030">
    <ele>857.2</ele>
    <time>2026-07-05T01:42:28Z</time>
   </trkpt>
   <trkpt lat="12.9162360" lon="77.5314040">
    <ele>857.2</ele>
    <time>2026-07-05T01:42:29Z</time>
   </trkpt>
   <trkpt lat="12.9162490" lon="77.5314040">
    <ele>857.3</ele>
    <time>2026-07-05T01:42:30Z</time>
   </trkpt>
   <trkpt lat="12.9162630" lon="77.5314000">
    <ele>857.3</ele>
    <time>2026-07-05T01:42:31Z</time>
   </trkpt>
   <trkpt lat="12.9162930" lon="77.5313920">
    <ele>857.4</ele>
    <time>2026-07-05T01:42:33Z</time>
   </trkpt>
   <trkpt lat="12.9163060" lon="77.5313900">
    <ele>857.5</ele>
    <time>2026-07-05T01:42:35Z</time>
   </trkpt>
   <trkpt lat="12.9163210" lon="77.5313880">
    <ele>857.5</ele>
    <time>2026-07-05T01:42:36Z</time>
   </trkpt>
   <trkpt lat="12.9163410" lon="77.5313870">
    <ele>857.6</ele>
    <time>2026-07-05T01:42:37Z</time>
   </trkpt>
   <trkpt lat="12.9163550" lon="77.5313860">
    <ele>857.6</ele>
    <time>2026-07-05T01:42:38Z</time>
   </trkpt>
   <trkpt lat="12.9163720" lon="77.5313880">
    <ele>857.7</ele>
    <time>2026-07-05T01:42:39Z</time>
   </trkpt>
   <trkpt lat="12.9163810" lon="77.5313900">
    <ele>857.7</ele>
    <time>2026-07-05T01:42:40Z</time>
   </trkpt>
   <trkpt lat="12.9163920" lon="77.5313940">
    <ele>857.7</ele>
    <time>2026-07-05T01:42:41Z</time>
   </trkpt>
   <trkpt lat="12.9164040" lon="77.5313980">
    <ele>857.8</ele>
    <time>2026-07-05T01:42:42Z</time>
   </trkpt>
   <trkpt lat="12.9164190" lon="77.5313990">
    <ele>857.8</ele>
    <time>2026-07-05T01:42:43Z</time>
   </trkpt>
   <trkpt lat="12.9164370" lon="77.5314060">
    <ele>857.9</ele>
    <time>2026-07-05T01:42:44Z</time>
   </trkpt>
   <trkpt lat="12.9164500" lon="77.5314140">
    <ele>857.9</ele>
    <time>2026-07-05T01:42:45Z</time>
   </trkpt>
   <trkpt lat="12.9164630" lon="77.5314200">
    <ele>858.0</ele>
    <time>2026-07-05T01:42:46Z</time>
   </trkpt>
   <trkpt lat="12.9164800" lon="77.5314220">
    <ele>858.0</ele>
    <time>2026-07-05T01:42:47Z</time>
   </trkpt>
   <trkpt lat="12.9164960" lon="77.5314230">
    <ele>858.1</ele>
    <time>2026-07-05T01:42:48Z</time>
   </trkpt>
   <trkpt lat="12.9165130" lon="77.5314240">
    <ele>858.1</ele>
    <time>2026-07-05T01:42:49Z</time>
   </trkpt>
   <trkpt lat="12.9165350" lon="77.5314220">
    <ele>858.2</ele>
    <time>2026-07-05T01:42:50Z</time>
   </trkpt>
   <trkpt lat="12.9165470" lon="77.5314230">
    <ele>858.3</ele>
    <time>2026-07-05T01:42:51Z</time>
   </trkpt>
   <trkpt lat="12.9165590" lon="77.5314240">
    <ele>858.3</ele>
    <time>2026-07-05T01:42:52Z</time>
   </trkpt>
   <trkpt lat="12.9165710" lon="77.5314300">
    <ele>858.3</ele>
    <time>2026-07-05T01:42:53Z</time>
   </trkpt>
   <trkpt lat="12.9165850" lon="77.5314350">
    <ele>858.4</ele>
    <time>2026-07-05T01:42:54Z</time>
   </trkpt>
   <trkpt lat="12.9166010" lon="77.5314380">
    <ele>858.4</ele>
    <time>2026-07-05T01:42:55Z</time>
   </trkpt>
   <trkpt lat="12.9166160" lon="77.5314380">
    <ele>858.5</ele>
    <time>2026-07-05T01:42:56Z</time>
   </trkpt>
   <trkpt lat="12.9166440" lon="77.5314360">
    <ele>858.6</ele>
    <time>2026-07-05T01:42:57Z</time>
   </trkpt>
   <trkpt lat="12.9166680" lon="77.5314340">
    <ele>858.6</ele>
    <time>2026-07-05T01:42:58Z</time>
   </trkpt>
   <trkpt lat="12.9167030" lon="77.5314310">
    <ele>858.7</ele>
    <time>2026-07-05T01:42:59Z</time>
   </trkpt>
   <trkpt lat="12.9167220" lon="77.5314420">
    <ele>858.8</ele>
    <time>2026-07-05T01:43:00Z</time>
   </trkpt>
   <trkpt lat="12.9167520" lon="77.5314520">
    <ele>858.9</ele>
    <time>2026-07-05T01:43:01Z</time>
   </trkpt>
   <trkpt lat="12.9167770" lon="77.5314580">
    <ele>859.0</ele>
    <time>2026-07-05T01:43:02Z</time>
   </trkpt>
   <trkpt lat="12.9168070" lon="77.5314680">
    <ele>859.1</ele>
    <time>2026-07-05T01:43:03Z</time>
   </trkpt>
   <trkpt lat="12.9168330" lon="77.5314740">
    <ele>859.1</ele>
    <time>2026-07-05T01:43:04Z</time>
   </trkpt>
   <trkpt lat="12.9168600" lon="77.5314740">
    <ele>859.2</ele>
    <time>2026-07-05T01:43:05Z</time>
   </trkpt>
   <trkpt lat="12.9168930" lon="77.5314760">
    <ele>859.3</ele>
    <time>2026-07-05T01:43:06Z</time>
   </trkpt>
   <trkpt lat="12.9169240" lon="77.5314850">
    <ele>859.4</ele>
    <time>2026-07-05T01:43:07Z</time>
   </trkpt>
   <trkpt lat="12.9169530" lon="77.5314890">
    <ele>859.5</ele>
    <time>2026-07-05T01:43:08Z</time>
   </trkpt>
   <trkpt lat="12.9169830" lon="77.5314940">
    <ele>859.5</ele>
    <time>2026-07-05T01:43:09Z</time>
   </trkpt>
   <trkpt lat="12.9170080" lon="77.5314990">
    <ele>859.6</ele>
    <time>2026-07-05T01:43:10Z</time>
   </trkpt>
   <trkpt lat="12.9170250" lon="77.5315030">
    <ele>859.6</ele>
    <time>2026-07-05T01:43:11Z</time>
   </trkpt>
   <trkpt lat="12.9170460" lon="77.5315060">
    <ele>859.7</ele>
    <time>2026-07-05T01:43:12Z</time>
   </trkpt>
   <trkpt lat="12.9170700" lon="77.5315080">
    <ele>859.7</ele>
    <time>2026-07-05T01:43:13Z</time>
   </trkpt>
   <trkpt lat="12.9170920" lon="77.5315110">
    <ele>859.8</ele>
    <time>2026-07-05T01:43:14Z</time>
   </trkpt>
   <trkpt lat="12.9171130" lon="77.5315130">
    <ele>859.8</ele>
    <time>2026-07-05T01:43:15Z</time>
   </trkpt>
   <trkpt lat="12.9171360" lon="77.5315140">
    <ele>859.9</ele>
    <time>2026-07-05T01:43:16Z</time>
   </trkpt>
   <trkpt lat="12.9171590" lon="77.5315180">
    <ele>859.9</ele>
    <time>2026-07-05T01:43:17Z</time>
   </trkpt>
   <trkpt lat="12.9171830" lon="77.5315220">
    <ele>860.0</ele>
    <time>2026-07-05T01:43:18Z</time>
   </trkpt>
   <trkpt lat="12.9172090" lon="77.5315240">
    <ele>860.0</ele>
    <time>2026-07-05T01:43:19Z</time>
   </trkpt>
   <trkpt lat="12.9172330" lon="77.5315250">
    <ele>860.0</ele>
    <time>2026-07-05T01:43:20Z</time>
   </trkpt>
   <trkpt lat="12.9172560" lon="77.5315280">
    <ele>860.1</ele>
    <time>2026-07-05T01:43:21Z</time>
   </trkpt>
   <trkpt lat="12.9172800" lon="77.5315320">
    <ele>860.1</ele>
    <time>2026-07-05T01:43:22Z</time>
   </trkpt>
   <trkpt lat="12.9173020" lon="77.5315390">
    <ele>860.2</ele>
    <time>2026-07-05T01:43:23Z</time>
   </trkpt>
   <trkpt lat="12.9173240" lon="77.5315410">
    <ele>860.2</ele>
    <time>2026-07-05T01:43:24Z</time>
   </trkpt>
   <trkpt lat="12.9173470" lon="77.5315390">
    <ele>860.2</ele>
    <time>2026-07-05T01:43:25Z</time>
   </trkpt>
   <trkpt lat="12.9173710" lon="77.5315360">
    <ele>860.3</ele>
    <time>2026-07-05T01:43:26Z</time>
   </trkpt>
   <trkpt lat="12.9173940" lon="77.5315370">
    <ele>860.3</ele>
    <time>2026-07-05T01:43:27Z</time>
   </trkpt>
   <trkpt lat="12.9174160" lon="77.5315390">
    <ele>860.3</ele>
    <time>2026-07-05T01:43:28Z</time>
   </trkpt>
   <trkpt lat="12.9174420" lon="77.5315460">
    <ele>860.4</ele>
    <time>2026-07-05T01:43:29Z</time>
   </trkpt>
   <trkpt lat="12.9174680" lon="77.5315520">
    <ele>860.4</ele>
    <time>2026-07-05T01:43:30Z</time>
   </trkpt>
   <trkpt lat="12.9174960" lon="77.5315570">
    <ele>860.4</ele>
    <time>2026-07-05T01:43:31Z</time>
   </trkpt>
   <trkpt lat="12.9175220" lon="77.5315590">
    <ele>860.5</ele>
    <time>2026-07-05T01:43:32Z</time>
   </trkpt>
   <trkpt lat="12.9175490" lon="77.5315610">
    <ele>860.5</ele>
    <time>2026-07-05T01:43:33Z</time>
   </trkpt>
   <trkpt lat="12.9175780" lon="77.5315610">
    <ele>860.5</ele>
    <time>2026-07-05T01:43:34Z</time>
   </trkpt>
   <trkpt lat="12.9176060" lon="77.5315590">
    <ele>860.5</ele>
    <time>2026-07-05T01:43:35Z</time>
   </trkpt>
   <trkpt lat="12.9176340" lon="77.5315580">
    <ele>860.6</ele>
    <time>2026-07-05T01:43:36Z</time>
   </trkpt>
   <trkpt lat="12.9176660" lon="77.5315560">
    <ele>860.6</ele>
    <time>2026-07-05T01:43:37Z</time>
   </trkpt>
   <trkpt lat="12.9176970" lon="77.5315560">
    <ele>860.6</ele>
    <time>2026-07-05T01:43:38Z</time>
   </trkpt>
   <trkpt lat="12.9177280" lon="77.5315550">
    <ele>860.6</ele>
    <time>2026-07-05T01:43:39Z</time>
   </trkpt>
   <trkpt lat="12.9177540" lon="77.5315600">
    <ele>860.6</ele>
    <time>2026-07-05T01:43:40Z</time>
   </trkpt>
   <trkpt lat="12.9177810" lon="77.5315640">
    <ele>860.6</ele>
    <time>2026-07-05T01:43:41Z</time>
   </trkpt>
   <trkpt lat="12.9178080" lon="77.5315680">
    <ele>860.6</ele>
    <time>2026-07-05T01:43:42Z</time>
   </trkpt>
   <trkpt lat="12.9178350" lon="77.5315710">
    <ele>860.6</ele>
    <time>2026-07-05T01:43:43Z</time>
   </trkpt>
   <trkpt lat="12.9178590" lon="77.5315740">
    <ele>860.6</ele>
    <time>2026-07-05T01:43:44Z</time>
   </trkpt>
   <trkpt lat="12.9178840" lon="77.5315760">
    <ele>860.6</ele>
    <time>2026-07-05T01:43:45Z</time>
   </trkpt>
   <trkpt lat="12.9179110" lon="77.5315750">
    <ele>860.6</ele>
    <time>2026-07-05T01:43:46Z</time>
   </trkpt>
   <trkpt lat="12.9179370" lon="77.5315740">
    <ele>860.6</ele>
    <time>2026-07-05T01:43:47Z</time>
   </trkpt>
   <trkpt lat="12.9179640" lon="77.5315750">
    <ele>860.6</ele>
    <time>2026-07-05T01:43:48Z</time>
   </trkpt>
   <trkpt lat="12.9179890" lon="77.5315770">
    <ele>860.6</ele>
    <time>2026-07-05T01:43:49Z</time>
   </trkpt>
   <trkpt lat="12.9180180" lon="77.5315750">
    <ele>860.6</ele>
    <time>2026-07-05T01:43:50Z</time>
   </trkpt>
   <trkpt lat="12.9180490" lon="77.5315830">
    <ele>860.6</ele>
    <time>2026-07-05T01:43:51Z</time>
   </trkpt>
   <trkpt lat="12.9180780" lon="77.5315940">
    <ele>860.6</ele>
    <time>2026-07-05T01:43:52Z</time>
   </trkpt>
   <trkpt lat="12.9181000" lon="77.5316050">
    <ele>860.6</ele>
    <time>2026-07-05T01:43:53Z</time>
   </trkpt>
   <trkpt lat="12.9181200" lon="77.5316090">
    <ele>860.6</ele>
    <time>2026-07-05T01:43:54Z</time>
   </trkpt>
   <trkpt lat="12.9181450" lon="77.5316110">
    <ele>860.6</ele>
    <time>2026-07-05T01:43:55Z</time>
   </trkpt>
   <trkpt lat="12.9181720" lon="77.5316120">
    <ele>860.6</ele>
    <time>2026-07-05T01:43:56Z</time>
   </trkpt>
   <trkpt lat="12.9181980" lon="77.5316130">
    <ele>860.5</ele>
    <time>2026-07-05T01:43:57Z</time>
   </trkpt>
   <trkpt lat="12.9182240" lon="77.5316170">
    <ele>860.5</ele>
    <time>2026-07-05T01:43:58Z</time>
   </trkpt>
   <trkpt lat="12.9182500" lon="77.5316200">
    <ele>860.5</ele>
    <time>2026-07-05T01:43:59Z</time>
   </trkpt>
   <trkpt lat="12.9182830" lon="77.5316250">
    <ele>860.5</ele>
    <time>2026-07-05T01:44:00Z</time>
   </trkpt>
   <trkpt lat="12.9183120" lon="77.5316310">
    <ele>860.5</ele>
    <time>2026-07-05T01:44:01Z</time>
   </trkpt>
   <trkpt lat="12.9183400" lon="77.5316390">
    <ele>860.5</ele>
    <time>2026-07-05T01:44:02Z</time>
   </trkpt>
   <trkpt lat="12.9183680" lon="77.5316390">
    <ele>860.4</ele>
    <time>2026-07-05T01:44:03Z</time>
   </trkpt>
   <trkpt lat="12.9183960" lon="77.5316370">
    <ele>860.4</ele>
    <time>2026-07-05T01:44:04Z</time>
   </trkpt>
   <trkpt lat="12.9184230" lon="77.5316340">
    <ele>860.4</ele>
    <time>2026-07-05T01:44:05Z</time>
   </trkpt>
   <trkpt lat="12.9184510" lon="77.5316360">
    <ele>860.4</ele>
    <time>2026-07-05T01:44:06Z</time>
   </trkpt>
   <trkpt lat="12.9184790" lon="77.5316420">
    <ele>860.3</ele>
    <time>2026-07-05T01:44:07Z</time>
   </trkpt>
   <trkpt lat="12.9185070" lon="77.5316550">
    <ele>860.3</ele>
    <time>2026-07-05T01:44:08Z</time>
   </trkpt>
   <trkpt lat="12.9185360" lon="77.5316670">
    <ele>860.2</ele>
    <time>2026-07-05T01:44:09Z</time>
   </trkpt>
   <trkpt lat="12.9185650" lon="77.5316780">
    <ele>860.2</ele>
    <time>2026-07-05T01:44:10Z</time>
   </trkpt>
   <trkpt lat="12.9185940" lon="77.5316850">
    <ele>860.1</ele>
    <time>2026-07-05T01:44:11Z</time>
   </trkpt>
   <trkpt lat="12.9186220" lon="77.5316900">
    <ele>860.1</ele>
    <time>2026-07-05T01:44:12Z</time>
   </trkpt>
   <trkpt lat="12.9186510" lon="77.5316970">
    <ele>860.0</ele>
    <time>2026-07-05T01:44:13Z</time>
   </trkpt>
   <trkpt lat="12.9186800" lon="77.5317000">
    <ele>860.0</ele>
    <time>2026-07-05T01:44:14Z</time>
   </trkpt>
   <trkpt lat="12.9187080" lon="77.5317040">
    <ele>859.9</ele>
    <time>2026-07-05T01:44:15Z</time>
   </trkpt>
   <trkpt lat="12.9187320" lon="77.5317070">
    <ele>859.9</ele>
    <time>2026-07-05T01:44:16Z</time>
   </trkpt>
   <trkpt lat="12.9187560" lon="77.5317090">
    <ele>859.8</ele>
    <time>2026-07-05T01:44:17Z</time>
   </trkpt>
   <trkpt lat="12.9187810" lon="77.5317130">
    <ele>859.8</ele>
    <time>2026-07-05T01:44:18Z</time>
   </trkpt>
   <trkpt lat="12.9188090" lon="77.5317160">
    <ele>859.7</ele>
    <time>2026-07-05T01:44:19Z</time>
   </trkpt>
   <trkpt lat="12.9188380" lon="77.5317220">
    <ele>859.6</ele>
    <time>2026-07-05T01:44:20Z</time>
   </trkpt>
   <trkpt lat="12.9188650" lon="77.5317300">
    <ele>859.5</ele>
    <time>2026-07-05T01:44:21Z</time>
   </trkpt>
   <trkpt lat="12.9188910" lon="77.5317360">
    <ele>859.5</ele>
    <time>2026-07-05T01:44:22Z</time>
   </trkpt>
   <trkpt lat="12.9189160" lon="77.5317390">
    <ele>859.4</ele>
    <time>2026-07-05T01:44:23Z</time>
   </trkpt>
   <trkpt lat="12.9189410" lon="77.5317410">
    <ele>859.4</ele>
    <time>2026-07-05T01:44:24Z</time>
   </trkpt>
   <trkpt lat="12.9189660" lon="77.5317440">
    <ele>859.3</ele>
    <time>2026-07-05T01:44:25Z</time>
   </trkpt>
   <trkpt lat="12.9189910" lon="77.5317500">
    <ele>859.2</ele>
    <time>2026-07-05T01:44:26Z</time>
   </trkpt>
   <trkpt lat="12.9190160" lon="77.5317570">
    <ele>859.2</ele>
    <time>2026-07-05T01:44:27Z</time>
   </trkpt>
   <trkpt lat="12.9190410" lon="77.5317610">
    <ele>859.1</ele>
    <time>2026-07-05T01:44:28Z</time>
   </trkpt>
   <trkpt lat="12.9190660" lon="77.5317600">
    <ele>859.0</ele>
    <time>2026-07-05T01:44:29Z</time>
   </trkpt>
   <trkpt lat="12.9190900" lon="77.5317560">
    <ele>859.0</ele>
    <time>2026-07-05T01:44:30Z</time>
   </trkpt>
   <trkpt lat="12.9191140" lon="77.5317640">
    <ele>858.9</ele>
    <time>2026-07-05T01:44:31Z</time>
   </trkpt>
   <trkpt lat="12.9191350" lon="77.5317750">
    <ele>858.8</ele>
    <time>2026-07-05T01:44:32Z</time>
   </trkpt>
   <trkpt lat="12.9191600" lon="77.5317790">
    <ele>858.8</ele>
    <time>2026-07-05T01:44:33Z</time>
   </trkpt>
   <trkpt lat="12.9191850" lon="77.5317800">
    <ele>858.7</ele>
    <time>2026-07-05T01:44:34Z</time>
   </trkpt>
   <trkpt lat="12.9192090" lon="77.5317850">
    <ele>858.7</ele>
    <time>2026-07-05T01:44:35Z</time>
   </trkpt>
   <trkpt lat="12.9192320" lon="77.5317850">
    <ele>858.6</ele>
    <time>2026-07-05T01:44:36Z</time>
   </trkpt>
   <trkpt lat="12.9192550" lon="77.5317880">
    <ele>858.5</ele>
    <time>2026-07-05T01:44:37Z</time>
   </trkpt>
   <trkpt lat="12.9192820" lon="77.5317890">
    <ele>858.4</ele>
    <time>2026-07-05T01:44:38Z</time>
   </trkpt>
   <trkpt lat="12.9193050" lon="77.5317930">
    <ele>858.4</ele>
    <time>2026-07-05T01:44:39Z</time>
   </trkpt>
   <trkpt lat="12.9193290" lon="77.5317990">
    <ele>858.3</ele>
    <time>2026-07-05T01:44:40Z</time>
   </trkpt>
   <trkpt lat="12.9193530" lon="77.5318060">
    <ele>858.2</ele>
    <time>2026-07-05T01:44:41Z</time>
   </trkpt>
   <trkpt lat="12.9193760" lon="77.5318120">
    <ele>858.1</ele>
    <time>2026-07-05T01:44:42Z</time>
   </trkpt>
   <trkpt lat="12.9194020" lon="77.5318070">
    <ele>858.0</ele>
    <time>2026-07-05T01:44:43Z</time>
   </trkpt>
   <trkpt lat="12.9194280" lon="77.5318080">
    <ele>857.9</ele>
    <time>2026-07-05T01:44:44Z</time>
   </trkpt>
   <trkpt lat="12.9194540" lon="77.5318140">
    <ele>857.8</ele>
    <time>2026-07-05T01:44:45Z</time>
   </trkpt>
   <trkpt lat="12.9194790" lon="77.5318180">
    <ele>857.7</ele>
    <time>2026-07-05T01:44:46Z</time>
   </trkpt>
   <trkpt lat="12.9195020" lon="77.5318280">
    <ele>857.6</ele>
    <time>2026-07-05T01:44:47Z</time>
   </trkpt>
   <trkpt lat="12.9195250" lon="77.5318350">
    <ele>857.5</ele>
    <time>2026-07-05T01:44:48Z</time>
   </trkpt>
   <trkpt lat="12.9195510" lon="77.5318430">
    <ele>857.4</ele>
    <time>2026-07-05T01:44:49Z</time>
   </trkpt>
   <trkpt lat="12.9195730" lon="77.5318500">
    <ele>857.4</ele>
    <time>2026-07-05T01:44:50Z</time>
   </trkpt>
   <trkpt lat="12.9195960" lon="77.5318580">
    <ele>857.3</ele>
    <time>2026-07-05T01:44:51Z</time>
   </trkpt>
   <trkpt lat="12.9196220" lon="77.5318600">
    <ele>857.2</ele>
    <time>2026-07-05T01:44:52Z</time>
   </trkpt>
   <trkpt lat="12.9196450" lon="77.5318630">
    <ele>857.1</ele>
    <time>2026-07-05T01:44:53Z</time>
   </trkpt>
   <trkpt lat="12.9196690" lon="77.5318580">
    <ele>857.0</ele>
    <time>2026-07-05T01:44:54Z</time>
   </trkpt>
   <trkpt lat="12.9196920" lon="77.5318560">
    <ele>856.9</ele>
    <time>2026-07-05T01:44:55Z</time>
   </trkpt>
   <trkpt lat="12.9197160" lon="77.5318420">
    <ele>856.8</ele>
    <time>2026-07-05T01:44:56Z</time>
   </trkpt>
   <trkpt lat="12.9197350" lon="77.5318270">
    <ele>856.7</ele>
    <time>2026-07-05T01:44:57Z</time>
   </trkpt>
   <trkpt lat="12.9197590" lon="77.5318190">
    <ele>856.6</ele>
    <time>2026-07-05T01:44:58Z</time>
   </trkpt>
   <trkpt lat="12.9197880" lon="77.5318320">
    <ele>856.5</ele>
    <time>2026-07-05T01:44:59Z</time>
   </trkpt>
   <trkpt lat="12.9198120" lon="77.5318320">
    <ele>856.4</ele>
    <time>2026-07-05T01:45:00Z</time>
   </trkpt>
   <trkpt lat="12.9198470" lon="77.5318460">
    <ele>856.3</ele>
    <time>2026-07-05T01:45:01Z</time>
   </trkpt>
   <trkpt lat="12.9198740" lon="77.5318540">
    <ele>856.2</ele>
    <time>2026-07-05T01:45:02Z</time>
   </trkpt>
   <trkpt lat="12.9199040" lon="77.5318580">
    <ele>856.1</ele>
    <time>2026-07-05T01:45:03Z</time>
   </trkpt>
   <trkpt lat="12.9199300" lon="77.5318620">
    <ele>856.0</ele>
    <time>2026-07-05T01:45:04Z</time>
   </trkpt>
   <trkpt lat="12.9199570" lon="77.5318650">
    <ele>855.9</ele>
    <time>2026-07-05T01:45:05Z</time>
   </trkpt>
   <trkpt lat="12.9199850" lon="77.5318680">
    <ele>855.7</ele>
    <time>2026-07-05T01:45:06Z</time>
   </trkpt>
   <trkpt lat="12.9200150" lon="77.5318710">
    <ele>855.6</ele>
    <time>2026-07-05T01:45:07Z</time>
   </trkpt>
   <trkpt lat="12.9200440" lon="77.5318750">
    <ele>855.5</ele>
    <time>2026-07-05T01:45:08Z</time>
   </trkpt>
   <trkpt lat="12.9200710" lon="77.5318810">
    <ele>855.4</ele>
    <time>2026-07-05T01:45:09Z</time>
   </trkpt>
   <trkpt lat="12.9200990" lon="77.5318880">
    <ele>855.3</ele>
    <time>2026-07-05T01:45:10Z</time>
   </trkpt>
   <trkpt lat="12.9201240" lon="77.5318920">
    <ele>855.2</ele>
    <time>2026-07-05T01:45:11Z</time>
   </trkpt>
   <trkpt lat="12.9201500" lon="77.5318960">
    <ele>855.1</ele>
    <time>2026-07-05T01:45:12Z</time>
   </trkpt>
   <trkpt lat="12.9201740" lon="77.5318980">
    <ele>855.0</ele>
    <time>2026-07-05T01:45:13Z</time>
   </trkpt>
   <trkpt lat="12.9202000" lon="77.5318990">
    <ele>854.9</ele>
    <time>2026-07-05T01:45:14Z</time>
   </trkpt>
   <trkpt lat="12.9202240" lon="77.5319030">
    <ele>854.8</ele>
    <time>2026-07-05T01:45:15Z</time>
   </trkpt>
   <trkpt lat="12.9202500" lon="77.5319090">
    <ele>854.7</ele>
    <time>2026-07-05T01:45:16Z</time>
   </trkpt>
   <trkpt lat="12.9202750" lon="77.5319140">
    <ele>854.6</ele>
    <time>2026-07-05T01:45:17Z</time>
   </trkpt>
   <trkpt lat="12.9203000" lon="77.5319130">
    <ele>854.5</ele>
    <time>2026-07-05T01:45:18Z</time>
   </trkpt>
   <trkpt lat="12.9203210" lon="77.5319120">
    <ele>854.4</ele>
    <time>2026-07-05T01:45:19Z</time>
   </trkpt>
   <trkpt lat="12.9203450" lon="77.5319160">
    <ele>854.3</ele>
    <time>2026-07-05T01:45:20Z</time>
   </trkpt>
   <trkpt lat="12.9203720" lon="77.5319190">
    <ele>854.2</ele>
    <time>2026-07-05T01:45:21Z</time>
   </trkpt>
   <trkpt lat="12.9203980" lon="77.5319160">
    <ele>854.1</ele>
    <time>2026-07-05T01:45:22Z</time>
   </trkpt>
   <trkpt lat="12.9204230" lon="77.5319170">
    <ele>854.1</ele>
    <time>2026-07-05T01:45:23Z</time>
   </trkpt>
   <trkpt lat="12.9204470" lon="77.5319200">
    <ele>854.0</ele>
    <time>2026-07-05T01:45:24Z</time>
   </trkpt>
   <trkpt lat="12.9204710" lon="77.5319230">
    <ele>853.9</ele>
    <time>2026-07-05T01:45:25Z</time>
   </trkpt>
   <trkpt lat="12.9204970" lon="77.5319230">
    <ele>853.8</ele>
    <time>2026-07-05T01:45:26Z</time>
   </trkpt>
   <trkpt lat="12.9205240" lon="77.5319220">
    <ele>853.7</ele>
    <time>2026-07-05T01:45:27Z</time>
   </trkpt>
   <trkpt lat="12.9205480" lon="77.5319250">
    <ele>853.6</ele>
    <time>2026-07-05T01:45:28Z</time>
   </trkpt>
   <trkpt lat="12.9205760" lon="77.5319260">
    <ele>853.5</ele>
    <time>2026-07-05T01:45:29Z</time>
   </trkpt>
   <trkpt lat="12.9206020" lon="77.5319320">
    <ele>853.4</ele>
    <time>2026-07-05T01:45:30Z</time>
   </trkpt>
   <trkpt lat="12.9206280" lon="77.5319330">
    <ele>853.3</ele>
    <time>2026-07-05T01:45:31Z</time>
   </trkpt>
   <trkpt lat="12.9206510" lon="77.5319390">
    <ele>853.2</ele>
    <time>2026-07-05T01:45:32Z</time>
   </trkpt>
   <trkpt lat="12.9206760" lon="77.5319370">
    <ele>853.1</ele>
    <time>2026-07-05T01:45:33Z</time>
   </trkpt>
   <trkpt lat="12.9207040" lon="77.5319420">
    <ele>853.0</ele>
    <time>2026-07-05T01:45:34Z</time>
   </trkpt>
   <trkpt lat="12.9207290" lon="77.5319500">
    <ele>852.8</ele>
    <time>2026-07-05T01:45:35Z</time>
   </trkpt>
   <trkpt lat="12.9207550" lon="77.5319560">
    <ele>852.7</ele>
    <time>2026-07-05T01:45:36Z</time>
   </trkpt>
   <trkpt lat="12.9207790" lon="77.5319650">
    <ele>852.6</ele>
    <time>2026-07-05T01:45:37Z</time>
   </trkpt>
   <trkpt lat="12.9208010" lon="77.5319720">
    <ele>852.5</ele>
    <time>2026-07-05T01:45:38Z</time>
   </trkpt>
   <trkpt lat="12.9208240" lon="77.5319760">
    <ele>852.4</ele>
    <time>2026-07-05T01:45:39Z</time>
   </trkpt>
   <trkpt lat="12.9208470" lon="77.5319790">
    <ele>852.4</ele>
    <time>2026-07-05T01:45:40Z</time>
   </trkpt>
   <trkpt lat="12.9208690" lon="77.5319810">
    <ele>852.3</ele>
    <time>2026-07-05T01:45:41Z</time>
   </trkpt>
   <trkpt lat="12.9208930" lon="77.5319850">
    <ele>852.2</ele>
    <time>2026-07-05T01:45:42Z</time>
   </trkpt>
   <trkpt lat="12.9209150" lon="77.5319920">
    <ele>852.1</ele>
    <time>2026-07-05T01:45:43Z</time>
   </trkpt>
   <trkpt lat="12.9209400" lon="77.5319980">
    <ele>852.0</ele>
    <time>2026-07-05T01:45:44Z</time>
   </trkpt>
   <trkpt lat="12.9209650" lon="77.5319990">
    <ele>851.9</ele>
    <time>2026-07-05T01:45:45Z</time>
   </trkpt>
   <trkpt lat="12.9209870" lon="77.5320020">
    <ele>851.8</ele>
    <time>2026-07-05T01:45:46Z</time>
   </trkpt>
   <trkpt lat="12.9210020" lon="77.5320070">
    <ele>851.7</ele>
    <time>2026-07-05T01:45:47Z</time>
   </trkpt>
   <trkpt lat="12.9210160" lon="77.5320150">
    <ele>851.7</ele>
    <time>2026-07-05T01:45:48Z</time>
   </trkpt>
   <trkpt lat="12.9210280" lon="77.5320210">
    <ele>851.6</ele>
    <time>2026-07-05T01:45:49Z</time>
   </trkpt>
   <trkpt lat="12.9210390" lon="77.5320280">
    <ele>851.6</ele>
    <time>2026-07-05T01:45:50Z</time>
   </trkpt>
   <trkpt lat="12.9210500" lon="77.5320350">
    <ele>851.5</ele>
    <time>2026-07-05T01:45:51Z</time>
   </trkpt>
   <trkpt lat="12.9210660" lon="77.5320330">
    <ele>851.4</ele>
    <time>2026-07-05T01:45:52Z</time>
   </trkpt>
   <trkpt lat="12.9210820" lon="77.5320280">
    <ele>851.4</ele>
    <time>2026-07-05T01:45:53Z</time>
   </trkpt>
   <trkpt lat="12.9210960" lon="77.5320230">
    <ele>851.3</ele>
    <time>2026-07-05T01:45:54Z</time>
   </trkpt>
   <trkpt lat="12.9211090" lon="77.5320190">
    <ele>851.3</ele>
    <time>2026-07-05T01:45:55Z</time>
   </trkpt>
   <trkpt lat="12.9211200" lon="77.5320170">
    <ele>851.2</ele>
    <time>2026-07-05T01:45:56Z</time>
   </trkpt>
   <trkpt lat="12.9211320" lon="77.5320140">
    <ele>851.2</ele>
    <time>2026-07-05T01:45:57Z</time>
   </trkpt>
   <trkpt lat="12.9211470" lon="77.5320110">
    <ele>851.1</ele>
    <time>2026-07-05T01:45:58Z</time>
   </trkpt>
   <trkpt lat="12.9211590" lon="77.5320120">
    <ele>851.1</ele>
    <time>2026-07-05T01:45:59Z</time>
   </trkpt>
   <trkpt lat="12.9211730" lon="77.5320150">
    <ele>851.0</ele>
    <time>2026-07-05T01:46:00Z</time>
   </trkpt>
   <trkpt lat="12.9211870" lon="77.5320160">
    <ele>851.0</ele>
    <time>2026-07-05T01:46:01Z</time>
   </trkpt>
   <trkpt lat="12.9211980" lon="77.5320170">
    <ele>850.9</ele>
    <time>2026-07-05T01:46:02Z</time>
   </trkpt>
   <trkpt lat="12.9212110" lon="77.5320140">
    <ele>850.9</ele>
    <time>2026-07-05T01:46:03Z</time>
   </trkpt>
   <trkpt lat="12.9212240" lon="77.5320070">
    <ele>850.8</ele>
    <time>2026-07-05T01:46:04Z</time>
   </trkpt>
   <trkpt lat="12.9212400" lon="77.5320030">
    <ele>850.8</ele>
    <time>2026-07-05T01:46:05Z</time>
   </trkpt>
   <trkpt lat="12.9212540" lon="77.5320080">
    <ele>850.7</ele>
    <time>2026-07-05T01:46:06Z</time>
   </trkpt>
   <trkpt lat="12.9212690" lon="77.5320100">
    <ele>850.7</ele>
    <time>2026-07-05T01:46:07Z</time>
   </trkpt>
   <trkpt lat="12.9212850" lon="77.5320100">
    <ele>850.6</ele>
    <time>2026-07-05T01:46:08Z</time>
   </trkpt>
   <trkpt lat="12.9212990" lon="77.5320090">
    <ele>850.5</ele>
    <time>2026-07-05T01:46:09Z</time>
   </trkpt>
   <trkpt lat="12.9213150" lon="77.5320100">
    <ele>850.5</ele>
    <time>2026-07-05T01:46:10Z</time>
   </trkpt>
   <trkpt lat="12.9213300" lon="77.5320120">
    <ele>850.4</ele>
    <time>2026-07-05T01:46:11Z</time>
   </trkpt>
   <trkpt lat="12.9213470" lon="77.5320120">
    <ele>850.4</ele>
    <time>2026-07-05T01:46:12Z</time>
   </trkpt>
   <trkpt lat="12.9213620" lon="77.5320170">
    <ele>850.3</ele>
    <time>2026-07-05T01:46:13Z</time>
   </trkpt>
   <trkpt lat="12.9213760" lon="77.5320150">
    <ele>850.2</ele>
    <time>2026-07-05T01:46:14Z</time>
   </trkpt>
   <trkpt lat="12.9213910" lon="77.5320140">
    <ele>850.2</ele>
    <time>2026-07-05T01:46:15Z</time>
   </trkpt>
   <trkpt lat="12.9214050" lon="77.5320150">
    <ele>850.1</ele>
    <time>2026-07-05T01:46:16Z</time>
   </trkpt>
   <trkpt lat="12.9214180" lon="77.5320120">
    <ele>850.1</ele>
    <time>2026-07-05T01:46:17Z</time>
   </trkpt>
   <trkpt lat="12.9214320" lon="77.5320100">
    <ele>850.0</ele>
    <time>2026-07-05T01:46:18Z</time>
   </trkpt>
   <trkpt lat="12.9214460" lon="77.5320100">
    <ele>850.0</ele>
    <time>2026-07-05T01:46:19Z</time>
   </trkpt>
   <trkpt lat="12.9214620" lon="77.5320080">
    <ele>849.9</ele>
    <time>2026-07-05T01:46:20Z</time>
   </trkpt>
   <trkpt lat="12.9214830" lon="77.5320050">
    <ele>849.8</ele>
    <time>2026-07-05T01:46:21Z</time>
   </trkpt>
   <trkpt lat="12.9215090" lon="77.5320110">
    <ele>849.7</ele>
    <time>2026-07-05T01:46:22Z</time>
   </trkpt>
   <trkpt lat="12.9215350" lon="77.5320130">
    <ele>849.6</ele>
    <time>2026-07-05T01:46:23Z</time>
   </trkpt>
   <trkpt lat="12.9215620" lon="77.5320110">
    <ele>849.5</ele>
    <time>2026-07-05T01:46:24Z</time>
   </trkpt>
   <trkpt lat="12.9215900" lon="77.5320090">
    <ele>849.4</ele>
    <time>2026-07-05T01:46:25Z</time>
   </trkpt>
   <trkpt lat="12.9216160" lon="77.5320100">
    <ele>849.3</ele>
    <time>2026-07-05T01:46:26Z</time>
   </trkpt>
   <trkpt lat="12.9216410" lon="77.5320190">
    <ele>849.2</ele>
    <time>2026-07-05T01:46:27Z</time>
   </trkpt>
   <trkpt lat="12.9216650" lon="77.5320260">
    <ele>849.1</ele>
    <time>2026-07-05T01:46:28Z</time>
   </trkpt>
   <trkpt lat="12.9216900" lon="77.5320290">
    <ele>849.0</ele>
    <time>2026-07-05T01:46:29Z</time>
   </trkpt>
   <trkpt lat="12.9217150" lon="77.5320320">
    <ele>848.9</ele>
    <time>2026-07-05T01:46:30Z</time>
   </trkpt>
   <trkpt lat="12.9217400" lon="77.5320370">
    <ele>848.8</ele>
    <time>2026-07-05T01:46:31Z</time>
   </trkpt>
   <trkpt lat="12.9217680" lon="77.5320420">
    <ele>848.7</ele>
    <time>2026-07-05T01:46:32Z</time>
   </trkpt>
   <trkpt lat="12.9217950" lon="77.5320440">
    <ele>848.6</ele>
    <time>2026-07-05T01:46:33Z</time>
   </trkpt>
   <trkpt lat="12.9218180" lon="77.5320450">
    <ele>848.5</ele>
    <time>2026-07-05T01:46:34Z</time>
   </trkpt>
   <trkpt lat="12.9218430" lon="77.5320520">
    <ele>848.4</ele>
    <time>2026-07-05T01:46:35Z</time>
   </trkpt>
   <trkpt lat="12.9218710" lon="77.5320640">
    <ele>848.3</ele>
    <time>2026-07-05T01:46:36Z</time>
   </trkpt>
   <trkpt lat="12.9218960" lon="77.5320690">
    <ele>848.2</ele>
    <time>2026-07-05T01:46:37Z</time>
   </trkpt>
   <trkpt lat="12.9219250" lon="77.5320700">
    <ele>848.1</ele>
    <time>2026-07-05T01:46:38Z</time>
   </trkpt>
   <trkpt lat="12.9219560" lon="77.5320730">
    <ele>848.0</ele>
    <time>2026-07-05T01:46:39Z</time>
   </trkpt>
   <trkpt lat="12.9219850" lon="77.5320770">
    <ele>847.8</ele>
    <time>2026-07-05T01:46:40Z</time>
   </trkpt>
   <trkpt lat="12.9220120" lon="77.5320780">
    <ele>847.7</ele>
    <time>2026-07-05T01:46:41Z</time>
   </trkpt>
   <trkpt lat="12.9220460" lon="77.5320790">
    <ele>847.6</ele>
    <time>2026-07-05T01:46:42Z</time>
   </trkpt>
   <trkpt lat="12.9220780" lon="77.5320810">
    <ele>847.5</ele>
    <time>2026-07-05T01:46:43Z</time>
   </trkpt>
   <trkpt lat="12.9221100" lon="77.5320850">
    <ele>847.4</ele>
    <time>2026-07-05T01:46:44Z</time>
   </trkpt>
   <trkpt lat="12.9221440" lon="77.5320870">
    <ele>847.2</ele>
    <time>2026-07-05T01:46:45Z</time>
   </trkpt>
   <trkpt lat="12.9221750" lon="77.5320900">
    <ele>847.1</ele>
    <time>2026-07-05T01:46:46Z</time>
   </trkpt>
   <trkpt lat="12.9222050" lon="77.5320970">
    <ele>847.0</ele>
    <time>2026-07-05T01:46:47Z</time>
   </trkpt>
   <trkpt lat="12.9222360" lon="77.5321050">
    <ele>846.9</ele>
    <time>2026-07-05T01:46:48Z</time>
   </trkpt>
   <trkpt lat="12.9222650" lon="77.5321080">
    <ele>846.8</ele>
    <time>2026-07-05T01:46:49Z</time>
   </trkpt>
   <trkpt lat="12.9222950" lon="77.5321040">
    <ele>846.7</ele>
    <time>2026-07-05T01:46:50Z</time>
   </trkpt>
   <trkpt lat="12.9223260" lon="77.5320990">
    <ele>846.6</ele>
    <time>2026-07-05T01:46:51Z</time>
   </trkpt>
   <trkpt lat="12.9223550" lon="77.5321030">
    <ele>846.5</ele>
    <time>2026-07-05T01:46:52Z</time>
   </trkpt>
   <trkpt lat="12.9223830" lon="77.5321050">
    <ele>846.4</ele>
    <time>2026-07-05T01:46:53Z</time>
   </trkpt>
   <trkpt lat="12.9224110" lon="77.5321070">
    <ele>846.3</ele>
    <time>2026-07-05T01:46:54Z</time>
   </trkpt>
   <trkpt lat="12.9224340" lon="77.5321050">
    <ele>846.2</ele>
    <time>2026-07-05T01:46:55Z</time>
   </trkpt>
   <trkpt lat="12.9224580" lon="77.5321060">
    <ele>846.1</ele>
    <time>2026-07-05T01:46:56Z</time>
   </trkpt>
   <trkpt lat="12.9224830" lon="77.5321020">
    <ele>846.0</ele>
    <time>2026-07-05T01:46:57Z</time>
   </trkpt>
   <trkpt lat="12.9225080" lon="77.5320960">
    <ele>845.9</ele>
    <time>2026-07-05T01:46:58Z</time>
   </trkpt>
   <trkpt lat="12.9225350" lon="77.5320960">
    <ele>845.8</ele>
    <time>2026-07-05T01:46:59Z</time>
   </trkpt>
   <trkpt lat="12.9225620" lon="77.5320970">
    <ele>845.7</ele>
    <time>2026-07-05T01:47:00Z</time>
   </trkpt>
   <trkpt lat="12.9225900" lon="77.5320990">
    <ele>845.6</ele>
    <time>2026-07-05T01:47:01Z</time>
   </trkpt>
   <trkpt lat="12.9226180" lon="77.5321030">
    <ele>845.5</ele>
    <time>2026-07-05T01:47:02Z</time>
   </trkpt>
   <trkpt lat="12.9226450" lon="77.5321070">
    <ele>845.4</ele>
    <time>2026-07-05T01:47:03Z</time>
   </trkpt>
   <trkpt lat="12.9226730" lon="77.5321090">
    <ele>845.2</ele>
    <time>2026-07-05T01:47:04Z</time>
   </trkpt>
   <trkpt lat="12.9226990" lon="77.5321090">
    <ele>845.1</ele>
    <time>2026-07-05T01:47:05Z</time>
   </trkpt>
   <trkpt lat="12.9227260" lon="77.5321080">
    <ele>845.0</ele>
    <time>2026-07-05T01:47:06Z</time>
   </trkpt>
   <trkpt lat="12.9227530" lon="77.5321060">
    <ele>844.9</ele>
    <time>2026-07-05T01:47:07Z</time>
   </trkpt>
   <trkpt lat="12.9227820" lon="77.5321030">
    <ele>844.8</ele>
    <time>2026-07-05T01:47:08Z</time>
   </trkpt>
   <trkpt lat="12.9228140" lon="77.5321030">
    <ele>844.7</ele>
    <time>2026-07-05T01:47:09Z</time>
   </trkpt>
   <trkpt lat="12.9228440" lon="77.5321000">
    <ele>844.6</ele>
    <time>2026-07-05T01:47:10Z</time>
   </trkpt>
   <trkpt lat="12.9228720" lon="77.5320980">
    <ele>844.4</ele>
    <time>2026-07-05T01:47:11Z</time>
   </trkpt>
   <trkpt lat="12.9228990" lon="77.5320970">
    <ele>844.3</ele>
    <time>2026-07-05T01:47:12Z</time>
   </trkpt>
   <trkpt lat="12.9229260" lon="77.5320980">
    <ele>844.2</ele>
    <time>2026-07-05T01:47:13Z</time>
   </trkpt>
   <trkpt lat="12.9229540" lon="77.5320950">
    <ele>844.1</ele>
    <time>2026-07-05T01:47:14Z</time>
   </trkpt>
   <trkpt lat="12.9229810" lon="77.5320930">
    <ele>844.0</ele>
    <time>2026-07-05T01:47:15Z</time>
   </trkpt>
   <trkpt lat="12.9230100" lon="77.5320920">
    <ele>843.9</ele>
    <time>2026-07-05T01:47:16Z</time>
   </trkpt>
   <trkpt lat="12.9230400" lon="77.5320870">
    <ele>843.8</ele>
    <time>2026-07-05T01:47:17Z</time>
   </trkpt>
   <trkpt lat="12.9230630" lon="77.5320920">
    <ele>843.7</ele>
    <time>2026-07-05T01:47:18Z</time>
   </trkpt>
   <trkpt lat="12.9230860" lon="77.5320950">
    <ele>843.6</ele>
    <time>2026-07-05T01:47:19Z</time>
   </trkpt>
   <trkpt lat="12.9231080" lon="77.5320960">
    <ele>843.5</ele>
    <time>2026-07-05T01:47:20Z</time>
   </trkpt>
   <trkpt lat="12.9231300" lon="77.5320970">
    <ele>843.4</ele>
    <time>2026-07-05T01:47:21Z</time>
   </trkpt>
   <trkpt lat="12.9231540" lon="77.5320950">
    <ele>843.3</ele>
    <time>2026-07-05T01:47:22Z</time>
   </trkpt>
   <trkpt lat="12.9231770" lon="77.5320920">
    <ele>843.2</ele>
    <time>2026-07-05T01:47:23Z</time>
   </trkpt>
   <trkpt lat="12.9232020" lon="77.5320880">
    <ele>843.1</ele>
    <time>2026-07-05T01:47:24Z</time>
   </trkpt>
   <trkpt lat="12.9232260" lon="77.5320860">
    <ele>843.0</ele>
    <time>2026-07-05T01:47:25Z</time>
   </trkpt>
   <trkpt lat="12.9232500" lon="77.5320870">
    <ele>842.9</ele>
    <time>2026-07-05T01:47:26Z</time>
   </trkpt>
   <trkpt lat="12.9232760" lon="77.5320880">
    <ele>842.8</ele>
    <time>2026-07-05T01:47:27Z</time>
   </trkpt>
   <trkpt lat="12.9233010" lon="77.5320880">
    <ele>842.7</ele>
    <time>2026-07-05T01:47:28Z</time>
   </trkpt>
   <trkpt lat="12.9233300" lon="77.5320870">
    <ele>842.6</ele>
    <time>2026-07-05T01:47:29Z</time>
   </trkpt>
   <trkpt lat="12.9233550" lon="77.5320890">
    <ele>842.5</ele>
    <time>2026-07-05T01:47:30Z</time>
   </trkpt>
   <trkpt lat="12.9233850" lon="77.5320830">
    <ele>842.4</ele>
    <time>2026-07-05T01:47:31Z</time>
   </trkpt>
   <trkpt lat="12.9234130" lon="77.5320750">
    <ele>842.3</ele>
    <time>2026-07-05T01:47:32Z</time>
   </trkpt>
   <trkpt lat="12.9234440" lon="77.5320690">
    <ele>842.2</ele>
    <time>2026-07-05T01:47:33Z</time>
   </trkpt>
   <trkpt lat="12.9234710" lon="77.5320650">
    <ele>842.1</ele>
    <time>2026-07-05T01:47:34Z</time>
   </trkpt>
   <trkpt lat="12.9234980" lon="77.5320620">
    <ele>842.0</ele>
    <time>2026-07-05T01:47:35Z</time>
   </trkpt>
   <trkpt lat="12.9235270" lon="77.5320600">
    <ele>841.9</ele>
    <time>2026-07-05T01:47:36Z</time>
   </trkpt>
   <trkpt lat="12.9235560" lon="77.5320580">
    <ele>841.7</ele>
    <time>2026-07-05T01:47:37Z</time>
   </trkpt>
   <trkpt lat="12.9235850" lon="77.5320540">
    <ele>841.6</ele>
    <time>2026-07-05T01:47:38Z</time>
   </trkpt>
   <trkpt lat="12.9236150" lon="77.5320520">
    <ele>841.5</ele>
    <time>2026-07-05T01:47:39Z</time>
   </trkpt>
   <trkpt lat="12.9236430" lon="77.5320490">
    <ele>841.4</ele>
    <time>2026-07-05T01:47:40Z</time>
   </trkpt>
   <trkpt lat="12.9236690" lon="77.5320480">
    <ele>841.3</ele>
    <time>2026-07-05T01:47:41Z</time>
   </trkpt>
   <trkpt lat="12.9236950" lon="77.5320490">
    <ele>841.2</ele>
    <time>2026-07-05T01:47:42Z</time>
   </trkpt>
   <trkpt lat="12.9237200" lon="77.5320460">
    <ele>841.1</ele>
    <time>2026-07-05T01:47:43Z</time>
   </trkpt>
   <trkpt lat="12.9237440" lon="77.5320430">
    <ele>841.0</ele>
    <time>2026-07-05T01:47:44Z</time>
   </trkpt>
   <trkpt lat="12.9237680" lon="77.5320410">
    <ele>840.9</ele>
    <time>2026-07-05T01:47:45Z</time>
   </trkpt>
   <trkpt lat="12.9237920" lon="77.5320420">
    <ele>840.8</ele>
    <time>2026-07-05T01:47:46Z</time>
   </trkpt>
   <trkpt lat="12.9238170" lon="77.5320450">
    <ele>840.7</ele>
    <time>2026-07-05T01:47:47Z</time>
   </trkpt>
   <trkpt lat="12.9238460" lon="77.5320450">
    <ele>840.5</ele>
    <time>2026-07-05T01:47:48Z</time>
   </trkpt>
   <trkpt lat="12.9238730" lon="77.5320460">
    <ele>840.4</ele>
    <time>2026-07-05T01:47:49Z</time>
   </trkpt>
   <trkpt lat="12.9238980" lon="77.5320480">
    <ele>840.3</ele>
    <time>2026-07-05T01:47:50Z</time>
   </trkpt>
   <trkpt lat="12.9239250" lon="77.5320490">
    <ele>840.2</ele>
    <time>2026-07-05T01:47:51Z</time>
   </trkpt>
   <trkpt lat="12.9239490" lon="77.5320510">
    <ele>840.1</ele>
    <time>2026-07-05T01:47:52Z</time>
   </trkpt>
   <trkpt lat="12.9239810" lon="77.5320470">
    <ele>840.0</ele>
    <time>2026-07-05T01:47:53Z</time>
   </trkpt>
   <trkpt lat="12.9240100" lon="77.5320420">
    <ele>839.9</ele>
    <time>2026-07-05T01:47:54Z</time>
   </trkpt>
   <trkpt lat="12.9240380" lon="77.5320360">
    <ele>839.8</ele>
    <time>2026-07-05T01:47:55Z</time>
   </trkpt>
   <trkpt lat="12.9240640" lon="77.5320300">
    <ele>839.7</ele>
    <time>2026-07-05T01:47:56Z</time>
   </trkpt>
   <trkpt lat="12.9240890" lon="77.5320260">
    <ele>839.6</ele>
    <time>2026-07-05T01:47:57Z</time>
   </trkpt>
   <trkpt lat="12.9241170" lon="77.5320210">
    <ele>839.5</ele>
    <time>2026-07-05T01:47:58Z</time>
   </trkpt>
   <trkpt lat="12.9241430" lon="77.5320180">
    <ele>839.4</ele>
    <time>2026-07-05T01:47:59Z</time>
   </trkpt>
   <trkpt lat="12.9241750" lon="77.5320200">
    <ele>839.3</ele>
    <time>2026-07-05T01:48:00Z</time>
   </trkpt>
   <trkpt lat="12.9242030" lon="77.5320160">
    <ele>839.2</ele>
    <time>2026-07-05T01:48:01Z</time>
   </trkpt>
   <trkpt lat="12.9242290" lon="77.5320100">
    <ele>839.0</ele>
    <time>2026-07-05T01:48:02Z</time>
   </trkpt>
   <trkpt lat="12.9242570" lon="77.5320100">
    <ele>838.9</ele>
    <time>2026-07-05T01:48:03Z</time>
   </trkpt>
   <trkpt lat="12.9242850" lon="77.5320080">
    <ele>838.8</ele>
    <time>2026-07-05T01:48:04Z</time>
   </trkpt>
   <trkpt lat="12.9243060" lon="77.5320070">
    <ele>838.7</ele>
    <time>2026-07-05T01:48:05Z</time>
   </trkpt>
   <trkpt lat="12.9243290" lon="77.5320060">
    <ele>838.6</ele>
    <time>2026-07-05T01:48:06Z</time>
   </trkpt>
   <trkpt lat="12.9243530" lon="77.5320040">
    <ele>838.6</ele>
    <time>2026-07-05T01:48:07Z</time>
   </trkpt>
   <trkpt lat="12.9243770" lon="77.5320030">
    <ele>838.5</ele>
    <time>2026-07-05T01:48:08Z</time>
   </trkpt>
   <trkpt lat="12.9244060" lon="77.5320030">
    <ele>838.4</ele>
    <time>2026-07-05T01:48:09Z</time>
   </trkpt>
   <trkpt lat="12.9244310" lon="77.5320030">
    <ele>838.3</ele>
    <time>2026-07-05T01:48:10Z</time>
   </trkpt>
   <trkpt lat="12.9244530" lon="77.5319990">
    <ele>838.2</ele>
    <time>2026-07-05T01:48:11Z</time>
   </trkpt>
   <trkpt lat="12.9244780" lon="77.5319950">
    <ele>838.1</ele>
    <time>2026-07-05T01:48:12Z</time>
   </trkpt>
   <trkpt lat="12.9245040" lon="77.5319910">
    <ele>838.0</ele>
    <time>2026-07-05T01:48:13Z</time>
   </trkpt>
   <trkpt lat="12.9245290" lon="77.5319900">
    <ele>837.9</ele>
    <time>2026-07-05T01:48:14Z</time>
   </trkpt>
   <trkpt lat="12.9245540" lon="77.5319910">
    <ele>837.8</ele>
    <time>2026-07-05T01:48:15Z</time>
   </trkpt>
   <trkpt lat="12.9245810" lon="77.5319860">
    <ele>837.7</ele>
    <time>2026-07-05T01:48:16Z</time>
   </trkpt>
   <trkpt lat="12.9246050" lon="77.5319770">
    <ele>837.6</ele>
    <time>2026-07-05T01:48:17Z</time>
   </trkpt>
   <trkpt lat="12.9246270" lon="77.5319800">
    <ele>837.6</ele>
    <time>2026-07-05T01:48:18Z</time>
   </trkpt>
   <trkpt lat="12.9246500" lon="77.5319770">
    <ele>837.5</ele>
    <time>2026-07-05T01:48:19Z</time>
   </trkpt>
   <trkpt lat="12.9246770" lon="77.5319770">
    <ele>837.4</ele>
    <time>2026-07-05T01:48:20Z</time>
   </trkpt>
   <trkpt lat="12.9247020" lon="77.5319750">
    <ele>837.3</ele>
    <time>2026-07-05T01:48:21Z</time>
   </trkpt>
   <trkpt lat="12.9247320" lon="77.5319740">
    <ele>837.2</ele>
    <time>2026-07-05T01:48:22Z</time>
   </trkpt>
   <trkpt lat="12.9247600" lon="77.5319740">
    <ele>837.0</ele>
    <time>2026-07-05T01:48:23Z</time>
   </trkpt>
   <trkpt lat="12.9247870" lon="77.5319710">
    <ele>836.9</ele>
    <time>2026-07-05T01:48:24Z</time>
   </trkpt>
   <trkpt lat="12.9248130" lon="77.5319680">
    <ele>836.8</ele>
    <time>2026-07-05T01:48:25Z</time>
   </trkpt>
   <trkpt lat="12.9248390" lon="77.5319660">
    <ele>836.7</ele>
    <time>2026-07-05T01:48:26Z</time>
   </trkpt>
   <trkpt lat="12.9248600" lon="77.5319620">
    <ele>836.7</ele>
    <time>2026-07-05T01:48:27Z</time>
   </trkpt>
   <trkpt lat="12.9248830" lon="77.5319560">
    <ele>836.6</ele>
    <time>2026-07-05T01:48:28Z</time>
   </trkpt>
   <trkpt lat="12.9249110" lon="77.5319560">
    <ele>836.5</ele>
    <time>2026-07-05T01:48:29Z</time>
   </trkpt>
   <trkpt lat="12.9249380" lon="77.5319540">
    <ele>836.4</ele>
    <time>2026-07-05T01:48:30Z</time>
   </trkpt>
   <trkpt lat="12.9249620" lon="77.5319580">
    <ele>836.3</ele>
    <time>2026-07-05T01:48:31Z</time>
   </trkpt>
   <trkpt lat="12.9249870" lon="77.5319580">
    <ele>836.2</ele>
    <time>2026-07-05T01:48:32Z</time>
   </trkpt>
   <trkpt lat="12.9250160" lon="77.5319620">
    <ele>836.1</ele>
    <time>2026-07-05T01:48:33Z</time>
   </trkpt>
   <trkpt lat="12.9250470" lon="77.5319600">
    <ele>836.0</ele>
    <time>2026-07-05T01:48:34Z</time>
   </trkpt>
   <trkpt lat="12.9250740" lon="77.5319590">
    <ele>835.9</ele>
    <time>2026-07-05T01:48:35Z</time>
   </trkpt>
   <trkpt lat="12.9250940" lon="77.5319590">
    <ele>835.9</ele>
    <time>2026-07-05T01:48:36Z</time>
   </trkpt>
   <trkpt lat="12.9251200" lon="77.5319600">
    <ele>835.8</ele>
    <time>2026-07-05T01:48:37Z</time>
   </trkpt>
   <trkpt lat="12.9251440" lon="77.5319610">
    <ele>835.7</ele>
    <time>2026-07-05T01:48:38Z</time>
   </trkpt>
   <trkpt lat="12.9251690" lon="77.5319610">
    <ele>835.6</ele>
    <time>2026-07-05T01:48:39Z</time>
   </trkpt>
   <trkpt lat="12.9251940" lon="77.5319590">
    <ele>835.5</ele>
    <time>2026-07-05T01:48:40Z</time>
   </trkpt>
   <trkpt lat="12.9252180" lon="77.5319600">
    <ele>835.5</ele>
    <time>2026-07-05T01:48:41Z</time>
   </trkpt>
   <trkpt lat="12.9252450" lon="77.5319560">
    <ele>835.4</ele>
    <time>2026-07-05T01:48:42Z</time>
   </trkpt>
   <trkpt lat="12.9252680" lon="77.5319540">
    <ele>835.3</ele>
    <time>2026-07-05T01:48:43Z</time>
   </trkpt>
   <trkpt lat="12.9252930" lon="77.5319490">
    <ele>835.3</ele>
    <time>2026-07-05T01:48:44Z</time>
   </trkpt>
   <trkpt lat="12.9253190" lon="77.5319450">
    <ele>835.2</ele>
    <time>2026-07-05T01:48:45Z</time>
   </trkpt>
   <trkpt lat="12.9253430" lon="77.5319400">
    <ele>835.1</ele>
    <time>2026-07-05T01:48:46Z</time>
   </trkpt>
   <trkpt lat="12.9253670" lon="77.5319350">
    <ele>835.0</ele>
    <time>2026-07-05T01:48:47Z</time>
   </trkpt>
   <trkpt lat="12.9253910" lon="77.5319340">
    <ele>835.0</ele>
    <time>2026-07-05T01:48:48Z</time>
   </trkpt>
   <trkpt lat="12.9254180" lon="77.5319320">
    <ele>834.9</ele>
    <time>2026-07-05T01:48:49Z</time>
   </trkpt>
   <trkpt lat="12.9254410" lon="77.5319220">
    <ele>834.8</ele>
    <time>2026-07-05T01:48:50Z</time>
   </trkpt>
   <trkpt lat="12.9254680" lon="77.5319160">
    <ele>834.8</ele>
    <time>2026-07-05T01:48:51Z</time>
   </trkpt>
   <trkpt lat="12.9254920" lon="77.5319110">
    <ele>834.7</ele>
    <time>2026-07-05T01:48:52Z</time>
   </trkpt>
   <trkpt lat="12.9255230" lon="77.5319170">
    <ele>834.6</ele>
    <time>2026-07-05T01:48:53Z</time>
   </trkpt>
   <trkpt lat="12.9255510" lon="77.5319200">
    <ele>834.6</ele>
    <time>2026-07-05T01:48:54Z</time>
   </trkpt>
   <trkpt lat="12.9255770" lon="77.5319210">
    <ele>834.5</ele>
    <time>2026-07-05T01:48:55Z</time>
   </trkpt>
   <trkpt lat="12.9256030" lon="77.5319220">
    <ele>834.4</ele>
    <time>2026-07-05T01:48:56Z</time>
   </trkpt>
   <trkpt lat="12.9256270" lon="77.5319260">
    <ele>834.4</ele>
    <time>2026-07-05T01:48:57Z</time>
   </trkpt>
   <trkpt lat="12.9256520" lon="77.5319300">
    <ele>834.3</ele>
    <time>2026-07-05T01:48:58Z</time>
   </trkpt>
   <trkpt lat="12.9256770" lon="77.5319340">
    <ele>834.3</ele>
    <time>2026-07-05T01:48:59Z</time>
   </trkpt>
   <trkpt lat="12.9257030" lon="77.5319340">
    <ele>834.2</ele>
    <time>2026-07-05T01:49:00Z</time>
   </trkpt>
   <trkpt lat="12.9257300" lon="77.5319310">
    <ele>834.2</ele>
    <time>2026-07-05T01:49:01Z</time>
   </trkpt>
   <trkpt lat="12.9257580" lon="77.5319270">
    <ele>834.1</ele>
    <time>2026-07-05T01:49:02Z</time>
   </trkpt>
   <trkpt lat="12.9257820" lon="77.5319230">
    <ele>834.1</ele>
    <time>2026-07-05T01:49:03Z</time>
   </trkpt>
   <trkpt lat="12.9258110" lon="77.5319170">
    <ele>834.0</ele>
    <time>2026-07-05T01:49:04Z</time>
   </trkpt>
   <trkpt lat="12.9258340" lon="77.5319130">
    <ele>834.0</ele>
    <time>2026-07-05T01:49:05Z</time>
   </trkpt>
   <trkpt lat="12.9258600" lon="77.5319090">
    <ele>833.9</ele>
    <time>2026-07-05T01:49:06Z</time>
   </trkpt>
   <trkpt lat="12.9258840" lon="77.5319070">
    <ele>833.9</ele>
    <time>2026-07-05T01:49:07Z</time>
   </trkpt>
   <trkpt lat="12.9259090" lon="77.5319020">
    <ele>833.8</ele>
    <time>2026-07-05T01:49:08Z</time>
   </trkpt>
   <trkpt lat="12.9259330" lon="77.5318950">
    <ele>833.8</ele>
    <time>2026-07-05T01:49:09Z</time>
   </trkpt>
   <trkpt lat="12.9259590" lon="77.5318880">
    <ele>833.8</ele>
    <time>2026-07-05T01:49:10Z</time>
   </trkpt>
   <trkpt lat="12.9259860" lon="77.5318820">
    <ele>833.7</ele>
    <time>2026-07-05T01:49:11Z</time>
   </trkpt>
   <trkpt lat="12.9260110" lon="77.5318780">
    <ele>833.7</ele>
    <time>2026-07-05T01:49:12Z</time>
   </trkpt>
   <trkpt lat="12.9260350" lon="77.5318750">
    <ele>833.7</ele>
    <time>2026-07-05T01:49:13Z</time>
   </trkpt>
   <trkpt lat="12.9260610" lon="77.5318740">
    <ele>833.6</ele>
    <time>2026-07-05T01:49:14Z</time>
   </trkpt>
   <trkpt lat="12.9260900" lon="77.5318750">
    <ele>833.6</ele>
    <time>2026-07-05T01:49:15Z</time>
   </trkpt>
   <trkpt lat="12.9261150" lon="77.5318740">
    <ele>833.6</ele>
    <time>2026-07-05T01:49:16Z</time>
   </trkpt>
   <trkpt lat="12.9261420" lon="77.5318710">
    <ele>833.6</ele>
    <time>2026-07-05T01:49:17Z</time>
   </trkpt>
   <trkpt lat="12.9261690" lon="77.5318680">
    <ele>833.5</ele>
    <time>2026-07-05T01:49:18Z</time>
   </trkpt>
   <trkpt lat="12.9261970" lon="77.5318670">
    <ele>833.5</ele>
    <time>2026-07-05T01:49:19Z</time>
   </trkpt>
   <trkpt lat="12.9262250" lon="77.5318640">
    <ele>833.5</ele>
    <time>2026-07-05T01:49:20Z</time>
   </trkpt>
   <trkpt lat="12.9262500" lon="77.5318610">
    <ele>833.5</ele>
    <time>2026-07-05T01:49:21Z</time>
   </trkpt>
   <trkpt lat="12.9262750" lon="77.5318580">
    <ele>833.5</ele>
    <time>2026-07-05T01:49:22Z</time>
   </trkpt>
   <trkpt lat="12.9263010" lon="77.5318590">
    <ele>833.4</ele>
    <time>2026-07-05T01:49:23Z</time>
   </trkpt>
   <trkpt lat="12.9263260" lon="77.5318670">
    <ele>833.4</ele>
    <time>2026-07-05T01:49:24Z</time>
   </trkpt>
   <trkpt lat="12.9263540" lon="77.5318690">
    <ele>833.4</ele>
    <time>2026-07-05T01:49:25Z</time>
   </trkpt>
   <trkpt lat="12.9263750" lon="77.5318630">
    <ele>833.4</ele>
    <time>2026-07-05T01:49:26Z</time>
   </trkpt>
   <trkpt lat="12.9263970" lon="77.5318570">
    <ele>833.3</ele>
    <time>2026-07-05T01:49:27Z</time>
   </trkpt>
   <trkpt lat="12.9264210" lon="77.5318530">
    <ele>833.3</ele>
    <time>2026-07-05T01:49:28Z</time>
   </trkpt>
   <trkpt lat="12.9264440" lon="77.5318490">
    <ele>833.3</ele>
    <time>2026-07-05T01:49:29Z</time>
   </trkpt>
   <trkpt lat="12.9264690" lon="77.5318460">
    <ele>833.3</ele>
    <time>2026-07-05T01:49:30Z</time>
   </trkpt>
   <trkpt lat="12.9264930" lon="77.5318470">
    <ele>833.3</ele>
    <time>2026-07-05T01:49:31Z</time>
   </trkpt>
   <trkpt lat="12.9265190" lon="77.5318440">
    <ele>833.3</ele>
    <time>2026-07-05T01:49:32Z</time>
   </trkpt>
   <trkpt lat="12.9265480" lon="77.5318490">
    <ele>833.2</ele>
    <time>2026-07-05T01:49:33Z</time>
   </trkpt>
   <trkpt lat="12.9265760" lon="77.5318560">
    <ele>833.2</ele>
    <time>2026-07-05T01:49:34Z</time>
   </trkpt>
   <trkpt lat="12.9266040" lon="77.5318610">
    <ele>833.2</ele>
    <time>2026-07-05T01:49:35Z</time>
   </trkpt>
   <trkpt lat="12.9266270" lon="77.5318550">
    <ele>833.2</ele>
    <time>2026-07-05T01:49:36Z</time>
   </trkpt>
   <trkpt lat="12.9266460" lon="77.5318420">
    <ele>833.2</ele>
    <time>2026-07-05T01:49:37Z</time>
   </trkpt>
   <trkpt lat="12.9266680" lon="77.5318380">
    <ele>833.2</ele>
    <time>2026-07-05T01:49:38Z</time>
   </trkpt>
   <trkpt lat="12.9266930" lon="77.5318420">
    <ele>833.2</ele>
    <time>2026-07-05T01:49:39Z</time>
   </trkpt>
   <trkpt lat="12.9267170" lon="77.5318460">
    <ele>833.1</ele>
    <time>2026-07-05T01:49:40Z</time>
   </trkpt>
   <trkpt lat="12.9267400" lon="77.5318450">
    <ele>833.1</ele>
    <time>2026-07-05T01:49:41Z</time>
   </trkpt>
   <trkpt lat="12.9267660" lon="77.5318480">
    <ele>833.1</ele>
    <time>2026-07-05T01:49:42Z</time>
   </trkpt>
   <trkpt lat="12.9267910" lon="77.5318460">
    <ele>833.1</ele>
    <time>2026-07-05T01:49:43Z</time>
   </trkpt>
   <trkpt lat="12.9268170" lon="77.5318410">
    <ele>833.1</ele>
    <time>2026-07-05T01:49:44Z</time>
   </trkpt>
   <trkpt lat="12.9268420" lon="77.5318390">
    <ele>833.1</ele>
    <time>2026-07-05T01:49:45Z</time>
   </trkpt>
   <trkpt lat="12.9268680" lon="77.5318380">
    <ele>833.1</ele>
    <time>2026-07-05T01:49:46Z</time>
   </trkpt>
   <trkpt lat="12.9268940" lon="77.5318340">
    <ele>833.0</ele>
    <time>2026-07-05T01:49:47Z</time>
   </trkpt>
   <trkpt lat="12.9269180" lon="77.5318310">
    <ele>833.0</ele>
    <time>2026-07-05T01:49:48Z</time>
   </trkpt>
   <trkpt lat="12.9269430" lon="77.5318280">
    <ele>833.0</ele>
    <time>2026-07-05T01:49:49Z</time>
   </trkpt>
   <trkpt lat="12.9269660" lon="77.5318260">
    <ele>833.0</ele>
    <time>2026-07-05T01:49:50Z</time>
   </trkpt>
   <trkpt lat="12.9269910" lon="77.5318220">
    <ele>833.0</ele>
    <time>2026-07-05T01:49:51Z</time>
   </trkpt>
   <trkpt lat="12.9270110" lon="77.5318170">
    <ele>833.0</ele>
    <time>2026-07-05T01:49:52Z</time>
   </trkpt>
   <trkpt lat="12.9270280" lon="77.5318160">
    <ele>832.9</ele>
    <time>2026-07-05T01:49:53Z</time>
   </trkpt>
   <trkpt lat="12.9270440" lon="77.5318200">
    <ele>832.9</ele>
    <time>2026-07-05T01:49:54Z</time>
   </trkpt>
   <trkpt lat="12.9270600" lon="77.5318180">
    <ele>832.9</ele>
    <time>2026-07-05T01:49:55Z</time>
   </trkpt>
   <trkpt lat="12.9270720" lon="77.5318130">
    <ele>832.9</ele>
    <time>2026-07-05T01:49:56Z</time>
   </trkpt>
   <trkpt lat="12.9270840" lon="77.5318090">
    <ele>832.9</ele>
    <time>2026-07-05T01:49:57Z</time>
   </trkpt>
   <trkpt lat="12.9270980" lon="77.5318070">
    <ele>832.9</ele>
    <time>2026-07-05T01:49:58Z</time>
   </trkpt>
   <trkpt lat="12.9271120" lon="77.5318050">
    <ele>832.9</ele>
    <time>2026-07-05T01:49:59Z</time>
   </trkpt>
   <trkpt lat="12.9271250" lon="77.5318020">
    <ele>832.9</ele>
    <time>2026-07-05T01:50:00Z</time>
   </trkpt>
   <trkpt lat="12.9271400" lon="77.5318050">
    <ele>832.8</ele>
    <time>2026-07-05T01:50:01Z</time>
   </trkpt>
   <trkpt lat="12.9271550" lon="77.5318070">
    <ele>832.8</ele>
    <time>2026-07-05T01:50:02Z</time>
   </trkpt>
   <trkpt lat="12.9271690" lon="77.5318070">
    <ele>832.8</ele>
    <time>2026-07-05T01:50:03Z</time>
   </trkpt>
   <trkpt lat="12.9271820" lon="77.5318060">
    <ele>832.8</ele>
    <time>2026-07-05T01:50:04Z</time>
   </trkpt>
   <trkpt lat="12.9271940" lon="77.5318040">
    <ele>832.8</ele>
    <time>2026-07-05T01:50:05Z</time>
   </trkpt>
   <trkpt lat="12.9272070" lon="77.5318020">
    <ele>832.8</ele>
    <time>2026-07-05T01:50:06Z</time>
   </trkpt>
   <trkpt lat="12.9272190" lon="77.5317970">
    <ele>832.8</ele>
    <time>2026-07-05T01:50:07Z</time>
   </trkpt>
   <trkpt lat="12.9272300" lon="77.5317950">
    <ele>832.8</ele>
    <time>2026-07-05T01:50:08Z</time>
   </trkpt>
   <trkpt lat="12.9272430" lon="77.5317950">
    <ele>832.7</ele>
    <time>2026-07-05T01:50:09Z</time>
   </trkpt>
   <trkpt lat="12.9272570" lon="77.5317960">
    <ele>832.7</ele>
    <time>2026-07-05T01:50:10Z</time>
   </trkpt>
   <trkpt lat="12.9272710" lon="77.5317950">
    <ele>832.7</ele>
    <time>2026-07-05T01:50:11Z</time>
   </trkpt>
   <trkpt lat="12.9272850" lon="77.5317960">
    <ele>832.7</ele>
    <time>2026-07-05T01:50:12Z</time>
   </trkpt>
   <trkpt lat="12.9273100" lon="77.5317910">
    <ele>832.7</ele>
    <time>2026-07-05T01:50:13Z</time>
   </trkpt>
   <trkpt lat="12.9273320" lon="77.5317840">
    <ele>832.6</ele>
    <time>2026-07-05T01:50:14Z</time>
   </trkpt>
   <trkpt lat="12.9273540" lon="77.5317750">
    <ele>832.6</ele>
    <time>2026-07-05T01:50:15Z</time>
   </trkpt>
   <trkpt lat="12.9273830" lon="77.5317710">
    <ele>832.6</ele>
    <time>2026-07-05T01:50:16Z</time>
   </trkpt>
   <trkpt lat="12.9274090" lon="77.5317710">
    <ele>832.5</ele>
    <time>2026-07-05T01:50:17Z</time>
   </trkpt>
   <trkpt lat="12.9274360" lon="77.5317700">
    <ele>832.5</ele>
    <time>2026-07-05T01:50:18Z</time>
   </trkpt>
   <trkpt lat="12.9274640" lon="77.5317720">
    <ele>832.4</ele>
    <time>2026-07-05T01:50:19Z</time>
   </trkpt>
   <trkpt lat="12.9274930" lon="77.5317710">
    <ele>832.4</ele>
    <time>2026-07-05T01:50:20Z</time>
   </trkpt>
   <trkpt lat="12.9275250" lon="77.5317740">
    <ele>832.4</ele>
    <time>2026-07-05T01:50:21Z</time>
   </trkpt>
   <trkpt lat="12.9275530" lon="77.5317780">
    <ele>832.3</ele>
    <time>2026-07-05T01:50:22Z</time>
   </trkpt>
   <trkpt lat="12.9275820" lon="77.5317820">
    <ele>832.3</ele>
    <time>2026-07-05T01:50:23Z</time>
   </trkpt>
   <trkpt lat="12.9276100" lon="77.5317890">
    <ele>832.2</ele>
    <time>2026-07-05T01:50:24Z</time>
   </trkpt>
   <trkpt lat="12.9276380" lon="77.5317920">
    <ele>832.1</ele>
    <time>2026-07-05T01:50:25Z</time>
   </trkpt>
   <trkpt lat="12.9276680" lon="77.5317950">
    <ele>832.1</ele>
    <time>2026-07-05T01:50:26Z</time>
   </trkpt>
   <trkpt lat="12.9276980" lon="77.5318010">
    <ele>832.0</ele>
    <time>2026-07-05T01:50:27Z</time>
   </trkpt>
   <trkpt lat="12.9277280" lon="77.5318020">
    <ele>832.0</ele>
    <time>2026-07-05T01:50:28Z</time>
   </trkpt>
   <trkpt lat="12.9277590" lon="77.5317990">
    <ele>831.9</ele>
    <time>2026-07-05T01:50:29Z</time>
   </trkpt>
   <trkpt lat="12.9277870" lon="77.5317930">
    <ele>831.8</ele>
    <time>2026-07-05T01:50:30Z</time>
   </trkpt>
   <trkpt lat="12.9278150" lon="77.5317880">
    <ele>831.7</ele>
    <time>2026-07-05T01:50:31Z</time>
   </trkpt>
   <trkpt lat="12.9278390" lon="77.5317840">
    <ele>831.7</ele>
    <time>2026-07-05T01:50:32Z</time>
   </trkpt>
   <trkpt lat="12.9278620" lon="77.5317820">
    <ele>831.6</ele>
    <time>2026-07-05T01:50:33Z</time>
   </trkpt>
   <trkpt lat="12.9278890" lon="77.5317830">
    <ele>831.5</ele>
    <time>2026-07-05T01:50:34Z</time>
   </trkpt>
   <trkpt lat="12.9279180" lon="77.5317840">
    <ele>831.5</ele>
    <time>2026-07-05T01:50:35Z</time>
   </trkpt>
   <trkpt lat="12.9279490" lon="77.5317840">
    <ele>831.4</ele>
    <time>2026-07-05T01:50:36Z</time>
   </trkpt>
   <trkpt lat="12.9279780" lon="77.5317810">
    <ele>831.4</ele>
    <time>2026-07-05T01:50:37Z</time>
   </trkpt>
   <trkpt lat="12.9280100" lon="77.5317800">
    <ele>831.4</ele>
    <time>2026-07-05T01:50:38Z</time>
   </trkpt>
   <trkpt lat="12.9280410" lon="77.5317730">
    <ele>831.3</ele>
    <time>2026-07-05T01:50:39Z</time>
   </trkpt>
   <trkpt lat="12.9280700" lon="77.5317650">
    <ele>831.3</ele>
    <time>2026-07-05T01:50:40Z</time>
   </trkpt>
   <trkpt lat="12.9280980" lon="77.5317590">
    <ele>831.3</ele>
    <time>2026-07-05T01:50:41Z</time>
   </trkpt>
   <trkpt lat="12.9281260" lon="77.5317530">
    <ele>831.3</ele>
    <time>2026-07-05T01:50:42Z</time>
   </trkpt>
   <trkpt lat="12.9281540" lon="77.5317480">
    <ele>831.2</ele>
    <time>2026-07-05T01:50:43Z</time>
   </trkpt>
   <trkpt lat="12.9281800" lon="77.5317420">
    <ele>831.2</ele>
    <time>2026-07-05T01:50:44Z</time>
   </trkpt>
   <trkpt lat="12.9282120" lon="77.5317400">
    <ele>831.2</ele>
    <time>2026-07-05T01:50:45Z</time>
   </trkpt>
   <trkpt lat="12.9282440" lon="77.5317370">
    <ele>831.1</ele>
    <time>2026-07-05T01:50:46Z</time>
   </trkpt>
   <trkpt lat="12.9282720" lon="77.5317310">
    <ele>831.0</ele>
    <time>2026-07-05T01:50:47Z</time>
   </trkpt>
   <trkpt lat="12.9283000" lon="77.5317270">
    <ele>830.9</ele>
    <time>2026-07-05T01:50:48Z</time>
   </trkpt>
   <trkpt lat="12.9283260" lon="77.5317240">
    <ele>830.8</ele>
    <time>2026-07-05T01:50:49Z</time>
   </trkpt>
   <trkpt lat="12.9283540" lon="77.5317230">
    <ele>830.7</ele>
    <time>2026-07-05T01:50:50Z</time>
   </trkpt>
   <trkpt lat="12.9283820" lon="77.5317220">
    <ele>830.6</ele>
    <time>2026-07-05T01:50:51Z</time>
   </trkpt>
   <trkpt lat="12.9284110" lon="77.5317230">
    <ele>830.4</ele>
    <time>2026-07-05T01:50:52Z</time>
   </trkpt>
   <trkpt lat="12.9284380" lon="77.5317220">
    <ele>830.3</ele>
    <time>2026-07-05T01:50:53Z</time>
   </trkpt>
   <trkpt lat="12.9284730" lon="77.5317230">
    <ele>830.2</ele>
    <time>2026-07-05T01:50:54Z</time>
   </trkpt>
   <trkpt lat="12.9285040" lon="77.5317250">
    <ele>830.1</ele>
    <time>2026-07-05T01:50:55Z</time>
   </trkpt>
   <trkpt lat="12.9285350" lon="77.5317230">
    <ele>829.9</ele>
    <time>2026-07-05T01:50:56Z</time>
   </trkpt>
   <trkpt lat="12.9285640" lon="77.5317150">
    <ele>829.8</ele>
    <time>2026-07-05T01:50:57Z</time>
   </trkpt>
   <trkpt lat="12.9285910" lon="77.5317090">
    <ele>829.7</ele>
    <time>2026-07-05T01:50:58Z</time>
   </trkpt>
   <trkpt lat="12.9286220" lon="77.5317130">
    <ele>829.6</ele>
    <time>2026-07-05T01:50:59Z</time>
   </trkpt>
   <trkpt lat="12.9286500" lon="77.5317170">
    <ele>829.5</ele>
    <time>2026-07-05T01:51:00Z</time>
   </trkpt>
   <trkpt lat="12.9286750" lon="77.5317060">
    <ele>829.4</ele>
    <time>2026-07-05T01:51:01Z</time>
   </trkpt>
   <trkpt lat="12.9286950" lon="77.5316900">
    <ele>829.3</ele>
    <time>2026-07-05T01:51:02Z</time>
   </trkpt>
   <trkpt lat="12.9287170" lon="77.5316900">
    <ele>829.2</ele>
    <time>2026-07-05T01:51:03Z</time>
   </trkpt>
   <trkpt lat="12.9287410" lon="77.5316930">
    <ele>829.1</ele>
    <time>2026-07-05T01:51:04Z</time>
   </trkpt>
   <trkpt lat="12.9287660" lon="77.5316970">
    <ele>829.0</ele>
    <time>2026-07-05T01:51:05Z</time>
   </trkpt>
   <trkpt lat="12.9287950" lon="77.5316920">
    <ele>828.9</ele>
    <time>2026-07-05T01:51:06Z</time>
   </trkpt>
   <trkpt lat="12.9288220" lon="77.5316900">
    <ele>828.8</ele>
    <time>2026-07-05T01:51:07Z</time>
   </trkpt>
   <trkpt lat="12.9288500" lon="77.5316870">
    <ele>828.6</ele>
    <time>2026-07-05T01:51:08Z</time>
   </trkpt>
   <trkpt lat="12.9288800" lon="77.5316840">
    <ele>828.5</ele>
    <time>2026-07-05T01:51:09Z</time>
   </trkpt>
   <trkpt lat="12.9289100" lon="77.5316840">
    <ele>828.4</ele>
    <time>2026-07-05T01:51:10Z</time>
   </trkpt>
   <trkpt lat="12.9289410" lon="77.5316800">
    <ele>828.3</ele>
    <time>2026-07-05T01:51:11Z</time>
   </trkpt>
   <trkpt lat="12.9289710" lon="77.5316760">
    <ele>828.2</ele>
    <time>2026-07-05T01:51:12Z</time>
   </trkpt>
   <trkpt lat="12.9290020" lon="77.5316740">
    <ele>828.1</ele>
    <time>2026-07-05T01:51:13Z</time>
   </trkpt>
   <trkpt lat="12.9290310" lon="77.5316710">
    <ele>827.9</ele>
    <time>2026-07-05T01:51:14Z</time>
   </trkpt>
   <trkpt lat="12.9290610" lon="77.5316650">
    <ele>827.8</ele>
    <time>2026-07-05T01:51:15Z</time>
   </trkpt>
   <trkpt lat="12.9290840" lon="77.5316570">
    <ele>827.7</ele>
    <time>2026-07-05T01:51:16Z</time>
   </trkpt>
   <trkpt lat="12.9291090" lon="77.5316550">
    <ele>827.6</ele>
    <time>2026-07-05T01:51:17Z</time>
   </trkpt>
   <trkpt lat="12.9291360" lon="77.5316570">
    <ele>827.5</ele>
    <time>2026-07-05T01:51:18Z</time>
   </trkpt>
   <trkpt lat="12.9291620" lon="77.5316590">
    <ele>827.4</ele>
    <time>2026-07-05T01:51:19Z</time>
   </trkpt>
   <trkpt lat="12.9291910" lon="77.5316600">
    <ele>827.3</ele>
    <time>2026-07-05T01:51:20Z</time>
   </trkpt>
   <trkpt lat="12.9292200" lon="77.5316650">
    <ele>827.2</ele>
    <time>2026-07-05T01:51:21Z</time>
   </trkpt>
   <trkpt lat="12.9292460" lon="77.5316650">
    <ele>827.1</ele>
    <time>2026-07-05T01:51:22Z</time>
   </trkpt>
   <trkpt lat="12.9292740" lon="77.5316620">
    <ele>827.0</ele>
    <time>2026-07-05T01:51:23Z</time>
   </trkpt>
   <trkpt lat="12.9293000" lon="77.5316610">
    <ele>826.9</ele>
    <time>2026-07-05T01:51:24Z</time>
   </trkpt>
   <trkpt lat="12.9293270" lon="77.5316610">
    <ele>826.8</ele>
    <time>2026-07-05T01:51:25Z</time>
   </trkpt>
   <trkpt lat="12.9293540" lon="77.5316620">
    <ele>826.7</ele>
    <time>2026-07-05T01:51:26Z</time>
   </trkpt>
   <trkpt lat="12.9293800" lon="77.5316640">
    <ele>826.6</ele>
    <time>2026-07-05T01:51:27Z</time>
   </trkpt>
   <trkpt lat="12.9294080" lon="77.5316680">
    <ele>826.5</ele>
    <time>2026-07-05T01:51:28Z</time>
   </trkpt>
   <trkpt lat="12.9294340" lon="77.5316680">
    <ele>826.4</ele>
    <time>2026-07-05T01:51:29Z</time>
   </trkpt>
   <trkpt lat="12.9294600" lon="77.5316700">
    <ele>826.3</ele>
    <time>2026-07-05T01:51:30Z</time>
   </trkpt>
   <trkpt lat="12.9294870" lon="77.5316670">
    <ele>826.2</ele>
    <time>2026-07-05T01:51:31Z</time>
   </trkpt>
   <trkpt lat="12.9295140" lon="77.5316630">
    <ele>826.1</ele>
    <time>2026-07-05T01:51:32Z</time>
   </trkpt>
   <trkpt lat="12.9295410" lon="77.5316610">
    <ele>826.0</ele>
    <time>2026-07-05T01:51:33Z</time>
   </trkpt>
   <trkpt lat="12.9295660" lon="77.5316550">
    <ele>825.9</ele>
    <time>2026-07-05T01:51:34Z</time>
   </trkpt>
   <trkpt lat="12.9295890" lon="77.5316440">
    <ele>825.8</ele>
    <time>2026-07-05T01:51:35Z</time>
   </trkpt>
   <trkpt lat="12.9296080" lon="77.5316340">
    <ele>825.7</ele>
    <time>2026-07-05T01:51:36Z</time>
   </trkpt>
   <trkpt lat="12.9296310" lon="77.5316320">
    <ele>825.7</ele>
    <time>2026-07-05T01:51:37Z</time>
   </trkpt>
   <trkpt lat="12.9296510" lon="77.5316280">
    <ele>825.6</ele>
    <time>2026-07-05T01:51:38Z</time>
   </trkpt>
   <trkpt lat="12.9296670" lon="77.5316240">
    <ele>825.5</ele>
    <time>2026-07-05T01:51:39Z</time>
   </trkpt>
   <trkpt lat="12.9296800" lon="77.5316260">
    <ele>825.5</ele>
    <time>2026-07-05T01:51:40Z</time>
   </trkpt>
   <trkpt lat="12.9296940" lon="77.5316320">
    <ele>825.4</ele>
    <time>2026-07-05T01:51:41Z</time>
   </trkpt>
   <trkpt lat="12.9297080" lon="77.5316350">
    <ele>825.4</ele>
    <time>2026-07-05T01:51:42Z</time>
   </trkpt>
   <trkpt lat="12.9297200" lon="77.5316330">
    <ele>825.3</ele>
    <time>2026-07-05T01:51:43Z</time>
   </trkpt>
   <trkpt lat="12.9297340" lon="77.5316330">
    <ele>825.3</ele>
    <time>2026-07-05T01:51:44Z</time>
   </trkpt>
   <trkpt lat="12.9297490" lon="77.5316320">
    <ele>825.2</ele>
    <time>2026-07-05T01:51:45Z</time>
   </trkpt>
   <trkpt lat="12.9297640" lon="77.5316280">
    <ele>825.2</ele>
    <time>2026-07-05T01:51:46Z</time>
   </trkpt>
   <trkpt lat="12.9297780" lon="77.5316230">
    <ele>825.1</ele>
    <time>2026-07-05T01:51:47Z</time>
   </trkpt>
   <trkpt lat="12.9297910" lon="77.5316180">
    <ele>825.1</ele>
    <time>2026-07-05T01:51:48Z</time>
   </trkpt>
   <trkpt lat="12.9298030" lon="77.5316160">
    <ele>825.0</ele>
    <time>2026-07-05T01:51:49Z</time>
   </trkpt>
   <trkpt lat="12.9298160" lon="77.5316160">
    <ele>825.0</ele>
    <time>2026-07-05T01:51:50Z</time>
   </trkpt>
   <trkpt lat="12.9298300" lon="77.5316160">
    <ele>824.9</ele>
    <time>2026-07-05T01:51:51Z</time>
   </trkpt>
   <trkpt lat="12.9298430" lon="77.5316130">
    <ele>824.9</ele>
    <time>2026-07-05T01:51:52Z</time>
   </trkpt>
   <trkpt lat="12.9298560" lon="77.5316090">
    <ele>824.8</ele>
    <time>2026-07-05T01:51:53Z</time>
   </trkpt>
   <trkpt lat="12.9298700" lon="77.5316050">
    <ele>824.8</ele>
    <time>2026-07-05T01:51:54Z</time>
   </trkpt>
   <trkpt lat="12.9298850" lon="77.5316000">
    <ele>824.7</ele>
    <time>2026-07-05T01:51:55Z</time>
   </trkpt>
   <trkpt lat="12.9299060" lon="77.5315900">
    <ele>824.6</ele>
    <time>2026-07-05T01:51:56Z</time>
   </trkpt>
   <trkpt lat="12.9299280" lon="77.5315820">
    <ele>824.5</ele>
    <time>2026-07-05T01:51:57Z</time>
   </trkpt>
   <trkpt lat="12.9299580" lon="77.5315800">
    <ele>824.4</ele>
    <time>2026-07-05T01:51:58Z</time>
   </trkpt>
   <trkpt lat="12.9299860" lon="77.5315770">
    <ele>824.3</ele>
    <time>2026-07-05T01:51:59Z</time>
   </trkpt>
   <trkpt lat="12.9300110" lon="77.5315700">
    <ele>824.2</ele>
    <time>2026-07-05T01:52:00Z</time>
   </trkpt>
   <trkpt lat="12.9300380" lon="77.5315690">
    <ele>824.1</ele>
    <time>2026-07-05T01:52:01Z</time>
   </trkpt>
   <trkpt lat="12.9300610" lon="77.5315640">
    <ele>824.0</ele>
    <time>2026-07-05T01:52:02Z</time>
   </trkpt>
   <trkpt lat="12.9300870" lon="77.5315630">
    <ele>824.0</ele>
    <time>2026-07-05T01:52:03Z</time>
   </trkpt>
   <trkpt lat="12.9301110" lon="77.5315580">
    <ele>823.9</ele>
    <time>2026-07-05T01:52:04Z</time>
   </trkpt>
   <trkpt lat="12.9301370" lon="77.5315530">
    <ele>823.8</ele>
    <time>2026-07-05T01:52:05Z</time>
   </trkpt>
   <trkpt lat="12.9301660" lon="77.5315570">
    <ele>823.7</ele>
    <time>2026-07-05T01:52:06Z</time>
   </trkpt>
   <trkpt lat="12.9301930" lon="77.5315610">
    <ele>823.6</ele>
    <time>2026-07-05T01:52:07Z</time>
   </trkpt>
   <trkpt lat="12.9302260" lon="77.5315650">
    <ele>823.5</ele>
    <time>2026-07-05T01:52:08Z</time>
   </trkpt>
   <trkpt lat="12.9302550" lon="77.5315660">
    <ele>823.4</ele>
    <time>2026-07-05T01:52:09Z</time>
   </trkpt>
   <trkpt lat="12.9302830" lon="77.5315690">
    <ele>823.3</ele>
    <time>2026-07-05T01:52:10Z</time>
   </trkpt>
   <trkpt lat="12.9303180" lon="77.5315660">
    <ele>823.1</ele>
    <time>2026-07-05T01:52:11Z</time>
   </trkpt>
   <trkpt lat="12.9303490" lon="77.5315620">
    <ele>823.0</ele>
    <time>2026-07-05T01:52:12Z</time>
   </trkpt>
   <trkpt lat="12.9303770" lon="77.5315560">
    <ele>823.0</ele>
    <time>2026-07-05T01:52:13Z</time>
   </trkpt>
   <trkpt lat="12.9303990" lon="77.5315540">
    <ele>822.9</ele>
    <time>2026-07-05T01:52:14Z</time>
   </trkpt>
   <trkpt lat="12.9304210" lon="77.5315570">
    <ele>822.8</ele>
    <time>2026-07-05T01:52:15Z</time>
   </trkpt>
   <trkpt lat="12.9304450" lon="77.5315570">
    <ele>822.7</ele>
    <time>2026-07-05T01:52:16Z</time>
   </trkpt>
   <trkpt lat="12.9304730" lon="77.5315540">
    <ele>822.6</ele>
    <time>2026-07-05T01:52:17Z</time>
   </trkpt>
   <trkpt lat="12.9305020" lon="77.5315460">
    <ele>822.5</ele>
    <time>2026-07-05T01:52:18Z</time>
   </trkpt>
   <trkpt lat="12.9305330" lon="77.5315370">
    <ele>822.4</ele>
    <time>2026-07-05T01:52:19Z</time>
   </trkpt>
   <trkpt lat="12.9305610" lon="77.5315290">
    <ele>822.3</ele>
    <time>2026-07-05T01:52:20Z</time>
   </trkpt>
   <trkpt lat="12.9305900" lon="77.5315220">
    <ele>822.2</ele>
    <time>2026-07-05T01:52:21Z</time>
   </trkpt>
   <trkpt lat="12.9306170" lon="77.5315180">
    <ele>822.2</ele>
    <time>2026-07-05T01:52:22Z</time>
   </trkpt>
   <trkpt lat="12.9306430" lon="77.5315150">
    <ele>822.1</ele>
    <time>2026-07-05T01:52:23Z</time>
   </trkpt>
   <trkpt lat="12.9306630" lon="77.5315140">
    <ele>822.0</ele>
    <time>2026-07-05T01:52:24Z</time>
   </trkpt>
   <trkpt lat="12.9306860" lon="77.5315070">
    <ele>822.0</ele>
    <time>2026-07-05T01:52:25Z</time>
   </trkpt>
   <trkpt lat="12.9307100" lon="77.5315000">
    <ele>821.9</ele>
    <time>2026-07-05T01:52:26Z</time>
   </trkpt>
   <trkpt lat="12.9307330" lon="77.5314990">
    <ele>821.8</ele>
    <time>2026-07-05T01:52:27Z</time>
   </trkpt>
   <trkpt lat="12.9307570" lon="77.5314960">
    <ele>821.8</ele>
    <time>2026-07-05T01:52:28Z</time>
   </trkpt>
   <trkpt lat="12.9307830" lon="77.5314990">
    <ele>821.7</ele>
    <time>2026-07-05T01:52:29Z</time>
   </trkpt>
   <trkpt lat="12.9308070" lon="77.5314970">
    <ele>821.6</ele>
    <time>2026-07-05T01:52:30Z</time>
   </trkpt>
   <trkpt lat="12.9308340" lon="77.5314970">
    <ele>821.5</ele>
    <time>2026-07-05T01:52:31Z</time>
   </trkpt>
   <trkpt lat="12.9308630" lon="77.5314950">
    <ele>821.5</ele>
    <time>2026-07-05T01:52:32Z</time>
   </trkpt>
   <trkpt lat="12.9308900" lon="77.5314940">
    <ele>821.4</ele>
    <time>2026-07-05T01:52:33Z</time>
   </trkpt>
   <trkpt lat="12.9309240" lon="77.5314950">
    <ele>821.3</ele>
    <time>2026-07-05T01:52:34Z</time>
   </trkpt>
   <trkpt lat="12.9309500" lon="77.5314960">
    <ele>821.3</ele>
    <time>2026-07-05T01:52:35Z</time>
   </trkpt>
   <trkpt lat="12.9309760" lon="77.5315020">
    <ele>821.2</ele>
    <time>2026-07-05T01:52:36Z</time>
   </trkpt>
   <trkpt lat="12.9310030" lon="77.5315080">
    <ele>821.1</ele>
    <time>2026-07-05T01:52:37Z</time>
   </trkpt>
   <trkpt lat="12.9310300" lon="77.5315110">
    <ele>821.1</ele>
    <time>2026-07-05T01:52:38Z</time>
   </trkpt>
   <trkpt lat="12.9310560" lon="77.5315110">
    <ele>821.0</ele>
    <time>2026-07-05T01:52:39Z</time>
   </trkpt>
   <trkpt lat="12.9310830" lon="77.5315080">
    <ele>821.0</ele>
    <time>2026-07-05T01:52:40Z</time>
   </trkpt>
   <trkpt lat="12.9311130" lon="77.5315100">
    <ele>820.9</ele>
    <time>2026-07-05T01:52:41Z</time>
   </trkpt>
   <trkpt lat="12.9311440" lon="77.5315150">
    <ele>820.8</ele>
    <time>2026-07-05T01:52:42Z</time>
   </trkpt>
   <trkpt lat="12.9311730" lon="77.5315150">
    <ele>820.8</ele>
    <time>2026-07-05T01:52:43Z</time>
   </trkpt>
   <trkpt lat="12.9312020" lon="77.5315110">
    <ele>820.7</ele>
    <time>2026-07-05T01:52:44Z</time>
   </trkpt>
   <trkpt lat="12.9312280" lon="77.5315100">
    <ele>820.7</ele>
    <time>2026-07-05T01:52:45Z</time>
   </trkpt>
   <trkpt lat="12.9312550" lon="77.5315120">
    <ele>820.6</ele>
    <time>2026-07-05T01:52:46Z</time>
   </trkpt>
   <trkpt lat="12.9312790" lon="77.5315090">
    <ele>820.5</ele>
    <time>2026-07-05T01:52:47Z</time>
   </trkpt>
   <trkpt lat="12.9313080" lon="77.5315070">
    <ele>820.5</ele>
    <time>2026-07-05T01:52:48Z</time>
   </trkpt>
   <trkpt lat="12.9313340" lon="77.5315070">
    <ele>820.4</ele>
    <time>2026-07-05T01:52:49Z</time>
   </trkpt>
   <trkpt lat="12.9313580" lon="77.5315070">
    <ele>820.4</ele>
    <time>2026-07-05T01:52:50Z</time>
   </trkpt>
   <trkpt lat="12.9313820" lon="77.5315020">
    <ele>820.3</ele>
    <time>2026-07-05T01:52:51Z</time>
   </trkpt>
   <trkpt lat="12.9314040" lon="77.5314960">
    <ele>820.3</ele>
    <time>2026-07-05T01:52:52Z</time>
   </trkpt>
   <trkpt lat="12.9314270" lon="77.5314900">
    <ele>820.3</ele>
    <time>2026-07-05T01:52:53Z</time>
   </trkpt>
   <trkpt lat="12.9314520" lon="77.5314860">
    <ele>820.2</ele>
    <time>2026-07-05T01:52:54Z</time>
   </trkpt>
   <trkpt lat="12.9314800" lon="77.5314870">
    <ele>820.2</ele>
    <time>2026-07-05T01:52:55Z</time>
   </trkpt>
   <trkpt lat="12.9315060" lon="77.5314800">
    <ele>820.1</ele>
    <time>2026-07-05T01:52:56Z</time>
   </trkpt>
   <trkpt lat="12.9315270" lon="77.5314690">
    <ele>820.1</ele>
    <time>2026-07-05T01:52:57Z</time>
   </trkpt>
   <trkpt lat="12.9315440" lon="77.5314680">
    <ele>820.1</ele>
    <time>2026-07-05T01:52:58Z</time>
   </trkpt>
   <trkpt lat="12.9315580" lon="77.5314690">
    <ele>820.1</ele>
    <time>2026-07-05T01:52:59Z</time>
   </trkpt>
   <trkpt lat="12.9315720" lon="77.5314690">
    <ele>820.1</ele>
    <time>2026-07-05T01:53:00Z</time>
   </trkpt>
   <trkpt lat="12.9315830" lon="77.5314710">
    <ele>820.0</ele>
    <time>2026-07-05T01:53:01Z</time>
   </trkpt>
   <trkpt lat="12.9315950" lon="77.5314730">
    <ele>820.0</ele>
    <time>2026-07-05T01:53:02Z</time>
   </trkpt>
   <trkpt lat="12.9316090" lon="77.5314670">
    <ele>820.0</ele>
    <time>2026-07-05T01:53:03Z</time>
   </trkpt>
   <trkpt lat="12.9316190" lon="77.5314580">
    <ele>820.0</ele>
    <time>2026-07-05T01:53:04Z</time>
   </trkpt>
   <trkpt lat="12.9316320" lon="77.5314590">
    <ele>820.0</ele>
    <time>2026-07-05T01:53:05Z</time>
   </trkpt>
   <trkpt lat="12.9316430" lon="77.5314630">
    <ele>820.0</ele>
    <time>2026-07-05T01:53:06Z</time>
   </trkpt>
   <trkpt lat="12.9316540" lon="77.5314640">
    <ele>819.9</ele>
    <time>2026-07-05T01:53:07Z</time>
   </trkpt>
   <trkpt lat="12.9316660" lon="77.5314610">
    <ele>819.9</ele>
    <time>2026-07-05T01:53:08Z</time>
   </trkpt>
   <trkpt lat="12.9316790" lon="77.5314600">
    <ele>819.9</ele>
    <time>2026-07-05T01:53:09Z</time>
   </trkpt>
   <trkpt lat="12.9316910" lon="77.5314650">
    <ele>819.9</ele>
    <time>2026-07-05T01:53:10Z</time>
   </trkpt>
   <trkpt lat="12.9316970" lon="77.5314750">
    <ele>819.9</ele>
    <time>2026-07-05T01:53:11Z</time>
   </trkpt>
   <trkpt lat="12.9317090" lon="77.5314750">
    <ele>819.9</ele>
    <time>2026-07-05T01:53:12Z</time>
   </trkpt>
   <trkpt lat="12.9317290" lon="77.5314640">
    <ele>819.8</ele>
    <time>2026-07-05T01:53:13Z</time>
   </trkpt>
   <trkpt lat="12.9317450" lon="77.5314540">
    <ele>819.8</ele>
    <time>2026-07-05T01:53:14Z</time>
   </trkpt>
   <trkpt lat="12.9317600" lon="77.5314450">
    <ele>819.8</ele>
    <time>2026-07-05T01:53:15Z</time>
   </trkpt>
   <trkpt lat="12.9317670" lon="77.5314400">
    <ele>819.8</ele>
    <time>2026-07-05T01:53:16Z</time>
   </trkpt>
   <trkpt lat="12.9317830" lon="77.5314320">
    <ele>819.8</ele>
    <time>2026-07-05T01:53:17Z</time>
   </trkpt>
   <trkpt lat="12.9317970" lon="77.5314290">
    <ele>819.7</ele>
    <time>2026-07-05T01:53:18Z</time>
   </trkpt>
   <trkpt lat="12.9318090" lon="77.5314260">
    <ele>819.7</ele>
    <time>2026-07-05T01:53:19Z</time>
   </trkpt>
   <trkpt lat="12.9318270" lon="77.5314230">
    <ele>819.7</ele>
    <time>2026-07-05T01:53:20Z</time>
   </trkpt>
   <trkpt lat="12.9318430" lon="77.5314170">
    <ele>819.7</ele>
    <time>2026-07-05T01:53:21Z</time>
   </trkpt>
   <trkpt lat="12.9318680" lon="77.5314130">
    <ele>819.7</ele>
    <time>2026-07-05T01:53:22Z</time>
   </trkpt>
   <trkpt lat="12.9318890" lon="77.5314060">
    <ele>819.7</ele>
    <time>2026-07-05T01:53:23Z</time>
   </trkpt>
   <trkpt lat="12.9319090" lon="77.5313980">
    <ele>819.6</ele>
    <time>2026-07-05T01:53:24Z</time>
   </trkpt>
   <trkpt lat="12.9319430" lon="77.5314310">
    <ele>819.6</ele>
    <time>2026-07-05T01:53:25Z</time>
   </trkpt>
   <trkpt lat="12.9319680" lon="77.5314300">
    <ele>819.6</ele>
    <time>2026-07-05T01:53:26Z</time>
   </trkpt>
   <trkpt lat="12.9319980" lon="77.5314300">
    <ele>819.6</ele>
    <time>2026-07-05T01:53:27Z</time>
   </trkpt>
   <trkpt lat="12.9320220" lon="77.5314250">
    <ele>819.6</ele>
    <time>2026-07-05T01:53:28Z</time>
   </trkpt>
   <trkpt lat="12.9320460" lon="77.5314210">
    <ele>819.6</ele>
    <time>2026-07-05T01:53:29Z</time>
   </trkpt>
   <trkpt lat="12.9320750" lon="77.5314210">
    <ele>819.6</ele>
    <time>2026-07-05T01:53:30Z</time>
   </trkpt>
   <trkpt lat="12.9321030" lon="77.5314210">
    <ele>819.6</ele>
    <time>2026-07-05T01:53:31Z</time>
   </trkpt>
   <trkpt lat="12.9321320" lon="77.5314200">
    <ele>819.6</ele>
    <time>2026-07-05T01:53:32Z</time>
   </trkpt>
   <trkpt lat="12.9321580" lon="77.5314150">
    <ele>819.6</ele>
    <time>2026-07-05T01:53:33Z</time>
   </trkpt>
   <trkpt lat="12.9321830" lon="77.5314090">
    <ele>819.6</ele>
    <time>2026-07-05T01:53:34Z</time>
   </trkpt>
   <trkpt lat="12.9322100" lon="77.5314110">
    <ele>819.6</ele>
    <time>2026-07-05T01:53:35Z</time>
   </trkpt>
   <trkpt lat="12.9322330" lon="77.5314080">
    <ele>819.6</ele>
    <time>2026-07-05T01:53:36Z</time>
   </trkpt>
   <trkpt lat="12.9322560" lon="77.5314040">
    <ele>819.6</ele>
    <time>2026-07-05T01:53:37Z</time>
   </trkpt>
   <trkpt lat="12.9322800" lon="77.5314000">
    <ele>819.6</ele>
    <time>2026-07-05T01:53:38Z</time>
   </trkpt>
   <trkpt lat="12.9323030" lon="77.5313990">
    <ele>819.6</ele>
    <time>2026-07-05T01:53:39Z</time>
   </trkpt>
   <trkpt lat="12.9323300" lon="77.5313970">
    <ele>819.6</ele>
    <time>2026-07-05T01:53:40Z</time>
   </trkpt>
   <trkpt lat="12.9323560" lon="77.5313940">
    <ele>819.6</ele>
    <time>2026-07-05T01:53:41Z</time>
   </trkpt>
   <trkpt lat="12.9323800" lon="77.5313890">
    <ele>819.6</ele>
    <time>2026-07-05T01:53:42Z</time>
   </trkpt>
   <trkpt lat="12.9324060" lon="77.5313870">
    <ele>819.6</ele>
    <time>2026-07-05T01:53:43Z</time>
   </trkpt>
   <trkpt lat="12.9324310" lon="77.5313830">
    <ele>819.6</ele>
    <time>2026-07-05T01:53:44Z</time>
   </trkpt>
   <trkpt lat="12.9324570" lon="77.5313800">
    <ele>819.6</ele>
    <time>2026-07-05T01:53:45Z</time>
   </trkpt>
   <trkpt lat="12.9324830" lon="77.5313820">
    <ele>819.6</ele>
    <time>2026-07-05T01:53:46Z</time>
   </trkpt>
   <trkpt lat="12.9325070" lon="77.5313870">
    <ele>819.7</ele>
    <time>2026-07-05T01:53:47Z</time>
   </trkpt>
   <trkpt lat="12.9325380" lon="77.5313770">
    <ele>819.7</ele>
    <time>2026-07-05T01:53:48Z</time>
   </trkpt>
   <trkpt lat="12.9325630" lon="77.5313650">
    <ele>819.7</ele>
    <time>2026-07-05T01:53:49Z</time>
   </trkpt>
   <trkpt lat="12.9325850" lon="77.5313570">
    <ele>819.7</ele>
    <time>2026-07-05T01:53:50Z</time>
   </trkpt>
   <trkpt lat="12.9326160" lon="77.5313580">
    <ele>819.7</ele>
    <time>2026-07-05T01:53:51Z</time>
   </trkpt>
   <trkpt lat="12.9326440" lon="77.5313620">
    <ele>819.7</ele>
    <time>2026-07-05T01:53:52Z</time>
   </trkpt>
   <trkpt lat="12.9326740" lon="77.5313640">
    <ele>819.7</ele>
    <time>2026-07-05T01:53:53Z</time>
   </trkpt>
   <trkpt lat="12.9327000" lon="77.5313580">
    <ele>819.7</ele>
    <time>2026-07-05T01:53:54Z</time>
   </trkpt>
   <trkpt lat="12.9327240" lon="77.5313500">
    <ele>819.8</ele>
    <time>2026-07-05T01:53:55Z</time>
   </trkpt>
   <trkpt lat="12.9327510" lon="77.5313490">
    <ele>819.8</ele>
    <time>2026-07-05T01:53:56Z</time>
   </trkpt>
   <trkpt lat="12.9327780" lon="77.5313460">
    <ele>819.8</ele>
    <time>2026-07-05T01:53:57Z</time>
   </trkpt>
   <trkpt lat="12.9328060" lon="77.5313440">
    <ele>819.8</ele>
    <time>2026-07-05T01:53:58Z</time>
   </trkpt>
   <trkpt lat="12.9328330" lon="77.5313470">
    <ele>819.8</ele>
    <time>2026-07-05T01:53:59Z</time>
   </trkpt>
   <trkpt lat="12.9328570" lon="77.5313500">
    <ele>819.9</ele>
    <time>2026-07-05T01:54:00Z</time>
   </trkpt>
   <trkpt lat="12.9328800" lon="77.5313500">
    <ele>819.9</ele>
    <time>2026-07-05T01:54:01Z</time>
   </trkpt>
   <trkpt lat="12.9329010" lon="77.5313520">
    <ele>819.9</ele>
    <time>2026-07-05T01:54:02Z</time>
   </trkpt>
   <trkpt lat="12.9329220" lon="77.5313530">
    <ele>819.9</ele>
    <time>2026-07-05T01:54:03Z</time>
   </trkpt>
   <trkpt lat="12.9329430" lon="77.5313490">
    <ele>820.0</ele>
    <time>2026-07-05T01:54:04Z</time>
   </trkpt>
   <trkpt lat="12.9329620" lon="77.5313430">
    <ele>820.0</ele>
    <time>2026-07-05T01:54:05Z</time>
   </trkpt>
   <trkpt lat="12.9329810" lon="77.5313350">
    <ele>820.0</ele>
    <time>2026-07-05T01:54:06Z</time>
   </trkpt>
   <trkpt lat="12.9329950" lon="77.5313360">
    <ele>820.0</ele>
    <time>2026-07-05T01:54:07Z</time>
   </trkpt>
   <trkpt lat="12.9330080" lon="77.5313390">
    <ele>820.0</ele>
    <time>2026-07-05T01:54:08Z</time>
   </trkpt>
   <trkpt lat="12.9330240" lon="77.5313380">
    <ele>820.1</ele>
    <time>2026-07-05T01:54:09Z</time>
   </trkpt>
   <trkpt lat="12.9330360" lon="77.5313370">
    <ele>820.1</ele>
    <time>2026-07-05T01:54:10Z</time>
   </trkpt>
   <trkpt lat="12.9330480" lon="77.5313360">
    <ele>820.1</ele>
    <time>2026-07-05T01:54:11Z</time>
   </trkpt>
   <trkpt lat="12.9330600" lon="77.5313330">
    <ele>820.1</ele>
    <time>2026-07-05T01:54:12Z</time>
   </trkpt>
   <trkpt lat="12.9330720" lon="77.5313320">
    <ele>820.1</ele>
    <time>2026-07-05T01:54:13Z</time>
   </trkpt>
   <trkpt lat="12.9330850" lon="77.5313310">
    <ele>820.2</ele>
    <time>2026-07-05T01:54:14Z</time>
   </trkpt>
   <trkpt lat="12.9330980" lon="77.5313310">
    <ele>820.2</ele>
    <time>2026-07-05T01:54:15Z</time>
   </trkpt>
   <trkpt lat="12.9331100" lon="77.5313310">
    <ele>820.2</ele>
    <time>2026-07-05T01:54:16Z</time>
   </trkpt>
   <trkpt lat="12.9331200" lon="77.5313320">
    <ele>820.2</ele>
    <time>2026-07-05T01:54:17Z</time>
   </trkpt>
   <trkpt lat="12.9331330" lon="77.5313310">
    <ele>820.2</ele>
    <time>2026-07-05T01:54:18Z</time>
   </trkpt>
   <trkpt lat="12.9331410" lon="77.5313300">
    <ele>820.3</ele>
    <time>2026-07-05T01:54:19Z</time>
   </trkpt>
   <trkpt lat="12.9331510" lon="77.5313280">
    <ele>820.3</ele>
    <time>2026-07-05T01:54:20Z</time>
   </trkpt>
   <trkpt lat="12.9331610" lon="77.5313270">
    <ele>820.3</ele>
    <time>2026-07-05T01:54:21Z</time>
   </trkpt>
   <trkpt lat="12.9331730" lon="77.5313220">
    <ele>820.3</ele>
    <time>2026-07-05T01:54:22Z</time>
   </trkpt>
   <trkpt lat="12.9331870" lon="77.5313160">
    <ele>820.3</ele>
    <time>2026-07-05T01:54:23Z</time>
   </trkpt>
   <trkpt lat="12.9332160" lon="77.5313070">
    <ele>820.4</ele>
    <time>2026-07-05T01:54:24Z</time>
   </trkpt>
   <trkpt lat="12.9332380" lon="77.5313070">
    <ele>820.4</ele>
    <time>2026-07-05T01:54:25Z</time>
   </trkpt>
   <trkpt lat="12.9332610" lon="77.5313040">
    <ele>820.5</ele>
    <time>2026-07-05T01:54:26Z</time>
   </trkpt>
   <trkpt lat="12.9332890" lon="77.5313060">
    <ele>820.5</ele>
    <time>2026-07-05T01:54:27Z</time>
   </trkpt>
   <trkpt lat="12.9333130" lon="77.5313070">
    <ele>820.6</ele>
    <time>2026-07-05T01:54:28Z</time>
   </trkpt>
   <trkpt lat="12.9333370" lon="77.5313100">
    <ele>820.6</ele>
    <time>2026-07-05T01:54:29Z</time>
   </trkpt>
   <trkpt lat="12.9333610" lon="77.5313170">
    <ele>820.7</ele>
    <time>2026-07-05T01:54:30Z</time>
   </trkpt>
   <trkpt lat="12.9333860" lon="77.5313170">
    <ele>820.7</ele>
    <time>2026-07-05T01:54:31Z</time>
   </trkpt>
   <trkpt lat="12.9334110" lon="77.5313160">
    <ele>820.7</ele>
    <time>2026-07-05T01:54:32Z</time>
   </trkpt>
   <trkpt lat="12.9334350" lon="77.5313160">
    <ele>820.8</ele>
    <time>2026-07-05T01:54:33Z</time>
   </trkpt>
   <trkpt lat="12.9334580" lon="77.5313150">
    <ele>820.8</ele>
    <time>2026-07-05T01:54:34Z</time>
   </trkpt>
   <trkpt lat="12.9334820" lon="77.5313120">
    <ele>820.9</ele>
    <time>2026-07-05T01:54:35Z</time>
   </trkpt>
   <trkpt lat="12.9335040" lon="77.5313080">
    <ele>820.9</ele>
    <time>2026-07-05T01:54:36Z</time>
   </trkpt>
   <trkpt lat="12.9335330" lon="77.5313020">
    <ele>821.0</ele>
    <time>2026-07-05T01:54:37Z</time>
   </trkpt>
   <trkpt lat="12.9335580" lon="77.5312970">
    <ele>821.0</ele>
    <time>2026-07-05T01:54:38Z</time>
   </trkpt>
   <trkpt lat="12.9335810" lon="77.5312920">
    <ele>821.1</ele>
    <time>2026-07-05T01:54:39Z</time>
   </trkpt>
   <trkpt lat="12.9336070" lon="77.5312900">
    <ele>821.1</ele>
    <time>2026-07-05T01:54:40Z</time>
   </trkpt>
   <trkpt lat="12.9336290" lon="77.5312860">
    <ele>821.2</ele>
    <time>2026-07-05T01:54:41Z</time>
   </trkpt>
   <trkpt lat="12.9336490" lon="77.5312830">
    <ele>821.2</ele>
    <time>2026-07-05T01:54:42Z</time>
   </trkpt>
   <trkpt lat="12.9336700" lon="77.5312810">
    <ele>821.2</ele>
    <time>2026-07-05T01:54:43Z</time>
   </trkpt>
   <trkpt lat="12.9336950" lon="77.5312770">
    <ele>821.3</ele>
    <time>2026-07-05T01:54:44Z</time>
   </trkpt>
   <trkpt lat="12.9337200" lon="77.5312740">
    <ele>821.3</ele>
    <time>2026-07-05T01:54:45Z</time>
   </trkpt>
   <trkpt lat="12.9337430" lon="77.5312700">
    <ele>821.4</ele>
    <time>2026-07-05T01:54:46Z</time>
   </trkpt>
   <trkpt lat="12.9337680" lon="77.5312670">
    <ele>821.4</ele>
    <time>2026-07-05T01:54:47Z</time>
   </trkpt>
   <trkpt lat="12.9337890" lon="77.5312630">
    <ele>821.5</ele>
    <time>2026-07-05T01:54:48Z</time>
   </trkpt>
   <trkpt lat="12.9338160" lon="77.5312620">
    <ele>821.5</ele>
    <time>2026-07-05T01:54:49Z</time>
   </trkpt>
   <trkpt lat="12.9338440" lon="77.5312630">
    <ele>821.6</ele>
    <time>2026-07-05T01:54:50Z</time>
   </trkpt>
   <trkpt lat="12.9338700" lon="77.5312630">
    <ele>821.6</ele>
    <time>2026-07-05T01:54:51Z</time>
   </trkpt>
   <trkpt lat="12.9338950" lon="77.5312670">
    <ele>821.7</ele>
    <time>2026-07-05T01:54:52Z</time>
   </trkpt>
   <trkpt lat="12.9339170" lon="77.5312670">
    <ele>821.7</ele>
    <time>2026-07-05T01:54:53Z</time>
   </trkpt>
   <trkpt lat="12.9339410" lon="77.5312710">
    <ele>821.8</ele>
    <time>2026-07-05T01:54:54Z</time>
   </trkpt>
   <trkpt lat="12.9339640" lon="77.5312730">
    <ele>821.8</ele>
    <time>2026-07-05T01:54:55Z</time>
   </trkpt>
   <trkpt lat="12.9339820" lon="77.5312750">
    <ele>821.9</ele>
    <time>2026-07-05T01:54:56Z</time>
   </trkpt>
   <trkpt lat="12.9340030" lon="77.5312760">
    <ele>821.9</ele>
    <time>2026-07-05T01:54:57Z</time>
   </trkpt>
   <trkpt lat="12.9340220" lon="77.5312730">
    <ele>822.0</ele>
    <time>2026-07-05T01:54:58Z</time>
   </trkpt>
   <trkpt lat="12.9340420" lon="77.5312720">
    <ele>822.0</ele>
    <time>2026-07-05T01:54:59Z</time>
   </trkpt>
   <trkpt lat="12.9340660" lon="77.5312690">
    <ele>822.1</ele>
    <time>2026-07-05T01:55:00Z</time>
   </trkpt>
   <trkpt lat="12.9340850" lon="77.5312690">
    <ele>822.1</ele>
    <time>2026-07-05T01:55:01Z</time>
   </trkpt>
   <trkpt lat="12.9341000" lon="77.5312690">
    <ele>822.2</ele>
    <time>2026-07-05T01:55:02Z</time>
   </trkpt>
   <trkpt lat="12.9341140" lon="77.5312730">
    <ele>822.2</ele>
    <time>2026-07-05T01:55:03Z</time>
   </trkpt>
   <trkpt lat="12.9341280" lon="77.5312760">
    <ele>822.2</ele>
    <time>2026-07-05T01:55:04Z</time>
   </trkpt>
   <trkpt lat="12.9341400" lon="77.5312780">
    <ele>822.3</ele>
    <time>2026-07-05T01:55:05Z</time>
   </trkpt>
   <trkpt lat="12.9341530" lon="77.5312750">
    <ele>822.3</ele>
    <time>2026-07-05T01:55:06Z</time>
   </trkpt>
   <trkpt lat="12.9341630" lon="77.5312690">
    <ele>822.3</ele>
    <time>2026-07-05T01:55:07Z</time>
   </trkpt>
   <trkpt lat="12.9341740" lon="77.5312670">
    <ele>822.3</ele>
    <time>2026-07-05T01:55:08Z</time>
   </trkpt>
   <trkpt lat="12.9341880" lon="77.5312690">
    <ele>822.4</ele>
    <time>2026-07-05T01:55:09Z</time>
   </trkpt>
   <trkpt lat="12.9342020" lon="77.5312710">
    <ele>822.4</ele>
    <time>2026-07-05T01:55:10Z</time>
   </trkpt>
   <trkpt lat="12.9342180" lon="77.5312700">
    <ele>822.4</ele>
    <time>2026-07-05T01:55:11Z</time>
   </trkpt>
   <trkpt lat="12.9342330" lon="77.5312680">
    <ele>822.5</ele>
    <time>2026-07-05T01:55:12Z</time>
   </trkpt>
   <trkpt lat="12.9342480" lon="77.5312650">
    <ele>822.5</ele>
    <time>2026-07-05T01:55:13Z</time>
   </trkpt>
   <trkpt lat="12.9342610" lon="77.5312600">
    <ele>822.5</ele>
    <time>2026-07-05T01:55:14Z</time>
   </trkpt>
   <trkpt lat="12.9342740" lon="77.5312530">
    <ele>822.6</ele>
    <time>2026-07-05T01:55:15Z</time>
   </trkpt>
   <trkpt lat="12.9342870" lon="77.5312480">
    <ele>822.6</ele>
    <time>2026-07-05T01:55:16Z</time>
   </trkpt>
   <trkpt lat="12.9343040" lon="77.5312470">
    <ele>822.7</ele>
    <time>2026-07-05T01:55:17Z</time>
   </trkpt>
   <trkpt lat="12.9343200" lon="77.5312540">
    <ele>822.7</ele>
    <time>2026-07-05T01:55:18Z</time>
   </trkpt>
   <trkpt lat="12.9343410" lon="77.5312580">
    <ele>822.8</ele>
    <time>2026-07-05T01:55:19Z</time>
   </trkpt>
   <trkpt lat="12.9343640" lon="77.5312600">
    <ele>822.8</ele>
    <time>2026-07-05T01:55:20Z</time>
   </trkpt>
   <trkpt lat="12.9343890" lon="77.5312600">
    <ele>822.9</ele>
    <time>2026-07-05T01:55:21Z</time>
   </trkpt>
   <trkpt lat="12.9344130" lon="77.5312580">
    <ele>823.0</ele>
    <time>2026-07-05T01:55:22Z</time>
   </trkpt>
   <trkpt lat="12.9344360" lon="77.5312530">
    <ele>823.0</ele>
    <time>2026-07-05T01:55:23Z</time>
   </trkpt>
   <trkpt lat="12.9344580" lon="77.5312490">
    <ele>823.1</ele>
    <time>2026-07-05T01:55:24Z</time>
   </trkpt>
   <trkpt lat="12.9344770" lon="77.5312410">
    <ele>823.1</ele>
    <time>2026-07-05T01:55:25Z</time>
   </trkpt>
   <trkpt lat="12.9344930" lon="77.5312360">
    <ele>823.2</ele>
    <time>2026-07-05T01:55:26Z</time>
   </trkpt>
   <trkpt lat="12.9345040" lon="77.5312310">
    <ele>823.2</ele>
    <time>2026-07-05T01:55:27Z</time>
   </trkpt>
   <trkpt lat="12.9345150" lon="77.5312230">
    <ele>823.3</ele>
    <time>2026-07-05T01:55:28Z</time>
   </trkpt>
   <trkpt lat="12.9345250" lon="77.5312190">
    <ele>823.3</ele>
    <time>2026-07-05T01:55:29Z</time>
   </trkpt>
   <trkpt lat="12.9345330" lon="77.5312150">
    <ele>823.3</ele>
    <time>2026-07-05T01:55:30Z</time>
   </trkpt>
   <trkpt lat="12.9345420" lon="77.5312110">
    <ele>823.3</ele>
    <time>2026-07-05T01:55:31Z</time>
   </trkpt>
   <trkpt lat="12.9345550" lon="77.5312100">
    <ele>823.4</ele>
    <time>2026-07-05T01:55:32Z</time>
   </trkpt>
   <trkpt lat="12.9345730" lon="77.5312110">
    <ele>823.4</ele>
    <time>2026-07-05T01:55:33Z</time>
   </trkpt>
   <trkpt lat="12.9345860" lon="77.5312210">
    <ele>823.4</ele>
    <time>2026-07-05T01:55:34Z</time>
   </trkpt>
   <trkpt lat="12.9345960" lon="77.5312290">
    <ele>823.5</ele>
    <time>2026-07-05T01:55:35Z</time>
   </trkpt>
   <trkpt lat="12.9346100" lon="77.5312270">
    <ele>823.5</ele>
    <time>2026-07-05T01:55:36Z</time>
   </trkpt>
   <trkpt lat="12.9346260" lon="77.5312290">
    <ele>823.6</ele>
    <time>2026-07-05T01:55:37Z</time>
   </trkpt>
   <trkpt lat="12.9346390" lon="77.5312350">
    <ele>823.6</ele>
    <time>2026-07-05T01:55:38Z</time>
   </trkpt>
   <trkpt lat="12.9346550" lon="77.5312320">
    <ele>823.6</ele>
    <time>2026-07-05T01:55:39Z</time>
   </trkpt>
   <trkpt lat="12.9346700" lon="77.5312270">
    <ele>823.7</ele>
    <time>2026-07-05T01:55:40Z</time>
   </trkpt>
   <trkpt lat="12.9346850" lon="77.5312250">
    <ele>823.7</ele>
    <time>2026-07-05T01:55:41Z</time>
   </trkpt>
   <trkpt lat="12.9346990" lon="77.5312220">
    <ele>823.8</ele>
    <time>2026-07-05T01:55:42Z</time>
   </trkpt>
   <trkpt lat="12.9347120" lon="77.5312190">
    <ele>823.8</ele>
    <time>2026-07-05T01:55:43Z</time>
   </trkpt>
   <trkpt lat="12.9347290" lon="77.5312150">
    <ele>823.8</ele>
    <time>2026-07-05T01:55:44Z</time>
   </trkpt>
   <trkpt lat="12.9347440" lon="77.5312120">
    <ele>823.9</ele>
    <time>2026-07-05T01:55:45Z</time>
   </trkpt>
   <trkpt lat="12.9347570" lon="77.5312100">
    <ele>824.0</ele>
    <time>2026-07-05T01:55:46Z</time>
   </trkpt>
   <trkpt lat="12.9347700" lon="77.5312090">
    <ele>824.0</ele>
    <time>2026-07-05T01:55:47Z</time>
   </trkpt>
   <trkpt lat="12.9347830" lon="77.5312120">
    <ele>824.1</ele>
    <time>2026-07-05T01:55:48Z</time>
   </trkpt>
   <trkpt lat="12.9347940" lon="77.5312150">
    <ele>824.1</ele>
    <time>2026-07-05T01:55:49Z</time>
   </trkpt>
   <trkpt lat="12.9348060" lon="77.5312160">
    <ele>824.1</ele>
    <time>2026-07-05T01:55:50Z</time>
   </trkpt>
   <trkpt lat="12.9348190" lon="77.5312060">
    <ele>824.2</ele>
    <time>2026-07-05T01:55:51Z</time>
   </trkpt>
  </trkseg>
 </trk>
</gpx>
