<?xml version="1.0" encoding="UTF-8"?>
<gpx creator="StravaGPX" version="1.1" xmlns="http://www.topografix.com/GPX/1/1" xmlns:xsi="http://www.w3.org/2001/XMLSchema-instance" xsi:schemaLocation="http://www.topografix.com/GPX/1/1 http://www.topografix.com/GPX/1/1/gpx.xsd http://www.garmin.com/xmlschemas/GpxExtensions/v3 http://www.garmin.com/xmlschemas/GpxExtensionsv3.xsd http://www.garmin.com/xmlschemas/TrackPointExtension/v1 http://www.garmin.com/xmlschemas/TrackPointExtensionv1.xsd" xmlns:gpxtpx="http://www.garmin.com/xmlschemas/TrackPointExtension/v1" xmlns:gpxx="http://www.garmin.com/xmlschemas/GpxExtensions/v3">
 <metadata>
  <time>2026-08-14T01:16:45Z</time>
 </metadata>
 <trk>
  <name>Morning Run</name>
  <type>running</type>
  <trkseg>
   <trkpt lat="12.9224760" lon="77.5199460">
    <ele>839.6</ele>
    <time>2026-08-14T01:16:45Z</time>
    <extensions>
     <gpxtpx:TrackPointExtension>
      <gpxtpx:atemp>28</gpxtpx:atemp>
      <gpxtpx:hr>95</gpxtpx:hr>
      <gpxtpx:cad>51</gpxtpx:cad>
     </gpxtpx:TrackPointExtension>
    </extensions>
   </trkpt>
   <trkpt lat="12.9224720" lon="77.5199600">
    <ele>839.6</ele>
    <time>2026-08-14T01:16:46Z</time>
    <extensions>
     <gpxtpx:TrackPointExtension>
      <gpxtpx:atemp>28</gpxtpx:atemp>
      <gpxtpx:hr>96</gpxtpx:hr>
      <gpxtpx:cad>51</gpxtpx:cad>
     </gpxtpx:TrackPointExtension>
    </extensions>
   </trkpt>
   <trkpt lat="12.9224470" lon="77.5200440">
    <ele>839.6</ele>
    <time>2026-08-14T01:16:49Z</time>
    <extensions>
     <gpxtpx:TrackPointExtension>
      <gpxtpx:atemp>28</gpxtpx:atemp>
      <gpxtpx:hr>96</gpxtpx:hr>
      <gpxtpx:cad>103</gpxtpx:cad>
     </gpxtpx:TrackPointExtension>
    </extensions>
   </trkpt>
   <trkpt lat="12.9224710" lon="77.5200720">
    <ele>839.6</ele>
    <time>2026-08-14T01:16:51Z</time>
    <extensions>
     <gpxtpx:TrackPointExtension>
      <gpxtpx:atemp>28</gpxtpx:atemp>
      <gpxtpx:hr>97</gpxtpx:hr>
      <gpxtpx:cad>86</gpxtpx:cad>
     </gpxtpx:TrackPointExtension>
    </extensions>
   </trkpt>
   <trkpt lat="12.9224950" lon="77.5201000">
    <ele>839.8</ele>
    <time>2026-08-14T01:16:53Z</time>
    <extensions>
     <gpxtpx:TrackPointExtension>
      <gpxtpx:atemp>28</gpxtpx:atemp>
      <gpxtpx:hr>97</gpxtpx:hr>
      <gpxtpx:cad>87</gpxtpx:cad>
     </gpxtpx:TrackPointExtension>
    </extensions>
   </trkpt>
   <trkpt lat="12.9224940" lon="77.5201350">
    <ele>840.2</ele>
    <time>2026-08-14T01:16:55Z</time>
    <extensions>
     <gpxtpx:TrackPointExtension>
      <gpxtpx:atemp>28</gpxtpx:atemp>
      <gpxtpx:hr>98</gpxtpx:hr>
      <gpxtpx:cad>86</gpxtpx:cad>
     </gpxtpx:TrackPointExtension>
    </extensions>
   </trkpt>
   <trkpt lat="12.9224880" lon="77.5201950">
    <ele>840.6</ele>
    <time>2026-08-14T01:16:57Z</time>
    <extensions>
     <gpxtpx:TrackPointExtension>
      <gpxtpx:atemp>28</gpxtpx:atemp>
      <gpxtpx:hr>102</gpxtpx:hr>
      <gpxtpx:cad>86</gpxtpx:cad>
     </gpxtpx:TrackPointExtension>
    </extensions>
   </trkpt>
   <trkpt lat="12.9224830" lon="77.5202190">
    <ele>840.8</ele>
    <time>2026-08-14T01:16:58Z</time>
    <extensions>
     <gpxtpx:TrackPointExtension>
      <gpxtpx:atemp>28</gpxtpx:atemp>
      <gpxtpx:hr>105</gpxtpx:hr>
      <gpxtpx:cad>86</gpxtpx:cad>
     </gpxtpx:TrackPointExtension>
    </extensions>
   </trkpt>
   <trkpt lat="12.9224790" lon="77.5202430">
    <ele>841.0</ele>
    <time>2026-08-14T01:16:59Z</time>
    <extensions>
     <gpxtpx:TrackPointExtension>
      <gpxtpx:atemp>28</gpxtpx:atemp>
      <gpxtpx:hr>109</gpxtpx:hr>
      <gpxtpx:cad>87</gpxtpx:cad>
     </gpxtpx:TrackPointExtension>
    </extensions>
   </trkpt>
   <trkpt lat="12.9224680" lon="77.5202940">
    <ele>841.4</ele>
    <time>2026-08-14T01:17:01Z</time>
    <extensions>
     <gpxtpx:TrackPointExtension>
      <gpxtpx:atemp>28</gpxtpx:atemp>
      <gpxtpx:hr>113</gpxtpx:hr>
      <gpxtpx:cad>86</gpxtpx:cad>
     </gpxtpx:TrackPointExtension>
    </extensions>
   </trkpt>
   <trkpt lat="12.9224630" lon="77.5203500">
    <ele>841.8</ele>
    <time>2026-08-14T01:17:03Z</time>
    <extensions>
     <gpxtpx:TrackPointExtension>
      <gpxtpx:atemp>28</gpxtpx:atemp>
      <gpxtpx:hr>117</gpxtpx:hr>
      <gpxtpx:cad>86</gpxtpx:cad>
     </gpxtpx:TrackPointExtension>
    </extensions>
   </trkpt>
   <trkpt lat="12.9224680" lon="77.5204130">
    <ele>842.4</ele>
    <time>2026-08-14T01:17:05Z</time>
    <extensions>
     <gpxtpx:TrackPointExtension>
      <gpxtpx:atemp>28</gpxtpx:atemp>
      <gpxtpx:hr>118</gpxtpx:hr>
      <gpxtpx:cad>85</gpxtpx:cad>
     </gpxtpx:TrackPointExtension>
    </extensions>
   </trkpt>
   <trkpt lat="12.9224730" lon="77.5204420">
    <ele>842.6</ele>
    <time>2026-08-14T01:17:06Z</time>
    <extensions>
     <gpxtpx:TrackPointExtension>
      <gpxtpx:atemp>28</gpxtpx:atemp>
      <gpxtpx:hr>121</gpxtpx:hr>
      <gpxtpx:cad>85</gpxtpx:cad>
     </gpxtpx:TrackPointExtension>
    </extensions>
   </trkpt>
   <trkpt lat="12.9224800" lon="77.5204950">
    <ele>842.8</ele>
    <time>2026-08-14T01:17:08Z</time>
    <extensions>
     <gpxtpx:TrackPointExtension>
      <gpxtpx:atemp>28</gpxtpx:atemp>
      <gpxtpx:hr>124</gpxtpx:hr>
      <gpxtpx:cad>85</gpxtpx:cad>
     </gpxtpx:TrackPointExtension>
    </extensions>
   </trkpt>
   <trkpt lat="12.9224810" lon="77.5205160">
    <ele>843.0</ele>
    <time>2026-08-14T01:17:09Z</time>
    <extensions>
     <gpxtpx:TrackPointExtension>
      <gpxtpx:atemp>27</gpxtpx:atemp>
      <gpxtpx:hr>124</gpxtpx:hr>
      <gpxtpx:cad>86</gpxtpx:cad>
     </gpxtpx:TrackPointExtension>
    </extensions>
   </trkpt>
   <trkpt lat="12.9224720" lon="77.5205430">
    <ele>843.2</ele>
    <time>2026-08-14T01:17:11Z</time>
    <extensions>
     <gpxtpx:TrackPointExtension>
      <gpxtpx:atemp>28</gpxtpx:atemp>
      <gpxtpx:hr>126</gpxtpx:hr>
      <gpxtpx:cad>86</gpxtpx:cad>
     </gpxtpx:TrackPointExtension>
    </extensions>
   </trkpt>
   <trkpt lat="12.9225000" lon="77.5205900">
    <ele>843.4</ele>
    <time>2026-08-14T01:17:16Z</time>
    <extensions>
     <gpxtpx:TrackPointExtension>
      <gpxtpx:atemp>28</gpxtpx:atemp>
      <gpxtpx:hr>129</gpxtpx:hr>
      <gpxtpx:cad>84</gpxtpx:cad>
     </gpxtpx:TrackPointExtension>
    </extensions>
   </trkpt>
   <trkpt lat="12.9225150" lon="77.5206000">
    <ele>843.6</ele>
    <time>2026-08-14T01:17:17Z</time>
    <extensions>
     <gpxtpx:TrackPointExtension>
      <gpxtpx:atemp>27</gpxtpx:atemp>
      <gpxtpx:hr>130</gpxtpx:hr>
      <gpxtpx:cad>85</gpxtpx:cad>
     </gpxtpx:TrackPointExtension>
    </extensions>
   </trkpt>
   <trkpt lat="12.9226710" lon="77.5207100">
    <ele>843.8</ele>
    <time>2026-08-14T01:17:22Z</time>
    <extensions>
     <gpxtpx:TrackPointExtension>
      <gpxtpx:atemp>27</gpxtpx:atemp>
      <gpxtpx:hr>133</gpxtpx:hr>
      <gpxtpx:cad>86</gpxtpx:cad>
     </gpxtpx:TrackPointExtension>
    </extensions>
   </trkpt>
   <trkpt lat="12.9227750" lon="77.5208200">
    <ele>844.2</ele>
    <time>2026-08-14T01:17:26Z</time>
    <extensions>
     <gpxtpx:TrackPointExtension>
      <gpxtpx:atemp>27</gpxtpx:atemp>
      <gpxtpx:hr>134</gpxtpx:hr>
      <gpxtpx:cad>86</gpxtpx:cad>
     </gpxtpx:TrackPointExtension>
    </extensions>
   </trkpt>
   <trkpt lat="12.9228180" lon="77.5208620">
    <ele>844.4</ele>
    <time>2026-08-14T01:17:28Z</time>
    <extensions>
     <gpxtpx:TrackPointExtension>
      <gpxtpx:atemp>27</gpxtpx:atemp>
      <gpxtpx:hr>134</gpxtpx:hr>
      <gpxtpx:cad>85</gpxtpx:cad>
     </gpxtpx:TrackPointExtension>
    </extensions>
   </trkpt>
   <trkpt lat="12.9229050" lon="77.5209140">
    <ele>844.6</ele>
    <time>2026-08-14T01:17:31Z</time>
    <extensions>
     <gpxtpx:TrackPointExtension>
      <gpxtpx:atemp>27</gpxtpx:atemp>
      <gpxtpx:hr>137</gpxtpx:hr>
      <gpxtpx:cad>85</gpxtpx:cad>
     </gpxtpx:TrackPointExtension>
    </extensions>
   </trkpt>
   <trkpt lat="12.9229660" lon="77.5209550">
    <ele>845.0</ele>
    <time>2026-08-14T01:17:33Z</time>
    <extensions>
     <gpxtpx:TrackPointExtension>
      <gpxtpx:atemp>27</gpxtpx:atemp>
      <gpxtpx:hr>138</gpxtpx:hr>
      <gpxtpx:cad>85</gpxtpx:cad>
     </gpxtpx:TrackPointExtension>
    </extensions>
   </trkpt>
   <trkpt lat="12.9229980" lon="77.5209780">
    <ele>845.2</ele>
    <time>2026-08-14T01:17:34Z</time>
    <extensions>
     <gpxtpx:TrackPointExtension>
      <gpxtpx:atemp>27</gpxtpx:atemp>
      <gpxtpx:hr>138</gpxtpx:hr>
      <gpxtpx:cad>85</gpxtpx:cad>
     </gpxtpx:TrackPointExtension>
    </extensions>
   </trkpt>
   <trkpt lat="12.9231600" lon="77.5210020">
    <ele>846.4</ele>
    <time>2026-08-14T01:17:39Z</time>
    <extensions>
     <gpxtpx:TrackPointExtension>
      <gpxtpx:atemp>27</gpxtpx:atemp>
      <gpxtpx:hr>138</gpxtpx:hr>
      <gpxtpx:cad>84</gpxtpx:cad>
     </gpxtpx:TrackPointExtension>
    </extensions>
   </trkpt>
   <trkpt lat="12.9232270" lon="77.5210230">
    <ele>846.6</ele>
    <time>2026-08-14T01:17:41Z</time>
    <extensions>
     <gpxtpx:TrackPointExtension>
      <gpxtpx:atemp>27</gpxtpx:atemp>
      <gpxtpx:hr>137</gpxtpx:hr>
      <gpxtpx:cad>83</gpxtpx:cad>
     </gpxtpx:TrackPointExtension>
    </extensions>
   </trkpt>
   <trkpt lat="12.9232790" lon="77.5210630">
    <ele>847.0</ele>
    <time>2026-08-14T01:17:43Z</time>
    <extensions>
     <gpxtpx:TrackPointExtension>
      <gpxtpx:atemp>27</gpxtpx:atemp>
      <gpxtpx:hr>140</gpxtpx:hr>
      <gpxtpx:cad>84</gpxtpx:cad>
     </gpxtpx:TrackPointExtension>
    </extensions>
   </trkpt>
   <trkpt lat="12.9232970" lon="77.5210810">
    <ele>847.0</ele>
    <time>2026-08-14T01:17:44Z</time>
    <extensions>
     <gpxtpx:TrackPointExtension>
      <gpxtpx:atemp>27</gpxtpx:atemp>
      <gpxtpx:hr>139</gpxtpx:hr>
      <gpxtpx:cad>85</gpxtpx:cad>
     </gpxtpx:TrackPointExtension>
    </extensions>
   </trkpt>
   <trkpt lat="12.9233290" lon="77.5211130">
    <ele>847.4</ele>
    <time>2026-08-14T01:17:46Z</time>
    <extensions>
     <gpxtpx:TrackPointExtension>
      <gpxtpx:atemp>27</gpxtpx:atemp>
      <gpxtpx:hr>138</gpxtpx:hr>
      <gpxtpx:cad>84</gpxtpx:cad>
     </gpxtpx:TrackPointExtension>
    </extensions>
   </trkpt>
   <trkpt lat="12.9233710" lon="77.5211250">
    <ele>848.0</ele>
    <time>2026-08-14T01:17:48Z</time>
    <extensions>
     <gpxtpx:TrackPointExtension>
      <gpxtpx:atemp>27</gpxtpx:atemp>
      <gpxtpx:hr>138</gpxtpx:hr>
      <gpxtpx:cad>83</gpxtpx:cad>
     </gpxtpx:TrackPointExtension>
    </extensions>
   </trkpt>
   <trkpt lat="12.9235450" lon="77.5212100">
    <ele>848.4</ele>
    <time>2026-08-14T01:17:54Z</time>
    <extensions>
     <gpxtpx:TrackPointExtension>
      <gpxtpx:atemp>27</gpxtpx:atemp>
      <gpxtpx:hr>136</gpxtpx:hr>
      <gpxtpx:cad>85</gpxtpx:cad>
     </gpxtpx:TrackPointExtension>
    </extensions>
   </trkpt>
   <trkpt lat="12.9235750" lon="77.5212170">
    <ele>848.6</ele>
    <time>2026-08-14T01:17:55Z</time>
    <extensions>
     <gpxtpx:TrackPointExtension>
      <gpxtpx:atemp>27</gpxtpx:atemp>
      <gpxtpx:hr>137</gpxtpx:hr>
      <gpxtpx:cad>85</gpxtpx:cad>
     </gpxtpx:TrackPointExtension>
    </extensions>
   </trkpt>
   <trkpt lat="12.9237020" lon="77.5212640">
    <ele>849.2</ele>
    <time>2026-08-14T01:18:00Z</time>
    <extensions>
     <gpxtpx:TrackPointExtension>
      <gpxtpx:atemp>27</gpxtpx:atemp>
      <gpxtpx:hr>137</gpxtpx:hr>
      <gpxtpx:cad>84</gpxtpx:cad>
     </gpxtpx:TrackPointExtension>
    </extensions>
   </trkpt>
   <trkpt lat="12.9237910" lon="77.5213140">
    <ele>849.6</ele>
    <time>2026-08-14T01:18:04Z</time>
    <extensions>
     <gpxtpx:TrackPointExtension>
      <gpxtpx:atemp>27</gpxtpx:atemp>
      <gpxtpx:hr>136</gpxtpx:hr>
      <gpxtpx:cad>84</gpxtpx:cad>
     </gpxtpx:TrackPointExtension>
    </extensions>
   </trkpt>
   <trkpt lat="12.9238170" lon="77.5213370">
    <ele>849.6</ele>
    <time>2026-08-14T01:18:06Z</time>
    <extensions>
     <gpxtpx:TrackPointExtension>
      <gpxtpx:atemp>27</gpxtpx:atemp>
      <gpxtpx:hr>134</gpxtpx:hr>
      <gpxtpx:cad>81</gpxtpx:cad>
     </gpxtpx:TrackPointExtension>
    </extensions>
   </trkpt>
   <trkpt lat="12.9239170" lon="77.5214020">
    <ele>850.0</ele>
    <time>2026-08-14T01:18:11Z</time>
    <extensions>
     <gpxtpx:TrackPointExtension>
      <gpxtpx:atemp>27</gpxtpx:atemp>
      <gpxtpx:hr>135</gpxtpx:hr>
      <gpxtpx:cad>83</gpxtpx:cad>
     </gpxtpx:TrackPointExtension>
    </extensions>
   </trkpt>
   <trkpt lat="12.9239560" lon="77.5214300">
    <ele>850.2</ele>
    <time>2026-08-14T01:18:13Z</time>
    <extensions>
     <gpxtpx:TrackPointExtension>
      <gpxtpx:atemp>27</gpxtpx:atemp>
      <gpxtpx:hr>138</gpxtpx:hr>
      <gpxtpx:cad>83</gpxtpx:cad>
     </gpxtpx:TrackPointExtension>
    </extensions>
   </trkpt>
   <trkpt lat="12.9239820" lon="77.5214360">
    <ele>850.2</ele>
    <time>2026-08-14T01:18:15Z</time>
    <extensions>
     <gpxtpx:TrackPointExtension>
      <gpxtpx:atemp>27</gpxtpx:atemp>
      <gpxtpx:hr>138</gpxtpx:hr>
      <gpxtpx:cad>85</gpxtpx:cad>
     </gpxtpx:TrackPointExtension>
    </extensions>
   </trkpt>
   <trkpt lat="12.9239950" lon="77.5214340">
    <ele>850.4</ele>
    <time>2026-08-14T01:18:16Z</time>
    <extensions>
     <gpxtpx:TrackPointExtension>
      <gpxtpx:atemp>27</gpxtpx:atemp>
      <gpxtpx:hr>139</gpxtpx:hr>
      <gpxtpx:cad>85</gpxtpx:cad>
     </gpxtpx:TrackPointExtension>
    </extensions>
   </trkpt>
   <trkpt lat="12.9240130" lon="77.5214440">
    <ele>850.4</ele>
    <time>2026-08-14T01:18:17Z</time>
    <extensions>
     <gpxtpx:TrackPointExtension>
      <gpxtpx:atemp>27</gpxtpx:atemp>
      <gpxtpx:hr>139</gpxtpx:hr>
      <gpxtpx:cad>85</gpxtpx:cad>
     </gpxtpx:TrackPointExtension>
    </extensions>
   </trkpt>
   <trkpt lat="12.9240900" lon="77.5214930">
    <ele>850.6</ele>
    <time>2026-08-14T01:18:20Z</time>
    <extensions>
     <gpxtpx:TrackPointExtension>
      <gpxtpx:atemp>27</gpxtpx:atemp>
      <gpxtpx:hr>142</gpxtpx:hr>
      <gpxtpx:cad>85</gpxtpx:cad>
     </gpxtpx:TrackPointExtension>
    </extensions>
   </trkpt>
   <trkpt lat="12.9242620" lon="77.5215330">
    <ele>850.6</ele>
    <time>2026-08-14T01:18:26Z</time>
    <extensions>
     <gpxtpx:TrackPointExtension>
      <gpxtpx:atemp>27</gpxtpx:atemp>
      <gpxtpx:hr>141</gpxtpx:hr>
      <gpxtpx:cad>83</gpxtpx:cad>
     </gpxtpx:TrackPointExtension>
    </extensions>
   </trkpt>
   <trkpt lat="12.9242870" lon="77.5215400">
    <ele>850.6</ele>
    <time>2026-08-14T01:18:27Z</time>
    <extensions>
     <gpxtpx:TrackPointExtension>
      <gpxtpx:atemp>27</gpxtpx:atemp>
      <gpxtpx:hr>142</gpxtpx:hr>
      <gpxtpx:cad>83</gpxtpx:cad>
     </gpxtpx:TrackPointExtension>
    </extensions>
   </trkpt>
   <trkpt lat="12.9243580" lon="77.5215870">
    <ele>851.0</ele>
    <time>2026-08-14T01:18:31Z</time>
    <extensions>
     <gpxtpx:TrackPointExtension>
      <gpxtpx:atemp>27</gpxtpx:atemp>
      <gpxtpx:hr>144</gpxtpx:hr>
      <gpxtpx:cad>83</gpxtpx:cad>
     </gpxtpx:TrackPointExtension>
    </extensions>
   </trkpt>
   <trkpt lat="12.9243670" lon="77.5215990">
    <ele>851.0</ele>
    <time>2026-08-14T01:18:32Z</time>
    <extensions>
     <gpxtpx:TrackPointExtension>
      <gpxtpx:atemp>27</gpxtpx:atemp>
      <gpxtpx:hr>145</gpxtpx:hr>
      <gpxtpx:cad>84</gpxtpx:cad>
     </gpxtpx:TrackPointExtension>
    </extensions>
   </trkpt>
   <trkpt lat="12.9243670" lon="77.5216140">
    <ele>851.0</ele>
    <time>2026-08-14T01:18:33Z</time>
    <extensions>
     <gpxtpx:TrackPointExtension>
      <gpxtpx:atemp>27</gpxtpx:atemp>
      <gpxtpx:hr>143</gpxtpx:hr>
      <gpxtpx:cad>84</gpxtpx:cad>
     </gpxtpx:TrackPointExtension>
    </extensions>
   </trkpt>
   <trkpt lat="12.9244290" lon="77.5216200">
    <ele>851.0</ele>
    <time>2026-08-14T01:18:36Z</time>
    <extensions>
     <gpxtpx:TrackPointExtension>
      <gpxtpx:atemp>27</gpxtpx:atemp>
      <gpxtpx:hr>145</gpxtpx:hr>
      <gpxtpx:cad>84</gpxtpx:cad>
     </gpxtpx:TrackPointExtension>
    </extensions>
   </trkpt>
   <trkpt lat="12.9245560" lon="77.5216480">
    <ele>851.0</ele>
    <time>2026-08-14T01:18:40Z</time>
    <extensions>
     <gpxtpx:TrackPointExtension>
      <gpxtpx:atemp>27</gpxtpx:atemp>
      <gpxtpx:hr>145</gpxtpx:hr>
      <gpxtpx:cad>84</gpxtpx:cad>
     </gpxtpx:TrackPointExtension>
    </extensions>
   </trkpt>
   <trkpt lat="12.9246050" lon="77.5216830">
    <ele>851.0</ele>
    <time>2026-08-14T01:18:42Z</time>
    <extensions>
     <gpxtpx:TrackPointExtension>
      <gpxtpx:atemp>27</gpxtpx:atemp>
      <gpxtpx:hr>145</gpxtpx:hr>
      <gpxtpx:cad>84</gpxtpx:cad>
     </gpxtpx:TrackPointExtension>
    </extensions>
   </trkpt>
   <trkpt lat="12.9246480" lon="77.5216970">
    <ele>850.8</ele>
    <time>2026-08-14T01:18:44Z</time>
    <extensions>
     <gpxtpx:TrackPointExtension>
      <gpxtpx:atemp>27</gpxtpx:atemp>
      <gpxtpx:hr>145</gpxtpx:hr>
      <gpxtpx:cad>82</gpxtpx:cad>
     </gpxtpx:TrackPointExtension>
    </extensions>
   </trkpt>
   <trkpt lat="12.9246720" lon="77.5216990">
    <ele>850.8</ele>
    <time>2026-08-14T01:18:45Z</time>
    <extensions>
     <gpxtpx:TrackPointExtension>
      <gpxtpx:atemp>27</gpxtpx:atemp>
      <gpxtpx:hr>145</gpxtpx:hr>
      <gpxtpx:cad>82</gpxtpx:cad>
     </gpxtpx:TrackPointExtension>
    </extensions>
   </trkpt>
   <trkpt lat="12.9247110" lon="77.5217030">
    <ele>850.8</ele>
    <time>2026-08-14T01:18:47Z</time>
    <extensions>
     <gpxtpx:TrackPointExtension>
      <gpxtpx:atemp>27</gpxtpx:atemp>
      <gpxtpx:hr>145</gpxtpx:hr>
      <gpxtpx:cad>83</gpxtpx:cad>
     </gpxtpx:TrackPointExtension>
    </extensions>
   </trkpt>
   <trkpt lat="12.9247300" lon="77.5217080">
    <ele>850.8</ele>
    <time>2026-08-14T01:18:48Z</time>
    <extensions>
     <gpxtpx:TrackPointExtension>
      <gpxtpx:atemp>27</gpxtpx:atemp>
      <gpxtpx:hr>145</gpxtpx:hr>
      <gpxtpx:cad>83</gpxtpx:cad>
     </gpxtpx:TrackPointExtension>
    </extensions>
   </trkpt>
   <trkpt lat="12.9247990" lon="77.5217700">
    <ele>850.4</ele>
    <time>2026-08-14T01:18:54Z</time>
    <extensions>
     <gpxtpx:TrackPointExtension>
      <gpxtpx:atemp>27</gpxtpx:atemp>
      <gpxtpx:hr>144</gpxtpx:hr>
      <gpxtpx:cad>0</gpxtpx:cad>
     </gpxtpx:TrackPointExtension>
    </extensions>
   </trkpt>
   <trkpt lat="12.9248440" lon="77.5217970">
    <ele>850.2</ele>
    <time>2026-08-14T01:18:58Z</time>
    <extensions>
     <gpxtpx:TrackPointExtension>
      <gpxtpx:atemp>27</gpxtpx:atemp>
      <gpxtpx:hr>142</gpxtpx:hr>
      <gpxtpx:cad>80</gpxtpx:cad>
     </gpxtpx:TrackPointExtension>
    </extensions>
   </trkpt>
   <trkpt lat="12.9248970" lon="77.5218050">
    <ele>850.0</ele>
    <time>2026-08-14T01:19:00Z</time>
    <extensions>
     <gpxtpx:TrackPointExtension>
      <gpxtpx:atemp>27</gpxtpx:atemp>
      <gpxtpx:hr>142</gpxtpx:hr>
      <gpxtpx:cad>80</gpxtpx:cad>
     </gpxtpx:TrackPointExtension>
    </extensions>
   </trkpt>
   <trkpt lat="12.9251160" lon="77.5218840">
    <ele>850.0</ele>
    <time>2026-08-14T01:19:05Z</time>
    <extensions>
     <gpxtpx:TrackPointExtension>
      <gpxtpx:atemp>27</gpxtpx:atemp>
      <gpxtpx:hr>141</gpxtpx:hr>
      <gpxtpx:cad>82</gpxtpx:cad>
     </gpxtpx:TrackPointExtension>
    </extensions>
   </trkpt>
   <trkpt lat="12.9251570" lon="77.5219010">
    <ele>850.2</ele>
    <time>2026-08-14T01:19:06Z</time>
    <extensions>
     <gpxtpx:TrackPointExtension>
      <gpxtpx:atemp>27</gpxtpx:atemp>
      <gpxtpx:hr>142</gpxtpx:hr>
      <gpxtpx:cad>83</gpxtpx:cad>
     </gpxtpx:TrackPointExtension>
    </extensions>
   </trkpt>
   <trkpt lat="12.9252490" lon="77.5219210">
    <ele>850.4</ele>
    <time>2026-08-14T01:19:10Z</time>
    <extensions>
     <gpxtpx:TrackPointExtension>
      <gpxtpx:atemp>27</gpxtpx:atemp>
      <gpxtpx:hr>143</gpxtpx:hr>
      <gpxtpx:cad>84</gpxtpx:cad>
     </gpxtpx:TrackPointExtension>
    </extensions>
   </trkpt>
   <trkpt lat="12.9253010" lon="77.5219510">
    <ele>850.6</ele>
    <time>2026-08-14T01:19:13Z</time>
    <extensions>
     <gpxtpx:TrackPointExtension>
      <gpxtpx:atemp>27</gpxtpx:atemp>
      <gpxtpx:hr>143</gpxtpx:hr>
      <gpxtpx:cad>85</gpxtpx:cad>
     </gpxtpx:TrackPointExtension>
    </extensions>
   </trkpt>
   <trkpt lat="12.9253390" lon="77.5219890">
    <ele>850.8</ele>
    <time>2026-08-14T01:19:15Z</time>
    <extensions>
     <gpxtpx:TrackPointExtension>
      <gpxtpx:atemp>27</gpxtpx:atemp>
      <gpxtpx:hr>143</gpxtpx:hr>
      <gpxtpx:cad>84</gpxtpx:cad>
     </gpxtpx:TrackPointExtension>
    </extensions>
   </trkpt>
   <trkpt lat="12.9253920" lon="77.5220220">
    <ele>850.8</ele>
    <time>2026-08-14T01:19:18Z</time>
    <extensions>
     <gpxtpx:TrackPointExtension>
      <gpxtpx:atemp>27</gpxtpx:atemp>
      <gpxtpx:hr>142</gpxtpx:hr>
      <gpxtpx:cad>82</gpxtpx:cad>
     </gpxtpx:TrackPointExtension>
    </extensions>
   </trkpt>
   <trkpt lat="12.9255180" lon="77.5220710">
    <ele>850.6</ele>
    <time>2026-08-14T01:19:22Z</time>
    <extensions>
     <gpxtpx:TrackPointExtension>
      <gpxtpx:atemp>26</gpxtpx:atemp>
      <gpxtpx:hr>143</gpxtpx:hr>
      <gpxtpx:cad>81</gpxtpx:cad>
     </gpxtpx:TrackPointExtension>
    </extensions>
   </trkpt>
   <trkpt lat="12.9255730" lon="77.5220920">
    <ele>850.4</ele>
    <time>2026-08-14T01:19:24Z</time>
    <extensions>
     <gpxtpx:TrackPointExtension>
      <gpxtpx:atemp>26</gpxtpx:atemp>
      <gpxtpx:hr>140</gpxtpx:hr>
      <gpxtpx:cad>81</gpxtpx:cad>
     </gpxtpx:TrackPointExtension>
    </extensions>
   </trkpt>
   <trkpt lat="12.9256610" lon="77.5221220">
    <ele>850.4</ele>
    <time>2026-08-14T01:19:27Z</time>
    <extensions>
     <gpxtpx:TrackPointExtension>
      <gpxtpx:atemp>26</gpxtpx:atemp>
      <gpxtpx:hr>137</gpxtpx:hr>
      <gpxtpx:cad>81</gpxtpx:cad>
     </gpxtpx:TrackPointExtension>
    </extensions>
   </trkpt>
   <trkpt lat="12.9256880" lon="77.5221240">
    <ele>850.2</ele>
    <time>2026-08-14T01:19:28Z</time>
    <extensions>
     <gpxtpx:TrackPointExtension>
      <gpxtpx:atemp>26</gpxtpx:atemp>
      <gpxtpx:hr>139</gpxtpx:hr>
      <gpxtpx:cad>81</gpxtpx:cad>
     </gpxtpx:TrackPointExtension>
    </extensions>
   </trkpt>
   <trkpt lat="12.9257180" lon="77.5221160">
    <ele>850.2</ele>
    <time>2026-08-14T01:19:29Z</time>
    <extensions>
     <gpxtpx:TrackPointExtension>
      <gpxtpx:atemp>26</gpxtpx:atemp>
      <gpxtpx:hr>138</gpxtpx:hr>
      <gpxtpx:cad>81</gpxtpx:cad>
     </gpxtpx:TrackPointExtension>
    </extensions>
   </trkpt>
   <trkpt lat="12.9257680" lon="77.5220660">
    <ele>850.2</ele>
    <time>2026-08-14T01:19:31Z</time>
    <extensions>
     <gpxtpx:TrackPointExtension>
      <gpxtpx:atemp>26</gpxtpx:atemp>
      <gpxtpx:hr>138</gpxtpx:hr>
      <gpxtpx:cad>79</gpxtpx:cad>
     </gpxtpx:TrackPointExtension>
    </extensions>
   </trkpt>
   <trkpt lat="12.9257810" lon="77.5220280">
    <ele>850.0</ele>
    <time>2026-08-14T01:19:32Z</time>
    <extensions>
     <gpxtpx:TrackPointExtension>
      <gpxtpx:atemp>26</gpxtpx:atemp>
      <gpxtpx:hr>137</gpxtpx:hr>
      <gpxtpx:cad>79</gpxtpx:cad>
     </gpxtpx:TrackPointExtension>
    </extensions>
   </trkpt>
   <trkpt lat="12.9258640" lon="77.5218850">
    <ele>849.4</ele>
    <time>2026-08-14T01:19:37Z</time>
    <extensions>
     <gpxtpx:TrackPointExtension>
      <gpxtpx:atemp>26</gpxtpx:atemp>
      <gpxtpx:hr>134</gpxtpx:hr>
      <gpxtpx:cad>84</gpxtpx:cad>
     </gpxtpx:TrackPointExtension>
    </extensions>
   </trkpt>
   <trkpt lat="12.9258870" lon="77.5218640">
    <ele>849.2</ele>
    <time>2026-08-14T01:19:38Z</time>
    <extensions>
     <gpxtpx:TrackPointExtension>
      <gpxtpx:atemp>26</gpxtpx:atemp>
      <gpxtpx:hr>135</gpxtpx:hr>
      <gpxtpx:cad>84</gpxtpx:cad>
     </gpxtpx:TrackPointExtension>
    </extensions>
   </trkpt>
   <trkpt lat="12.9259540" lon="77.5217560">
    <ele>848.2</ele>
    <time>2026-08-14T01:19:42Z</time>
    <extensions>
     <gpxtpx:TrackPointExtension>
      <gpxtpx:atemp>26</gpxtpx:atemp>
      <gpxtpx:hr>137</gpxtpx:hr>
      <gpxtpx:cad>83</gpxtpx:cad>
     </gpxtpx:TrackPointExtension>
    </extensions>
   </trkpt>
   <trkpt lat="12.9259640" lon="77.5217260">
    <ele>848.2</ele>
    <time>2026-08-14T01:19:43Z</time>
    <extensions>
     <gpxtpx:TrackPointExtension>
      <gpxtpx:atemp>26</gpxtpx:atemp>
      <gpxtpx:hr>137</gpxtpx:hr>
      <gpxtpx:cad>84</gpxtpx:cad>
     </gpxtpx:TrackPointExtension>
    </extensions>
   </trkpt>
   <trkpt lat="12.9260040" lon="77.5216450">
    <ele>847.8</ele>
    <time>2026-08-14T01:19:46Z</time>
    <extensions>
     <gpxtpx:TrackPointExtension>
      <gpxtpx:atemp>26</gpxtpx:atemp>
      <gpxtpx:hr>139</gpxtpx:hr>
      <gpxtpx:cad>84</gpxtpx:cad>
     </gpxtpx:TrackPointExtension>
    </extensions>
   </trkpt>
   <trkpt lat="12.9260240" lon="77.5215920">
    <ele>847.6</ele>
    <time>2026-08-14T01:19:48Z</time>
    <extensions>
     <gpxtpx:TrackPointExtension>
      <gpxtpx:atemp>26</gpxtpx:atemp>
      <gpxtpx:hr>137</gpxtpx:hr>
      <gpxtpx:cad>84</gpxtpx:cad>
     </gpxtpx:TrackPointExtension>
    </extensions>
   </trkpt>
   <trkpt lat="12.9260280" lon="77.5215660">
    <ele>847.4</ele>
    <time>2026-08-14T01:19:49Z</time>
    <extensions>
     <gpxtpx:TrackPointExtension>
      <gpxtpx:atemp>26</gpxtpx:atemp>
      <gpxtpx:hr>137</gpxtpx:hr>
      <gpxtpx:cad>84</gpxtpx:cad>
     </gpxtpx:TrackPointExtension>
    </extensions>
   </trkpt>
   <trkpt lat="12.9260330" lon="77.5215150">
    <ele>847.2</ele>
    <time>2026-08-14T01:19:51Z</time>
    <extensions>
     <gpxtpx:TrackPointExtension>
      <gpxtpx:atemp>26</gpxtpx:atemp>
      <gpxtpx:hr>137</gpxtpx:hr>
      <gpxtpx:cad>84</gpxtpx:cad>
     </gpxtpx:TrackPointExtension>
    </extensions>
   </trkpt>
   <trkpt lat="12.9260450" lon="77.5214870">
    <ele>847.2</ele>
    <time>2026-08-14T01:19:52Z</time>
    <extensions>
     <gpxtpx:TrackPointExtension>
      <gpxtpx:atemp>26</gpxtpx:atemp>
      <gpxtpx:hr>137</gpxtpx:hr>
      <gpxtpx:cad>84</gpxtpx:cad>
     </gpxtpx:TrackPointExtension>
    </extensions>
   </trkpt>
   <trkpt lat="12.9260640" lon="77.5214370">
    <ele>847.0</ele>
    <time>2026-08-14T01:19:54Z</time>
    <extensions>
     <gpxtpx:TrackPointExtension>
      <gpxtpx:atemp>26</gpxtpx:atemp>
      <gpxtpx:hr>137</gpxtpx:hr>
      <gpxtpx:cad>83</gpxtpx:cad>
     </gpxtpx:TrackPointExtension>
    </extensions>
   </trkpt>
   <trkpt lat="12.9260890" lon="77.5213820">
    <ele>846.8</ele>
    <time>2026-08-14T01:19:56Z</time>
    <extensions>
     <gpxtpx:TrackPointExtension>
      <gpxtpx:atemp>26</gpxtpx:atemp>
      <gpxtpx:hr>136</gpxtpx:hr>
      <gpxtpx:cad>83</gpxtpx:cad>
     </gpxtpx:TrackPointExtension>
    </extensions>
   </trkpt>
   <trkpt lat="12.9261010" lon="77.5213590">
    <ele>846.6</ele>
    <time>2026-08-14T01:19:57Z</time>
    <extensions>
     <gpxtpx:TrackPointExtension>
      <gpxtpx:atemp>26</gpxtpx:atemp>
      <gpxtpx:hr>138</gpxtpx:hr>
      <gpxtpx:cad>83</gpxtpx:cad>
     </gpxtpx:TrackPointExtension>
    </extensions>
   </trkpt>
   <trkpt lat="12.9261260" lon="77.5213170">
    <ele>846.0</ele>
    <time>2026-08-14T01:19:59Z</time>
    <extensions>
     <gpxtpx:TrackPointExtension>
      <gpxtpx:atemp>26</gpxtpx:atemp>
      <gpxtpx:hr>138</gpxtpx:hr>
      <gpxtpx:cad>83</gpxtpx:cad>
     </gpxtpx:TrackPointExtension>
    </extensions>
   </trkpt>
   <trkpt lat="12.9261450" lon="77.5212700">
    <ele>845.8</ele>
    <time>2026-08-14T01:20:01Z</time>
    <extensions>
     <gpxtpx:TrackPointExtension>
      <gpxtpx:atemp>26</gpxtpx:atemp>
      <gpxtpx:hr>138</gpxtpx:hr>
      <gpxtpx:cad>83</gpxtpx:cad>
     </gpxtpx:TrackPointExtension>
    </extensions>
   </trkpt>
   <trkpt lat="12.9261610" lon="77.5211830">
    <ele>845.4</ele>
    <time>2026-08-14T01:20:04Z</time>
    <extensions>
     <gpxtpx:TrackPointExtension>
      <gpxtpx:atemp>26</gpxtpx:atemp>
      <gpxtpx:hr>140</gpxtpx:hr>
      <gpxtpx:cad>84</gpxtpx:cad>
     </gpxtpx:TrackPointExtension>
    </extensions>
   </trkpt>
   <trkpt lat="12.9261760" lon="77.5211620">
    <ele>845.2</ele>
    <time>2026-08-14T01:20:05Z</time>
    <extensions>
     <gpxtpx:TrackPointExtension>
      <gpxtpx:atemp>26</gpxtpx:atemp>
      <gpxtpx:hr>138</gpxtpx:hr>
      <gpxtpx:cad>84</gpxtpx:cad>
     </gpxtpx:TrackPointExtension>
    </extensions>
   </trkpt>
   <trkpt lat="12.9261900" lon="77.5211340">
    <ele>845.0</ele>
    <time>2026-08-14T01:20:06Z</time>
    <extensions>
     <gpxtpx:TrackPointExtension>
      <gpxtpx:atemp>26</gpxtpx:atemp>
      <gpxtpx:hr>138</gpxtpx:hr>
      <gpxtpx:cad>84</gpxtpx:cad>
     </gpxtpx:TrackPointExtension>
    </extensions>
   </trkpt>
   <trkpt lat="12.9262450" lon="77.5209830">
    <ele>844.0</ele>
    <time>2026-08-14T01:20:11Z</time>
    <extensions>
     <gpxtpx:TrackPointExtension>
      <gpxtpx:atemp>26</gpxtpx:atemp>
      <gpxtpx:hr>139</gpxtpx:hr>
      <gpxtpx:cad>83</gpxtpx:cad>
     </gpxtpx:TrackPointExtension>
    </extensions>
   </trkpt>
   <trkpt lat="12.9262460" lon="77.5209520">
    <ele>843.8</ele>
    <time>2026-08-14T01:20:12Z</time>
    <extensions>
     <gpxtpx:TrackPointExtension>
      <gpxtpx:atemp>26</gpxtpx:atemp>
      <gpxtpx:hr>140</gpxtpx:hr>
      <gpxtpx:cad>83</gpxtpx:cad>
     </gpxtpx:TrackPointExtension>
    </extensions>
   </trkpt>
   <trkpt lat="12.9262470" lon="77.5208330">
    <ele>843.2</ele>
    <time>2026-08-14T01:20:15Z</time>
    <extensions>
     <gpxtpx:TrackPointExtension>
      <gpxtpx:atemp>26</gpxtpx:atemp>
      <gpxtpx:hr>141</gpxtpx:hr>
      <gpxtpx:cad>83</gpxtpx:cad>
     </gpxtpx:TrackPointExtension>
    </extensions>
   </trkpt>
   <trkpt lat="12.9262750" lon="77.5207430">
    <ele>842.6</ele>
    <time>2026-08-14T01:20:17Z</time>
    <extensions>
     <gpxtpx:TrackPointExtension>
      <gpxtpx:atemp>26</gpxtpx:atemp>
      <gpxtpx:hr>142</gpxtpx:hr>
      <gpxtpx:cad>83</gpxtpx:cad>
     </gpxtpx:TrackPointExtension>
    </extensions>
   </trkpt>
   <trkpt lat="12.9263040" lon="77.5206320">
    <ele>842.2</ele>
    <time>2026-08-14T01:20:20Z</time>
    <extensions>
     <gpxtpx:TrackPointExtension>
      <gpxtpx:atemp>26</gpxtpx:atemp>
      <gpxtpx:hr>144</gpxtpx:hr>
      <gpxtpx:cad>83</gpxtpx:cad>
     </gpxtpx:TrackPointExtension>
    </extensions>
   </trkpt>
   <trkpt lat="12.9263700" lon="77.5204510">
    <ele>841.8</ele>
    <time>2026-08-14T01:20:25Z</time>
    <extensions>
     <gpxtpx:TrackPointExtension>
      <gpxtpx:atemp>26</gpxtpx:atemp>
      <gpxtpx:hr>145</gpxtpx:hr>
      <gpxtpx:cad>84</gpxtpx:cad>
     </gpxtpx:TrackPointExtension>
    </extensions>
   </trkpt>
   <trkpt lat="12.9264040" lon="77.5203560">
    <ele>842.0</ele>
    <time>2026-08-14T01:20:28Z</time>
    <extensions>
     <gpxtpx:TrackPointExtension>
      <gpxtpx:atemp>26</gpxtpx:atemp>
      <gpxtpx:hr>145</gpxtpx:hr>
      <gpxtpx:cad>83</gpxtpx:cad>
     </gpxtpx:TrackPointExtension>
    </extensions>
   </trkpt>
   <trkpt lat="12.9265100" lon="77.5201720">
    <ele>843.2</ele>
    <time>2026-08-14T01:20:36Z</time>
    <extensions>
     <gpxtpx:TrackPointExtension>
      <gpxtpx:atemp>26</gpxtpx:atemp>
      <gpxtpx:hr>144</gpxtpx:hr>
      <gpxtpx:cad>82</gpxtpx:cad>
     </gpxtpx:TrackPointExtension>
    </extensions>
   </trkpt>
   <trkpt lat="12.9265220" lon="77.5200890">
    <ele>843.6</ele>
    <time>2026-08-14T01:20:39Z</time>
    <extensions>
     <gpxtpx:TrackPointExtension>
      <gpxtpx:atemp>26</gpxtpx:atemp>
      <gpxtpx:hr>146</gpxtpx:hr>
      <gpxtpx:cad>80</gpxtpx:cad>
     </gpxtpx:TrackPointExtension>
    </extensions>
   </trkpt>
   <trkpt lat="12.9265240" lon="77.5200700">
    <ele>843.8</ele>
    <time>2026-08-14T01:20:40Z</time>
    <extensions>
     <gpxtpx:TrackPointExtension>
      <gpxtpx:atemp>26</gpxtpx:atemp>
      <gpxtpx:hr>146</gpxtpx:hr>
      <gpxtpx:cad>80</gpxtpx:cad>
     </gpxtpx:TrackPointExtension>
    </extensions>
   </trkpt>
   <trkpt lat="12.9265150" lon="77.5200480">
    <ele>844.0</ele>
    <time>2026-08-14T01:20:41Z</time>
    <extensions>
     <gpxtpx:TrackPointExtension>
      <gpxtpx:atemp>26</gpxtpx:atemp>
      <gpxtpx:hr>146</gpxtpx:hr>
      <gpxtpx:cad>80</gpxtpx:cad>
     </gpxtpx:TrackPointExtension>
    </extensions>
   </trkpt>
   <trkpt lat="12.9265440" lon="77.5199520">
    <ele>844.6</ele>
    <time>2026-08-14T01:20:45Z</time>
    <extensions>
     <gpxtpx:TrackPointExtension>
      <gpxtpx:atemp>26</gpxtpx:atemp>
      <gpxtpx:hr>147</gpxtpx:hr>
      <gpxtpx:cad>79</gpxtpx:cad>
     </gpxtpx:TrackPointExtension>
    </extensions>
   </trkpt>
   <trkpt lat="12.9265700" lon="77.5198380">
    <ele>845.6</ele>
    <time>2026-08-14T01:20:51Z</time>
    <extensions>
     <gpxtpx:TrackPointExtension>
      <gpxtpx:atemp>26</gpxtpx:atemp>
      <gpxtpx:hr>148</gpxtpx:hr>
      <gpxtpx:cad>79</gpxtpx:cad>
     </gpxtpx:TrackPointExtension>
    </extensions>
   </trkpt>
   <trkpt lat="12.9265700" lon="77.5197900">
    <ele>845.8</ele>
    <time>2026-08-14T01:20:54Z</time>
    <extensions>
     <gpxtpx:TrackPointExtension>
      <gpxtpx:atemp>26</gpxtpx:atemp>
      <gpxtpx:hr>149</gpxtpx:hr>
      <gpxtpx:cad>81</gpxtpx:cad>
     </gpxtpx:TrackPointExtension>
    </extensions>
   </trkpt>
   <trkpt lat="12.9265840" lon="77.5197520">
    <ele>846.6</ele>
    <time>2026-08-14T01:20:56Z</time>
    <extensions>
     <gpxtpx:TrackPointExtension>
      <gpxtpx:atemp>26</gpxtpx:atemp>
      <gpxtpx:hr>150</gpxtpx:hr>
      <gpxtpx:cad>81</gpxtpx:cad>
     </gpxtpx:TrackPointExtension>
    </extensions>
   </trkpt>
   <trkpt lat="12.9266070" lon="77.5197010">
    <ele>847.0</ele>
    <time>2026-08-14T01:20:58Z</time>
    <extensions>
     <gpxtpx:TrackPointExtension>
      <gpxtpx:atemp>26</gpxtpx:atemp>
      <gpxtpx:hr>149</gpxtpx:hr>
      <gpxtpx:cad>79</gpxtpx:cad>
     </gpxtpx:TrackPointExtension>
    </extensions>
   </trkpt>
   <trkpt lat="12.9266450" lon="77.5195800">
    <ele>847.6</ele>
    <time>2026-08-14T01:21:03Z</time>
    <extensions>
     <gpxtpx:TrackPointExtension>
      <gpxtpx:atemp>26</gpxtpx:atemp>
      <gpxtpx:hr>148</gpxtpx:hr>
      <gpxtpx:cad>79</gpxtpx:cad>
     </gpxtpx:TrackPointExtension>
    </extensions>
   </trkpt>
   <trkpt lat="12.9266420" lon="77.5195620">
    <ele>847.6</ele>
    <time>2026-08-14T01:21:04Z</time>
    <extensions>
     <gpxtpx:TrackPointExtension>
      <gpxtpx:atemp>26</gpxtpx:atemp>
      <gpxtpx:hr>149</gpxtpx:hr>
      <gpxtpx:cad>79</gpxtpx:cad>
     </gpxtpx:TrackPointExtension>
    </extensions>
   </trkpt>
   <trkpt lat="12.9266560" lon="77.5194990">
    <ele>848.0</ele>
    <time>2026-08-14T01:21:07Z</time>
    <extensions>
     <gpxtpx:TrackPointExtension>
      <gpxtpx:atemp>26</gpxtpx:atemp>
      <gpxtpx:hr>149</gpxtpx:hr>
      <gpxtpx:cad>78</gpxtpx:cad>
     </gpxtpx:TrackPointExtension>
    </extensions>
   </trkpt>
   <trkpt lat="12.9266820" lon="77.5194550">
    <ele>848.4</ele>
    <time>2026-08-14T01:21:09Z</time>
    <extensions>
     <gpxtpx:TrackPointExtension>
      <gpxtpx:atemp>26</gpxtpx:atemp>
      <gpxtpx:hr>151</gpxtpx:hr>
      <gpxtpx:cad>80</gpxtpx:cad>
     </gpxtpx:TrackPointExtension>
    </extensions>
   </trkpt>
   <trkpt lat="12.9267280" lon="77.5193460">
    <ele>849.0</ele>
    <time>2026-08-14T01:21:14Z</time>
    <extensions>
     <gpxtpx:TrackPointExtension>
      <gpxtpx:atemp>26</gpxtpx:atemp>
      <gpxtpx:hr>151</gpxtpx:hr>
      <gpxtpx:cad>82</gpxtpx:cad>
     </gpxtpx:TrackPointExtension>
    </extensions>
   </trkpt>
   <trkpt lat="12.9267590" lon="77.5193000">
    <ele>849.2</ele>
    <time>2026-08-14T01:21:16Z</time>
    <extensions>
     <gpxtpx:TrackPointExtension>
      <gpxtpx:atemp>26</gpxtpx:atemp>
      <gpxtpx:hr>150</gpxtpx:hr>
      <gpxtpx:cad>81</gpxtpx:cad>
     </gpxtpx:TrackPointExtension>
    </extensions>
   </trkpt>
   <trkpt lat="12.9267750" lon="77.5192770">
    <ele>849.4</ele>
    <time>2026-08-14T01:21:17Z</time>
    <extensions>
     <gpxtpx:TrackPointExtension>
      <gpxtpx:atemp>26</gpxtpx:atemp>
      <gpxtpx:hr>153</gpxtpx:hr>
      <gpxtpx:cad>81</gpxtpx:cad>
     </gpxtpx:TrackPointExtension>
    </extensions>
   </trkpt>
   <trkpt lat="12.9268120" lon="77.5191920">
    <ele>849.4</ele>
    <time>2026-08-14T01:21:20Z</time>
    <extensions>
     <gpxtpx:TrackPointExtension>
      <gpxtpx:atemp>25</gpxtpx:atemp>
      <gpxtpx:hr>156</gpxtpx:hr>
      <gpxtpx:cad>81</gpxtpx:cad>
     </gpxtpx:TrackPointExtension>
    </extensions>
   </trkpt>
   <trkpt lat="12.9268300" lon="77.5191240">
    <ele>849.4</ele>
    <time>2026-08-14T01:21:23Z</time>
    <extensions>
     <gpxtpx:TrackPointExtension>
      <gpxtpx:atemp>26</gpxtpx:atemp>
      <gpxtpx:hr>156</gpxtpx:hr>
      <gpxtpx:cad>82</gpxtpx:cad>
     </gpxtpx:TrackPointExtension>
    </extensions>
   </trkpt>
   <trkpt lat="12.9268870" lon="77.5189830">
    <ele>849.8</ele>
    <time>2026-08-14T01:21:29Z</time>
    <extensions>
     <gpxtpx:TrackPointExtension>
      <gpxtpx:atemp>25</gpxtpx:atemp>
      <gpxtpx:hr>153</gpxtpx:hr>
      <gpxtpx:cad>82</gpxtpx:cad>
     </gpxtpx:TrackPointExtension>
    </extensions>
   </trkpt>
   <trkpt lat="12.9268890" lon="77.5189590">
    <ele>849.8</ele>
    <time>2026-08-14T01:21:30Z</time>
    <extensions>
     <gpxtpx:TrackPointExtension>
      <gpxtpx:atemp>26</gpxtpx:atemp>
      <gpxtpx:hr>153</gpxtpx:hr>
      <gpxtpx:cad>82</gpxtpx:cad>
     </gpxtpx:TrackPointExtension>
    </extensions>
   </trkpt>
   <trkpt lat="12.9268910" lon="77.5189030">
    <ele>850.0</ele>
    <time>2026-08-14T01:21:32Z</time>
    <extensions>
     <gpxtpx:TrackPointExtension>
      <gpxtpx:atemp>26</gpxtpx:atemp>
      <gpxtpx:hr>156</gpxtpx:hr>
      <gpxtpx:cad>82</gpxtpx:cad>
     </gpxtpx:TrackPointExtension>
    </extensions>
   </trkpt>
   <trkpt lat="12.9268980" lon="77.5188140">
    <ele>850.0</ele>
    <time>2026-08-14T01:21:36Z</time>
    <extensions>
     <gpxtpx:TrackPointExtension>
      <gpxtpx:atemp>25</gpxtpx:atemp>
      <gpxtpx:hr>153</gpxtpx:hr>
      <gpxtpx:cad>82</gpxtpx:cad>
     </gpxtpx:TrackPointExtension>
    </extensions>
   </trkpt>
   <trkpt lat="12.9269160" lon="77.5187940">
    <ele>850.0</ele>
    <time>2026-08-14T01:21:37Z</time>
    <extensions>
     <gpxtpx:TrackPointExtension>
      <gpxtpx:atemp>26</gpxtpx:atemp>
      <gpxtpx:hr>150</gpxtpx:hr>
      <gpxtpx:cad>83</gpxtpx:cad>
     </gpxtpx:TrackPointExtension>
    </extensions>
   </trkpt>
   <trkpt lat="12.9269190" lon="77.5187670">
    <ele>850.0</ele>
    <time>2026-08-14T01:21:38Z</time>
    <extensions>
     <gpxtpx:TrackPointExtension>
      <gpxtpx:atemp>26</gpxtpx:atemp>
      <gpxtpx:hr>151</gpxtpx:hr>
      <gpxtpx:cad>83</gpxtpx:cad>
     </gpxtpx:TrackPointExtension>
    </extensions>
   </trkpt>
   <trkpt lat="12.9269240" lon="77.5187230">
    <ele>850.2</ele>
    <time>2026-08-14T01:21:40Z</time>
    <extensions>
     <gpxtpx:TrackPointExtension>
      <gpxtpx:atemp>25</gpxtpx:atemp>
      <gpxtpx:hr>149</gpxtpx:hr>
      <gpxtpx:cad>83</gpxtpx:cad>
     </gpxtpx:TrackPointExtension>
    </extensions>
   </trkpt>
   <trkpt lat="12.9269860" lon="77.5185380">
    <ele>850.4</ele>
    <time>2026-08-14T01:21:47Z</time>
    <extensions>
     <gpxtpx:TrackPointExtension>
      <gpxtpx:atemp>25</gpxtpx:atemp>
      <gpxtpx:hr>147</gpxtpx:hr>
      <gpxtpx:cad>83</gpxtpx:cad>
     </gpxtpx:TrackPointExtension>
    </extensions>
   </trkpt>
   <trkpt lat="12.9270180" lon="77.5183790">
    <ele>850.2</ele>
    <time>2026-08-14T01:21:52Z</time>
    <extensions>
     <gpxtpx:TrackPointExtension>
      <gpxtpx:atemp>25</gpxtpx:atemp>
      <gpxtpx:hr>146</gpxtpx:hr>
      <gpxtpx:cad>83</gpxtpx:cad>
     </gpxtpx:TrackPointExtension>
    </extensions>
   </trkpt>
   <trkpt lat="12.9270600" lon="77.5182800">
    <ele>850.2</ele>
    <time>2026-08-14T01:21:58Z</time>
    <extensions>
     <gpxtpx:TrackPointExtension>
      <gpxtpx:atemp>25</gpxtpx:atemp>
      <gpxtpx:hr>145</gpxtpx:hr>
      <gpxtpx:cad>80</gpxtpx:cad>
     </gpxtpx:TrackPointExtension>
    </extensions>
   </trkpt>
   <trkpt lat="12.9271250" lon="77.5182300">
    <ele>850.4</ele>
    <time>2026-08-14T01:22:02Z</time>
    <extensions>
     <gpxtpx:TrackPointExtension>
      <gpxtpx:atemp>25</gpxtpx:atemp>
      <gpxtpx:hr>144</gpxtpx:hr>
      <gpxtpx:cad>81</gpxtpx:cad>
     </gpxtpx:TrackPointExtension>
    </extensions>
   </trkpt>
   <trkpt lat="12.9271440" lon="77.5182140">
    <ele>850.4</ele>
    <time>2026-08-14T01:22:03Z</time>
    <extensions>
     <gpxtpx:TrackPointExtension>
      <gpxtpx:atemp>25</gpxtpx:atemp>
      <gpxtpx:hr>143</gpxtpx:hr>
      <gpxtpx:cad>82</gpxtpx:cad>
     </gpxtpx:TrackPointExtension>
    </extensions>
   </trkpt>
   <trkpt lat="12.9271780" lon="77.5181600">
    <ele>850.4</ele>
    <time>2026-08-14T01:22:06Z</time>
    <extensions>
     <gpxtpx:TrackPointExtension>
      <gpxtpx:atemp>25</gpxtpx:atemp>
      <gpxtpx:hr>144</gpxtpx:hr>
      <gpxtpx:cad>83</gpxtpx:cad>
     </gpxtpx:TrackPointExtension>
    </extensions>
   </trkpt>
   <trkpt lat="12.9271800" lon="77.5181000">
    <ele>850.4</ele>
    <time>2026-08-14T01:22:08Z</time>
    <extensions>
     <gpxtpx:TrackPointExtension>
      <gpxtpx:atemp>25</gpxtpx:atemp>
      <gpxtpx:hr>143</gpxtpx:hr>
      <gpxtpx:cad>82</gpxtpx:cad>
     </gpxtpx:TrackPointExtension>
    </extensions>
   </trkpt>
   <trkpt lat="12.9271900" lon="77.5180660">
    <ele>850.4</ele>
    <time>2026-08-14T01:22:09Z</time>
    <extensions>
     <gpxtpx:TrackPointExtension>
      <gpxtpx:atemp>25</gpxtpx:atemp>
      <gpxtpx:hr>142</gpxtpx:hr>
      <gpxtpx:cad>81</gpxtpx:cad>
     </gpxtpx:TrackPointExtension>
    </extensions>
   </trkpt>
   <trkpt lat="12.9272020" lon="77.5179920">
    <ele>850.2</ele>
    <time>2026-08-14T01:22:12Z</time>
    <extensions>
     <gpxtpx:TrackPointExtension>
      <gpxtpx:atemp>25</gpxtpx:atemp>
      <gpxtpx:hr>139</gpxtpx:hr>
      <gpxtpx:cad>80</gpxtpx:cad>
     </gpxtpx:TrackPointExtension>
    </extensions>
   </trkpt>
   <trkpt lat="12.9272070" lon="77.5179760">
    <ele>850.2</ele>
    <time>2026-08-14T01:22:13Z</time>
    <extensions>
     <gpxtpx:TrackPointExtension>
      <gpxtpx:atemp>25</gpxtpx:atemp>
      <gpxtpx:hr>142</gpxtpx:hr>
      <gpxtpx:cad>79</gpxtpx:cad>
     </gpxtpx:TrackPointExtension>
    </extensions>
   </trkpt>
   <trkpt lat="12.9272270" lon="77.5179290">
    <ele>850.0</ele>
    <time>2026-08-14T01:22:16Z</time>
    <extensions>
     <gpxtpx:TrackPointExtension>
      <gpxtpx:atemp>25</gpxtpx:atemp>
      <gpxtpx:hr>143</gpxtpx:hr>
      <gpxtpx:cad>79</gpxtpx:cad>
     </gpxtpx:TrackPointExtension>
    </extensions>
   </trkpt>
   <trkpt lat="12.9272450" lon="77.5178890">
    <ele>850.0</ele>
    <time>2026-08-14T01:22:18Z</time>
    <extensions>
     <gpxtpx:TrackPointExtension>
      <gpxtpx:atemp>25</gpxtpx:atemp>
      <gpxtpx:hr>143</gpxtpx:hr>
      <gpxtpx:cad>80</gpxtpx:cad>
     </gpxtpx:TrackPointExtension>
    </extensions>
   </trkpt>
   <trkpt lat="12.9272850" lon="77.5178170">
    <ele>850.2</ele>
    <time>2026-08-14T01:22:21Z</time>
    <extensions>
     <gpxtpx:TrackPointExtension>
      <gpxtpx:atemp>25</gpxtpx:atemp>
      <gpxtpx:hr>143</gpxtpx:hr>
      <gpxtpx:cad>82</gpxtpx:cad>
     </gpxtpx:TrackPointExtension>
    </extensions>
   </trkpt>
   <trkpt lat="12.9273930" lon="77.5176740">
    <ele>850.4</ele>
    <time>2026-08-14T01:22:26Z</time>
    <extensions>
     <gpxtpx:TrackPointExtension>
      <gpxtpx:atemp>25</gpxtpx:atemp>
      <gpxtpx:hr>143</gpxtpx:hr>
      <gpxtpx:cad>82</gpxtpx:cad>
     </gpxtpx:TrackPointExtension>
    </extensions>
   </trkpt>
   <trkpt lat="12.9274460" lon="77.5175940">
    <ele>850.4</ele>
    <time>2026-08-14T01:22:29Z</time>
    <extensions>
     <gpxtpx:TrackPointExtension>
      <gpxtpx:atemp>25</gpxtpx:atemp>
      <gpxtpx:hr>143</gpxtpx:hr>
      <gpxtpx:cad>83</gpxtpx:cad>
     </gpxtpx:TrackPointExtension>
    </extensions>
   </trkpt>
   <trkpt lat="12.9274770" lon="77.5175300">
    <ele>850.4</ele>
    <time>2026-08-14T01:22:32Z</time>
    <extensions>
     <gpxtpx:TrackPointExtension>
      <gpxtpx:atemp>25</gpxtpx:atemp>
      <gpxtpx:hr>143</gpxtpx:hr>
      <gpxtpx:cad>83</gpxtpx:cad>
     </gpxtpx:TrackPointExtension>
    </extensions>
   </trkpt>
   <trkpt lat="12.9274890" lon="77.5175160">
    <ele>850.4</ele>
    <time>2026-08-14T01:22:33Z</time>
    <extensions>
     <gpxtpx:TrackPointExtension>
      <gpxtpx:atemp>25</gpxtpx:atemp>
      <gpxtpx:hr>143</gpxtpx:hr>
      <gpxtpx:cad>83</gpxtpx:cad>
     </gpxtpx:TrackPointExtension>
    </extensions>
   </trkpt>
   <trkpt lat="12.9275520" lon="77.5174530">
    <ele>850.4</ele>
    <time>2026-08-14T01:22:37Z</time>
    <extensions>
     <gpxtpx:TrackPointExtension>
      <gpxtpx:atemp>25</gpxtpx:atemp>
      <gpxtpx:hr>144</gpxtpx:hr>
      <gpxtpx:cad>81</gpxtpx:cad>
     </gpxtpx:TrackPointExtension>
    </extensions>
   </trkpt>
   <trkpt lat="12.9275800" lon="77.5174460">
    <ele>850.4</ele>
    <time>2026-08-14T01:22:38Z</time>
    <extensions>
     <gpxtpx:TrackPointExtension>
      <gpxtpx:atemp>25</gpxtpx:atemp>
      <gpxtpx:hr>144</gpxtpx:hr>
      <gpxtpx:cad>81</gpxtpx:cad>
     </gpxtpx:TrackPointExtension>
    </extensions>
   </trkpt>
   <trkpt lat="12.9276490" lon="77.5174080">
    <ele>850.6</ele>
    <time>2026-08-14T01:22:44Z</time>
    <extensions>
     <gpxtpx:TrackPointExtension>
      <gpxtpx:atemp>25</gpxtpx:atemp>
      <gpxtpx:hr>143</gpxtpx:hr>
      <gpxtpx:cad>53</gpxtpx:cad>
     </gpxtpx:TrackPointExtension>
    </extensions>
   </trkpt>
   <trkpt lat="12.9276950" lon="77.5173380">
    <ele>850.6</ele>
    <time>2026-08-14T01:22:50Z</time>
    <extensions>
     <gpxtpx:TrackPointExtension>
      <gpxtpx:atemp>25</gpxtpx:atemp>
      <gpxtpx:hr>141</gpxtpx:hr>
      <gpxtpx:cad>54</gpxtpx:cad>
     </gpxtpx:TrackPointExtension>
    </extensions>
   </trkpt>
   <trkpt lat="12.9277060" lon="77.5173340">
    <ele>850.6</ele>
    <time>2026-08-14T01:22:51Z</time>
    <extensions>
     <gpxtpx:TrackPointExtension>
      <gpxtpx:atemp>25</gpxtpx:atemp>
      <gpxtpx:hr>141</gpxtpx:hr>
      <gpxtpx:cad>54</gpxtpx:cad>
     </gpxtpx:TrackPointExtension>
    </extensions>
   </trkpt>
   <trkpt lat="12.9277270" lon="77.5173170">
    <ele>850.6</ele>
    <time>2026-08-14T01:22:53Z</time>
    <extensions>
     <gpxtpx:TrackPointExtension>
      <gpxtpx:atemp>25</gpxtpx:atemp>
      <gpxtpx:hr>140</gpxtpx:hr>
      <gpxtpx:cad>53</gpxtpx:cad>
     </gpxtpx:TrackPointExtension>
    </extensions>
   </trkpt>
   <trkpt lat="12.9277310" lon="77.5173020">
    <ele>850.6</ele>
    <time>2026-08-14T01:22:54Z</time>
    <extensions>
     <gpxtpx:TrackPointExtension>
      <gpxtpx:atemp>25</gpxtpx:atemp>
      <gpxtpx:hr>140</gpxtpx:hr>
      <gpxtpx:cad>53</gpxtpx:cad>
     </gpxtpx:TrackPointExtension>
    </extensions>
   </trkpt>
   <trkpt lat="12.9277330" lon="77.5172190">
    <ele>850.6</ele>
    <time>2026-08-14T01:22:58Z</time>
    <extensions>
     <gpxtpx:TrackPointExtension>
      <gpxtpx:atemp>25</gpxtpx:atemp>
      <gpxtpx:hr>139</gpxtpx:hr>
      <gpxtpx:cad>53</gpxtpx:cad>
     </gpxtpx:TrackPointExtension>
    </extensions>
   </trkpt>
   <trkpt lat="12.9277380" lon="77.5171660">
    <ele>850.6</ele>
    <time>2026-08-14T01:23:00Z</time>
    <extensions>
     <gpxtpx:TrackPointExtension>
      <gpxtpx:atemp>25</gpxtpx:atemp>
      <gpxtpx:hr>137</gpxtpx:hr>
      <gpxtpx:cad>51</gpxtpx:cad>
     </gpxtpx:TrackPointExtension>
    </extensions>
   </trkpt>
   <trkpt lat="12.9277400" lon="77.5171440">
    <ele>850.6</ele>
    <time>2026-08-14T01:23:01Z</time>
    <extensions>
     <gpxtpx:TrackPointExtension>
      <gpxtpx:atemp>25</gpxtpx:atemp>
      <gpxtpx:hr>137</gpxtpx:hr>
      <gpxtpx:cad>51</gpxtpx:cad>
     </gpxtpx:TrackPointExtension>
    </extensions>
   </trkpt>
   <trkpt lat="12.9277290" lon="77.5170310">
    <ele>850.8</ele>
    <time>2026-08-14T01:23:05Z</time>
    <extensions>
     <gpxtpx:TrackPointExtension>
      <gpxtpx:atemp>25</gpxtpx:atemp>
      <gpxtpx:hr>134</gpxtpx:hr>
      <gpxtpx:cad>0</gpxtpx:cad>
     </gpxtpx:TrackPointExtension>
    </extensions>
   </trkpt>
   <trkpt lat="12.9278270" lon="77.5168730">
    <ele>850.8</ele>
    <time>2026-08-14T01:23:10Z</time>
    <extensions>
     <gpxtpx:TrackPointExtension>
      <gpxtpx:atemp>25</gpxtpx:atemp>
      <gpxtpx:hr>134</gpxtpx:hr>
      <gpxtpx:cad>86</gpxtpx:cad>
     </gpxtpx:TrackPointExtension>
    </extensions>
   </trkpt>
   <trkpt lat="12.9279480" lon="77.5167470">
    <ele>850.8</ele>
    <time>2026-08-14T01:23:16Z</time>
    <extensions>
     <gpxtpx:TrackPointExtension>
      <gpxtpx:atemp>25</gpxtpx:atemp>
      <gpxtpx:hr>135</gpxtpx:hr>
      <gpxtpx:cad>85</gpxtpx:cad>
     </gpxtpx:TrackPointExtension>
    </extensions>
   </trkpt>
   <trkpt lat="12.9280290" lon="77.5165580">
    <ele>850.8</ele>
    <time>2026-08-14T01:23:22Z</time>
    <extensions>
     <gpxtpx:TrackPointExtension>
      <gpxtpx:atemp>25</gpxtpx:atemp>
      <gpxtpx:hr>137</gpxtpx:hr>
      <gpxtpx:cad>85</gpxtpx:cad>
     </gpxtpx:TrackPointExtension>
    </extensions>
   </trkpt>
   <trkpt lat="12.9280400" lon="77.5165270">
    <ele>850.8</ele>
    <time>2026-08-14T01:23:23Z</time>
    <extensions>
     <gpxtpx:TrackPointExtension>
      <gpxtpx:atemp>25</gpxtpx:atemp>
      <gpxtpx:hr>136</gpxtpx:hr>
      <gpxtpx:cad>84</gpxtpx:cad>
     </gpxtpx:TrackPointExtension>
    </extensions>
   </trkpt>
   <trkpt lat="12.9281190" lon="77.5164210">
    <ele>851.2</ele>
    <time>2026-08-14T01:23:28Z</time>
    <extensions>
     <gpxtpx:TrackPointExtension>
      <gpxtpx:atemp>25</gpxtpx:atemp>
      <gpxtpx:hr>133</gpxtpx:hr>
      <gpxtpx:cad>81</gpxtpx:cad>
     </gpxtpx:TrackPointExtension>
    </extensions>
   </trkpt>
   <trkpt lat="12.9281430" lon="77.5164100">
    <ele>851.2</ele>
    <time>2026-08-14T01:23:29Z</time>
    <extensions>
     <gpxtpx:TrackPointExtension>
      <gpxtpx:atemp>25</gpxtpx:atemp>
      <gpxtpx:hr>137</gpxtpx:hr>
      <gpxtpx:cad>81</gpxtpx:cad>
     </gpxtpx:TrackPointExtension>
    </extensions>
   </trkpt>
   <trkpt lat="12.9282090" lon="77.5163210">
    <ele>851.4</ele>
    <time>2026-08-14T01:23:34Z</time>
    <extensions>
     <gpxtpx:TrackPointExtension>
      <gpxtpx:atemp>25</gpxtpx:atemp>
      <gpxtpx:hr>136</gpxtpx:hr>
      <gpxtpx:cad>82</gpxtpx:cad>
     </gpxtpx:TrackPointExtension>
    </extensions>
   </trkpt>
   <trkpt lat="12.9282180" lon="77.5162970">
    <ele>851.6</ele>
    <time>2026-08-14T01:23:35Z</time>
    <extensions>
     <gpxtpx:TrackPointExtension>
      <gpxtpx:atemp>25</gpxtpx:atemp>
      <gpxtpx:hr>136</gpxtpx:hr>
      <gpxtpx:cad>82</gpxtpx:cad>
     </gpxtpx:TrackPointExtension>
    </extensions>
   </trkpt>
   <trkpt lat="12.9282850" lon="77.5162000">
    <ele>851.6</ele>
    <time>2026-08-14T01:23:39Z</time>
    <extensions>
     <gpxtpx:TrackPointExtension>
      <gpxtpx:atemp>25</gpxtpx:atemp>
      <gpxtpx:hr>140</gpxtpx:hr>
      <gpxtpx:cad>85</gpxtpx:cad>
     </gpxtpx:TrackPointExtension>
    </extensions>
   </trkpt>
   <trkpt lat="12.9283160" lon="77.5161530">
    <ele>851.8</ele>
    <time>2026-08-14T01:23:41Z</time>
    <extensions>
     <gpxtpx:TrackPointExtension>
      <gpxtpx:atemp>25</gpxtpx:atemp>
      <gpxtpx:hr>141</gpxtpx:hr>
      <gpxtpx:cad>85</gpxtpx:cad>
     </gpxtpx:TrackPointExtension>
    </extensions>
   </trkpt>
   <trkpt lat="12.9283480" lon="77.5160460">
    <ele>852.0</ele>
    <time>2026-08-14T01:23:45Z</time>
    <extensions>
     <gpxtpx:TrackPointExtension>
      <gpxtpx:atemp>25</gpxtpx:atemp>
      <gpxtpx:hr>142</gpxtpx:hr>
      <gpxtpx:cad>84</gpxtpx:cad>
     </gpxtpx:TrackPointExtension>
    </extensions>
   </trkpt>
   <trkpt lat="12.9283960" lon="77.5159700">
    <ele>852.0</ele>
    <time>2026-08-14T01:23:48Z</time>
    <extensions>
     <gpxtpx:TrackPointExtension>
      <gpxtpx:atemp>25</gpxtpx:atemp>
      <gpxtpx:hr>145</gpxtpx:hr>
      <gpxtpx:cad>85</gpxtpx:cad>
     </gpxtpx:TrackPointExtension>
    </extensions>
   </trkpt>
   <trkpt lat="12.9284550" lon="77.5158930">
    <ele>851.8</ele>
    <time>2026-08-14T01:23:51Z</time>
    <extensions>
     <gpxtpx:TrackPointExtension>
      <gpxtpx:atemp>25</gpxtpx:atemp>
      <gpxtpx:hr>144</gpxtpx:hr>
      <gpxtpx:cad>85</gpxtpx:cad>
     </gpxtpx:TrackPointExtension>
    </extensions>
   </trkpt>
   <trkpt lat="12.9285640" lon="77.5157500">
    <ele>851.4</ele>
    <time>2026-08-14T01:23:57Z</time>
    <extensions>
     <gpxtpx:TrackPointExtension>
      <gpxtpx:atemp>25</gpxtpx:atemp>
      <gpxtpx:hr>145</gpxtpx:hr>
      <gpxtpx:cad>84</gpxtpx:cad>
     </gpxtpx:TrackPointExtension>
    </extensions>
   </trkpt>
   <trkpt lat="12.9285740" lon="77.5157340">
    <ele>851.4</ele>
    <time>2026-08-14T01:23:58Z</time>
    <extensions>
     <gpxtpx:TrackPointExtension>
      <gpxtpx:atemp>25</gpxtpx:atemp>
      <gpxtpx:hr>142</gpxtpx:hr>
      <gpxtpx:cad>84</gpxtpx:cad>
     </gpxtpx:TrackPointExtension>
    </extensions>
   </trkpt>
   <trkpt lat="12.9285940" lon="77.5156890">
    <ele>851.2</ele>
    <time>2026-08-14T01:24:00Z</time>
    <extensions>
     <gpxtpx:TrackPointExtension>
      <gpxtpx:atemp>25</gpxtpx:atemp>
      <gpxtpx:hr>145</gpxtpx:hr>
      <gpxtpx:cad>84</gpxtpx:cad>
     </gpxtpx:TrackPointExtension>
    </extensions>
   </trkpt>
   <trkpt lat="12.9286630" lon="77.5155740">
    <ele>851.0</ele>
    <time>2026-08-14T01:24:04Z</time>
    <extensions>
     <gpxtpx:TrackPointExtension>
      <gpxtpx:atemp>25</gpxtpx:atemp>
      <gpxtpx:hr>146</gpxtpx:hr>
      <gpxtpx:cad>84</gpxtpx:cad>
     </gpxtpx:TrackPointExtension>
    </extensions>
   </trkpt>
   <trkpt lat="12.9288230" lon="77.5154280">
    <ele>850.2</ele>
    <time>2026-08-14T01:24:11Z</time>
    <extensions>
     <gpxtpx:TrackPointExtension>
      <gpxtpx:atemp>25</gpxtpx:atemp>
      <gpxtpx:hr>146</gpxtpx:hr>
      <gpxtpx:cad>85</gpxtpx:cad>
     </gpxtpx:TrackPointExtension>
    </extensions>
   </trkpt>
   <trkpt lat="12.9288410" lon="77.5153970">
    <ele>850.0</ele>
    <time>2026-08-14T01:24:12Z</time>
    <extensions>
     <gpxtpx:TrackPointExtension>
      <gpxtpx:atemp>25</gpxtpx:atemp>
      <gpxtpx:hr>147</gpxtpx:hr>
      <gpxtpx:cad>84</gpxtpx:cad>
     </gpxtpx:TrackPointExtension>
    </extensions>
   </trkpt>
   <trkpt lat="12.9289070" lon="77.5153080">
    <ele>849.6</ele>
    <time>2026-08-14T01:24:16Z</time>
    <extensions>
     <gpxtpx:TrackPointExtension>
      <gpxtpx:atemp>25</gpxtpx:atemp>
      <gpxtpx:hr>149</gpxtpx:hr>
      <gpxtpx:cad>85</gpxtpx:cad>
     </gpxtpx:TrackPointExtension>
    </extensions>
   </trkpt>
   <trkpt lat="12.9289310" lon="77.5152880">
    <ele>849.6</ele>
    <time>2026-08-14T01:24:17Z</time>
    <extensions>
     <gpxtpx:TrackPointExtension>
      <gpxtpx:atemp>25</gpxtpx:atemp>
      <gpxtpx:hr>146</gpxtpx:hr>
      <gpxtpx:cad>84</gpxtpx:cad>
     </gpxtpx:TrackPointExtension>
    </extensions>
   </trkpt>
   <trkpt lat="12.9290510" lon="77.5151920">
    <ele>848.8</ele>
    <time>2026-08-14T01:24:22Z</time>
    <extensions>
     <gpxtpx:TrackPointExtension>
      <gpxtpx:atemp>24</gpxtpx:atemp>
      <gpxtpx:hr>143</gpxtpx:hr>
      <gpxtpx:cad>83</gpxtpx:cad>
     </gpxtpx:TrackPointExtension>
    </extensions>
   </trkpt>
   <trkpt lat="12.9290980" lon="77.5151440">
    <ele>848.6</ele>
    <time>2026-08-14T01:24:24Z</time>
    <extensions>
     <gpxtpx:TrackPointExtension>
      <gpxtpx:atemp>25</gpxtpx:atemp>
      <gpxtpx:hr>143</gpxtpx:hr>
      <gpxtpx:cad>83</gpxtpx:cad>
     </gpxtpx:TrackPointExtension>
    </extensions>
   </trkpt>
   <trkpt lat="12.9292450" lon="77.5150230">
    <ele>847.8</ele>
    <time>2026-08-14T01:24:30Z</time>
    <extensions>
     <gpxtpx:TrackPointExtension>
      <gpxtpx:atemp>25</gpxtpx:atemp>
      <gpxtpx:hr>141</gpxtpx:hr>
      <gpxtpx:cad>80</gpxtpx:cad>
     </gpxtpx:TrackPointExtension>
    </extensions>
   </trkpt>
   <trkpt lat="12.9293330" lon="77.5149080">
    <ele>846.8</ele>
    <time>2026-08-14T01:24:36Z</time>
    <extensions>
     <gpxtpx:TrackPointExtension>
      <gpxtpx:atemp>25</gpxtpx:atemp>
      <gpxtpx:hr>143</gpxtpx:hr>
      <gpxtpx:cad>80</gpxtpx:cad>
     </gpxtpx:TrackPointExtension>
    </extensions>
   </trkpt>
   <trkpt lat="12.9293500" lon="77.5148890">
    <ele>846.4</ele>
    <time>2026-08-14T01:24:37Z</time>
    <extensions>
     <gpxtpx:TrackPointExtension>
      <gpxtpx:atemp>25</gpxtpx:atemp>
      <gpxtpx:hr>143</gpxtpx:hr>
      <gpxtpx:cad>80</gpxtpx:cad>
     </gpxtpx:TrackPointExtension>
    </extensions>
   </trkpt>
   <trkpt lat="12.9294470" lon="77.5147440">
    <ele>845.6</ele>
    <time>2026-08-14T01:24:42Z</time>
    <extensions>
     <gpxtpx:TrackPointExtension>
      <gpxtpx:atemp>25</gpxtpx:atemp>
      <gpxtpx:hr>141</gpxtpx:hr>
      <gpxtpx:cad>80</gpxtpx:cad>
     </gpxtpx:TrackPointExtension>
    </extensions>
   </trkpt>
   <trkpt lat="12.9294710" lon="77.5146900">
    <ele>845.2</ele>
    <time>2026-08-14T01:24:44Z</time>
    <extensions>
     <gpxtpx:TrackPointExtension>
      <gpxtpx:atemp>25</gpxtpx:atemp>
      <gpxtpx:hr>140</gpxtpx:hr>
      <gpxtpx:cad>80</gpxtpx:cad>
     </gpxtpx:TrackPointExtension>
    </extensions>
   </trkpt>
   <trkpt lat="12.9294250" lon="77.5146380">
    <ele>845.0</ele>
    <time>2026-08-14T01:24:47Z</time>
    <extensions>
     <gpxtpx:TrackPointExtension>
      <gpxtpx:atemp>24</gpxtpx:atemp>
      <gpxtpx:hr>139</gpxtpx:hr>
      <gpxtpx:cad>79</gpxtpx:cad>
     </gpxtpx:TrackPointExtension>
    </extensions>
   </trkpt>
   <trkpt lat="12.9293740" lon="77.5146340">
    <ele>844.6</ele>
    <time>2026-08-14T01:24:50Z</time>
    <extensions>
     <gpxtpx:TrackPointExtension>
      <gpxtpx:atemp>24</gpxtpx:atemp>
      <gpxtpx:hr>138</gpxtpx:hr>
      <gpxtpx:cad>79</gpxtpx:cad>
     </gpxtpx:TrackPointExtension>
    </extensions>
   </trkpt>
   <trkpt lat="12.9293470" lon="77.5146330">
    <ele>844.8</ele>
    <time>2026-08-14T01:24:53Z</time>
    <extensions>
     <gpxtpx:TrackPointExtension>
      <gpxtpx:atemp>25</gpxtpx:atemp>
      <gpxtpx:hr>136</gpxtpx:hr>
      <gpxtpx:cad>79</gpxtpx:cad>
     </gpxtpx:TrackPointExtension>
    </extensions>
   </trkpt>
   <trkpt lat="12.9293310" lon="77.5146230">
    <ele>844.8</ele>
    <time>2026-08-14T01:24:55Z</time>
    <extensions>
     <gpxtpx:TrackPointExtension>
      <gpxtpx:atemp>24</gpxtpx:atemp>
      <gpxtpx:hr>133</gpxtpx:hr>
      <gpxtpx:cad>104</gpxtpx:cad>
     </gpxtpx:TrackPointExtension>
    </extensions>
   </trkpt>
   <trkpt lat="12.9292400" lon="77.5145980">
    <ele>845.0</ele>
    <time>2026-08-14T01:24:59Z</time>
    <extensions>
     <gpxtpx:TrackPointExtension>
      <gpxtpx:atemp>24</gpxtpx:atemp>
      <gpxtpx:hr>132</gpxtpx:hr>
      <gpxtpx:cad>84</gpxtpx:cad>
     </gpxtpx:TrackPointExtension>
    </extensions>
   </trkpt>
   <trkpt lat="12.9290960" lon="77.5145230">
    <ele>845.4</ele>
    <time>2026-08-14T01:25:05Z</time>
    <extensions>
     <gpxtpx:TrackPointExtension>
      <gpxtpx:atemp>24</gpxtpx:atemp>
      <gpxtpx:hr>132</gpxtpx:hr>
      <gpxtpx:cad>84</gpxtpx:cad>
     </gpxtpx:TrackPointExtension>
    </extensions>
   </trkpt>
   <trkpt lat="12.9289130" lon="77.5144800">
    <ele>845.8</ele>
    <time>2026-08-14T01:25:12Z</time>
    <extensions>
     <gpxtpx:TrackPointExtension>
      <gpxtpx:atemp>24</gpxtpx:atemp>
      <gpxtpx:hr>133</gpxtpx:hr>
      <gpxtpx:cad>83</gpxtpx:cad>
     </gpxtpx:TrackPointExtension>
    </extensions>
   </trkpt>
   <trkpt lat="12.9288930" lon="77.5144730">
    <ele>845.8</ele>
    <time>2026-08-14T01:25:13Z</time>
    <extensions>
     <gpxtpx:TrackPointExtension>
      <gpxtpx:atemp>24</gpxtpx:atemp>
      <gpxtpx:hr>133</gpxtpx:hr>
      <gpxtpx:cad>83</gpxtpx:cad>
     </gpxtpx:TrackPointExtension>
    </extensions>
   </trkpt>
   <trkpt lat="12.9287770" lon="77.5144300">
    <ele>846.4</ele>
    <time>2026-08-14T01:25:18Z</time>
    <extensions>
     <gpxtpx:TrackPointExtension>
      <gpxtpx:atemp>24</gpxtpx:atemp>
      <gpxtpx:hr>134</gpxtpx:hr>
      <gpxtpx:cad>84</gpxtpx:cad>
     </gpxtpx:TrackPointExtension>
    </extensions>
   </trkpt>
   <trkpt lat="12.9286560" lon="77.5143930">
    <ele>846.8</ele>
    <time>2026-08-14T01:25:24Z</time>
    <extensions>
     <gpxtpx:TrackPointExtension>
      <gpxtpx:atemp>24</gpxtpx:atemp>
      <gpxtpx:hr>135</gpxtpx:hr>
      <gpxtpx:cad>83</gpxtpx:cad>
     </gpxtpx:TrackPointExtension>
    </extensions>
   </trkpt>
   <trkpt lat="12.9286350" lon="77.5143890">
    <ele>847.0</ele>
    <time>2026-08-14T01:25:26Z</time>
    <extensions>
     <gpxtpx:TrackPointExtension>
      <gpxtpx:atemp>24</gpxtpx:atemp>
      <gpxtpx:hr>132</gpxtpx:hr>
      <gpxtpx:cad>83</gpxtpx:cad>
     </gpxtpx:TrackPointExtension>
    </extensions>
   </trkpt>
   <trkpt lat="12.9286250" lon="77.5143890">
    <ele>847.0</ele>
    <time>2026-08-14T01:25:27Z</time>
    <extensions>
     <gpxtpx:TrackPointExtension>
      <gpxtpx:atemp>24</gpxtpx:atemp>
      <gpxtpx:hr>135</gpxtpx:hr>
      <gpxtpx:cad>83</gpxtpx:cad>
     </gpxtpx:TrackPointExtension>
    </extensions>
   </trkpt>
   <trkpt lat="12.9286020" lon="77.5143990">
    <ele>847.2</ele>
    <time>2026-08-14T01:25:29Z</time>
    <extensions>
     <gpxtpx:TrackPointExtension>
      <gpxtpx:atemp>24</gpxtpx:atemp>
      <gpxtpx:hr>136</gpxtpx:hr>
      <gpxtpx:cad>83</gpxtpx:cad>
     </gpxtpx:TrackPointExtension>
    </extensions>
   </trkpt>
   <trkpt lat="12.9284940" lon="77.5144000">
    <ele>847.4</ele>
    <time>2026-08-14T01:25:36Z</time>
    <extensions>
     <gpxtpx:TrackPointExtension>
      <gpxtpx:atemp>24</gpxtpx:atemp>
      <gpxtpx:hr>137</gpxtpx:hr>
      <gpxtpx:cad>54</gpxtpx:cad>
     </gpxtpx:TrackPointExtension>
    </extensions>
   </trkpt>
   <trkpt lat="12.9284790" lon="77.5143980">
    <ele>847.4</ele>
    <time>2026-08-14T01:25:37Z</time>
    <extensions>
     <gpxtpx:TrackPointExtension>
      <gpxtpx:atemp>24</gpxtpx:atemp>
      <gpxtpx:hr>137</gpxtpx:hr>
      <gpxtpx:cad>54</gpxtpx:cad>
     </gpxtpx:TrackPointExtension>
    </extensions>
   </trkpt>
   <trkpt lat="12.9283620" lon="77.5143810">
    <ele>848.0</ele>
    <time>2026-08-14T01:25:44Z</time>
    <extensions>
     <gpxtpx:TrackPointExtension>
      <gpxtpx:atemp>24</gpxtpx:atemp>
      <gpxtpx:hr>134</gpxtpx:hr>
      <gpxtpx:cad>52</gpxtpx:cad>
     </gpxtpx:TrackPointExtension>
    </extensions>
   </trkpt>
   <trkpt lat="12.9281740" lon="77.5143970">
    <ele>848.2</ele>
    <time>2026-08-14T01:25:49Z</time>
    <extensions>
     <gpxtpx:TrackPointExtension>
      <gpxtpx:atemp>24</gpxtpx:atemp>
      <gpxtpx:hr>134</gpxtpx:hr>
      <gpxtpx:cad>86</gpxtpx:cad>
     </gpxtpx:TrackPointExtension>
    </extensions>
   </trkpt>
   <trkpt lat="12.9281070" lon="77.5144000">
    <ele>848.4</ele>
    <time>2026-08-14T01:25:51Z</time>
    <extensions>
     <gpxtpx:TrackPointExtension>
      <gpxtpx:atemp>24</gpxtpx:atemp>
      <gpxtpx:hr>134</gpxtpx:hr>
      <gpxtpx:cad>86</gpxtpx:cad>
     </gpxtpx:TrackPointExtension>
    </extensions>
   </trkpt>
   <trkpt lat="12.9280800" lon="77.5144050">
    <ele>848.6</ele>
    <time>2026-08-14T01:25:52Z</time>
    <extensions>
     <gpxtpx:TrackPointExtension>
      <gpxtpx:atemp>24</gpxtpx:atemp>
      <gpxtpx:hr>133</gpxtpx:hr>
      <gpxtpx:cad>86</gpxtpx:cad>
     </gpxtpx:TrackPointExtension>
    </extensions>
   </trkpt>
   <trkpt lat="12.9280030" lon="77.5144190">
    <ele>848.8</ele>
    <time>2026-08-14T01:25:55Z</time>
    <extensions>
     <gpxtpx:TrackPointExtension>
      <gpxtpx:atemp>24</gpxtpx:atemp>
      <gpxtpx:hr>137</gpxtpx:hr>
      <gpxtpx:cad>85</gpxtpx:cad>
     </gpxtpx:TrackPointExtension>
    </extensions>
   </trkpt>
   <trkpt lat="12.9279820" lon="77.5144240">
    <ele>849.0</ele>
    <time>2026-08-14T01:25:56Z</time>
    <extensions>
     <gpxtpx:TrackPointExtension>
      <gpxtpx:atemp>24</gpxtpx:atemp>
      <gpxtpx:hr>134</gpxtpx:hr>
      <gpxtpx:cad>85</gpxtpx:cad>
     </gpxtpx:TrackPointExtension>
    </extensions>
   </trkpt>
   <trkpt lat="12.9279580" lon="77.5144270">
    <ele>849.0</ele>
    <time>2026-08-14T01:25:57Z</time>
    <extensions>
     <gpxtpx:TrackPointExtension>
      <gpxtpx:atemp>24</gpxtpx:atemp>
      <gpxtpx:hr>136</gpxtpx:hr>
      <gpxtpx:cad>85</gpxtpx:cad>
     </gpxtpx:TrackPointExtension>
    </extensions>
   </trkpt>
   <trkpt lat="12.9279330" lon="77.5144330">
    <ele>849.2</ele>
    <time>2026-08-14T01:25:58Z</time>
    <extensions>
     <gpxtpx:TrackPointExtension>
      <gpxtpx:atemp>24</gpxtpx:atemp>
      <gpxtpx:hr>139</gpxtpx:hr>
      <gpxtpx:cad>85</gpxtpx:cad>
     </gpxtpx:TrackPointExtension>
    </extensions>
   </trkpt>
   <trkpt lat="12.9278830" lon="77.5144380">
    <ele>849.2</ele>
    <time>2026-08-14T01:26:00Z</time>
    <extensions>
     <gpxtpx:TrackPointExtension>
      <gpxtpx:atemp>24</gpxtpx:atemp>
      <gpxtpx:hr>142</gpxtpx:hr>
      <gpxtpx:cad>84</gpxtpx:cad>
     </gpxtpx:TrackPointExtension>
    </extensions>
   </trkpt>
   <trkpt lat="12.9278310" lon="77.5144420">
    <ele>849.4</ele>
    <time>2026-08-14T01:26:02Z</time>
    <extensions>
     <gpxtpx:TrackPointExtension>
      <gpxtpx:atemp>24</gpxtpx:atemp>
      <gpxtpx:hr>145</gpxtpx:hr>
      <gpxtpx:cad>84</gpxtpx:cad>
     </gpxtpx:TrackPointExtension>
    </extensions>
   </trkpt>
   <trkpt lat="12.9277210" lon="77.5144790">
    <ele>849.4</ele>
    <time>2026-08-14T01:26:05Z</time>
    <extensions>
     <gpxtpx:TrackPointExtension>
      <gpxtpx:atemp>24</gpxtpx:atemp>
      <gpxtpx:hr>147</gpxtpx:hr>
      <gpxtpx:cad>85</gpxtpx:cad>
     </gpxtpx:TrackPointExtension>
    </extensions>
   </trkpt>
   <trkpt lat="12.9275190" lon="77.5144950">
    <ele>849.2</ele>
    <time>2026-08-14T01:26:13Z</time>
    <extensions>
     <gpxtpx:TrackPointExtension>
      <gpxtpx:atemp>24</gpxtpx:atemp>
      <gpxtpx:hr>147</gpxtpx:hr>
      <gpxtpx:cad>83</gpxtpx:cad>
     </gpxtpx:TrackPointExtension>
    </extensions>
   </trkpt>
   <trkpt lat="12.9274910" lon="77.5145030">
    <ele>849.0</ele>
    <time>2026-08-14T01:26:14Z</time>
    <extensions>
     <gpxtpx:TrackPointExtension>
      <gpxtpx:atemp>24</gpxtpx:atemp>
      <gpxtpx:hr>147</gpxtpx:hr>
      <gpxtpx:cad>85</gpxtpx:cad>
     </gpxtpx:TrackPointExtension>
    </extensions>
   </trkpt>
   <trkpt lat="12.9273310" lon="77.5145230">
    <ele>849.0</ele>
    <time>2026-08-14T01:26:19Z</time>
    <extensions>
     <gpxtpx:TrackPointExtension>
      <gpxtpx:atemp>24</gpxtpx:atemp>
      <gpxtpx:hr>147</gpxtpx:hr>
      <gpxtpx:cad>84</gpxtpx:cad>
     </gpxtpx:TrackPointExtension>
    </extensions>
   </trkpt>
   <trkpt lat="12.9271290" lon="77.5145430">
    <ele>848.4</ele>
    <time>2026-08-14T01:26:26Z</time>
    <extensions>
     <gpxtpx:TrackPointExtension>
      <gpxtpx:atemp>24</gpxtpx:atemp>
      <gpxtpx:hr>147</gpxtpx:hr>
      <gpxtpx:cad>83</gpxtpx:cad>
     </gpxtpx:TrackPointExtension>
    </extensions>
   </trkpt>
   <trkpt lat="12.9271050" lon="77.5145400">
    <ele>848.4</ele>
    <time>2026-08-14T01:26:27Z</time>
    <extensions>
     <gpxtpx:TrackPointExtension>
      <gpxtpx:atemp>24</gpxtpx:atemp>
      <gpxtpx:hr>147</gpxtpx:hr>
      <gpxtpx:cad>83</gpxtpx:cad>
     </gpxtpx:TrackPointExtension>
    </extensions>
   </trkpt>
   <trkpt lat="12.9270750" lon="77.5145380">
    <ele>848.2</ele>
    <time>2026-08-14T01:26:28Z</time>
    <extensions>
     <gpxtpx:TrackPointExtension>
      <gpxtpx:atemp>24</gpxtpx:atemp>
      <gpxtpx:hr>144</gpxtpx:hr>
      <gpxtpx:cad>83</gpxtpx:cad>
     </gpxtpx:TrackPointExtension>
    </extensions>
   </trkpt>
   <trkpt lat="12.9270500" lon="77.5145410">
    <ele>848.0</ele>
    <time>2026-08-14T01:26:29Z</time>
    <extensions>
     <gpxtpx:TrackPointExtension>
      <gpxtpx:atemp>24</gpxtpx:atemp>
      <gpxtpx:hr>147</gpxtpx:hr>
      <gpxtpx:cad>82</gpxtpx:cad>
     </gpxtpx:TrackPointExtension>
    </extensions>
   </trkpt>
   <trkpt lat="12.9268620" lon="77.5145400">
    <ele>847.6</ele>
    <time>2026-08-14T01:26:35Z</time>
    <extensions>
     <gpxtpx:TrackPointExtension>
      <gpxtpx:atemp>24</gpxtpx:atemp>
      <gpxtpx:hr>145</gpxtpx:hr>
      <gpxtpx:cad>81</gpxtpx:cad>
     </gpxtpx:TrackPointExtension>
    </extensions>
   </trkpt>
   <trkpt lat="12.9268350" lon="77.5145450">
    <ele>847.6</ele>
    <time>2026-08-14T01:26:36Z</time>
    <extensions>
     <gpxtpx:TrackPointExtension>
      <gpxtpx:atemp>24</gpxtpx:atemp>
      <gpxtpx:hr>145</gpxtpx:hr>
      <gpxtpx:cad>82</gpxtpx:cad>
     </gpxtpx:TrackPointExtension>
    </extensions>
   </trkpt>
   <trkpt lat="12.9267810" lon="77.5145510">
    <ele>847.4</ele>
    <time>2026-08-14T01:26:38Z</time>
    <extensions>
     <gpxtpx:TrackPointExtension>
      <gpxtpx:atemp>24</gpxtpx:atemp>
      <gpxtpx:hr>147</gpxtpx:hr>
      <gpxtpx:cad>81</gpxtpx:cad>
     </gpxtpx:TrackPointExtension>
    </extensions>
   </trkpt>
   <trkpt lat="12.9266050" lon="77.5145740">
    <ele>847.2</ele>
    <time>2026-08-14T01:26:46Z</time>
    <extensions>
     <gpxtpx:TrackPointExtension>
      <gpxtpx:atemp>24</gpxtpx:atemp>
      <gpxtpx:hr>147</gpxtpx:hr>
      <gpxtpx:cad>82</gpxtpx:cad>
     </gpxtpx:TrackPointExtension>
    </extensions>
   </trkpt>
   <trkpt lat="12.9265140" lon="77.5146070">
    <ele>846.8</ele>
    <time>2026-08-14T01:26:51Z</time>
    <extensions>
     <gpxtpx:TrackPointExtension>
      <gpxtpx:atemp>24</gpxtpx:atemp>
      <gpxtpx:hr>145</gpxtpx:hr>
      <gpxtpx:cad>77</gpxtpx:cad>
     </gpxtpx:TrackPointExtension>
    </extensions>
   </trkpt>
   <trkpt lat="12.9264810" lon="77.5146230">
    <ele>846.8</ele>
    <time>2026-08-14T01:26:54Z</time>
    <extensions>
     <gpxtpx:TrackPointExtension>
      <gpxtpx:atemp>24</gpxtpx:atemp>
      <gpxtpx:hr>146</gpxtpx:hr>
      <gpxtpx:cad>78</gpxtpx:cad>
     </gpxtpx:TrackPointExtension>
    </extensions>
   </trkpt>
   <trkpt lat="12.9264680" lon="77.5146390">
    <ele>846.8</ele>
    <time>2026-08-14T01:26:57Z</time>
    <extensions>
     <gpxtpx:TrackPointExtension>
      <gpxtpx:atemp>24</gpxtpx:atemp>
      <gpxtpx:hr>147</gpxtpx:hr>
      <gpxtpx:cad>78</gpxtpx:cad>
     </gpxtpx:TrackPointExtension>
    </extensions>
   </trkpt>
   <trkpt lat="12.9264530" lon="77.5146700">
    <ele>847.0</ele>
    <time>2026-08-14T01:27:05Z</time>
    <extensions>
     <gpxtpx:TrackPointExtension>
      <gpxtpx:atemp>24</gpxtpx:atemp>
      <gpxtpx:hr>147</gpxtpx:hr>
      <gpxtpx:cad>53</gpxtpx:cad>
     </gpxtpx:TrackPointExtension>
    </extensions>
   </trkpt>
   <trkpt lat="12.9264500" lon="77.5147680">
    <ele>846.6</ele>
    <time>2026-08-14T01:27:10Z</time>
    <extensions>
     <gpxtpx:TrackPointExtension>
      <gpxtpx:atemp>24</gpxtpx:atemp>
      <gpxtpx:hr>145</gpxtpx:hr>
      <gpxtpx:cad>52</gpxtpx:cad>
     </gpxtpx:TrackPointExtension>
    </extensions>
   </trkpt>
   <trkpt lat="12.9264500" lon="77.5147840">
    <ele>846.6</ele>
    <time>2026-08-14T01:27:11Z</time>
    <extensions>
     <gpxtpx:TrackPointExtension>
      <gpxtpx:atemp>24</gpxtpx:atemp>
      <gpxtpx:hr>145</gpxtpx:hr>
      <gpxtpx:cad>52</gpxtpx:cad>
     </gpxtpx:TrackPointExtension>
    </extensions>
   </trkpt>
   <trkpt lat="12.9264420" lon="77.5148000">
    <ele>846.6</ele>
    <time>2026-08-14T01:27:12Z</time>
    <extensions>
     <gpxtpx:TrackPointExtension>
      <gpxtpx:atemp>24</gpxtpx:atemp>
      <gpxtpx:hr>145</gpxtpx:hr>
      <gpxtpx:cad>51</gpxtpx:cad>
     </gpxtpx:TrackPointExtension>
    </extensions>
   </trkpt>
   <trkpt lat="12.9264440" lon="77.5148510">
    <ele>846.8</ele>
    <time>2026-08-14T01:27:15Z</time>
    <extensions>
     <gpxtpx:TrackPointExtension>
      <gpxtpx:atemp>24</gpxtpx:atemp>
      <gpxtpx:hr>142</gpxtpx:hr>
      <gpxtpx:cad>51</gpxtpx:cad>
     </gpxtpx:TrackPointExtension>
    </extensions>
   </trkpt>
   <trkpt lat="12.9264540" lon="77.5148630">
    <ele>846.8</ele>
    <time>2026-08-14T01:27:16Z</time>
    <extensions>
     <gpxtpx:TrackPointExtension>
      <gpxtpx:atemp>24</gpxtpx:atemp>
      <gpxtpx:hr>141</gpxtpx:hr>
      <gpxtpx:cad>0</gpxtpx:cad>
     </gpxtpx:TrackPointExtension>
    </extensions>
   </trkpt>
   <trkpt lat="12.9264840" lon="77.5149270">
    <ele>847.0</ele>
    <time>2026-08-14T01:27:20Z</time>
    <extensions>
     <gpxtpx:TrackPointExtension>
      <gpxtpx:atemp>24</gpxtpx:atemp>
      <gpxtpx:hr>138</gpxtpx:hr>
      <gpxtpx:cad>85</gpxtpx:cad>
     </gpxtpx:TrackPointExtension>
    </extensions>
   </trkpt>
   <trkpt lat="12.9264830" lon="77.5149810">
    <ele>847.0</ele>
    <time>2026-08-14T01:27:22Z</time>
    <extensions>
     <gpxtpx:TrackPointExtension>
      <gpxtpx:atemp>24</gpxtpx:atemp>
      <gpxtpx:hr>138</gpxtpx:hr>
      <gpxtpx:cad>85</gpxtpx:cad>
     </gpxtpx:TrackPointExtension>
    </extensions>
   </trkpt>
   <trkpt lat="12.9264460" lon="77.5151710">
    <ele>847.2</ele>
    <time>2026-08-14T01:27:28Z</time>
    <extensions>
     <gpxtpx:TrackPointExtension>
      <gpxtpx:atemp>24</gpxtpx:atemp>
      <gpxtpx:hr>140</gpxtpx:hr>
      <gpxtpx:cad>85</gpxtpx:cad>
     </gpxtpx:TrackPointExtension>
    </extensions>
   </trkpt>
   <trkpt lat="12.9263840" lon="77.5153660">
    <ele>847.6</ele>
    <time>2026-08-14T01:27:34Z</time>
    <extensions>
     <gpxtpx:TrackPointExtension>
      <gpxtpx:atemp>24</gpxtpx:atemp>
      <gpxtpx:hr>139</gpxtpx:hr>
      <gpxtpx:cad>85</gpxtpx:cad>
     </gpxtpx:TrackPointExtension>
    </extensions>
   </trkpt>
   <trkpt lat="12.9263500" lon="77.5154140">
    <ele>847.8</ele>
    <time>2026-08-14T01:27:36Z</time>
    <extensions>
     <gpxtpx:TrackPointExtension>
      <gpxtpx:atemp>24</gpxtpx:atemp>
      <gpxtpx:hr>139</gpxtpx:hr>
      <gpxtpx:cad>85</gpxtpx:cad>
     </gpxtpx:TrackPointExtension>
    </extensions>
   </trkpt>
   <trkpt lat="12.9262630" lon="77.5154690">
    <ele>847.8</ele>
    <time>2026-08-14T01:27:40Z</time>
    <extensions>
     <gpxtpx:TrackPointExtension>
      <gpxtpx:atemp>24</gpxtpx:atemp>
      <gpxtpx:hr>139</gpxtpx:hr>
      <gpxtpx:cad>85</gpxtpx:cad>
     </gpxtpx:TrackPointExtension>
    </extensions>
   </trkpt>
   <trkpt lat="12.9262510" lon="77.5154930">
    <ele>848.0</ele>
    <time>2026-08-14T01:27:41Z</time>
    <extensions>
     <gpxtpx:TrackPointExtension>
      <gpxtpx:atemp>24</gpxtpx:atemp>
      <gpxtpx:hr>138</gpxtpx:hr>
      <gpxtpx:cad>85</gpxtpx:cad>
     </gpxtpx:TrackPointExtension>
    </extensions>
   </trkpt>
   <trkpt lat="12.9262410" lon="77.5155520">
    <ele>848.0</ele>
    <time>2026-08-14T01:27:43Z</time>
    <extensions>
     <gpxtpx:TrackPointExtension>
      <gpxtpx:atemp>24</gpxtpx:atemp>
      <gpxtpx:hr>137</gpxtpx:hr>
      <gpxtpx:cad>84</gpxtpx:cad>
     </gpxtpx:TrackPointExtension>
    </extensions>
   </trkpt>
   <trkpt lat="12.9262190" lon="77.5157190">
    <ele>848.6</ele>
    <time>2026-08-14T01:27:48Z</time>
    <extensions>
     <gpxtpx:TrackPointExtension>
      <gpxtpx:atemp>24</gpxtpx:atemp>
      <gpxtpx:hr>138</gpxtpx:hr>
      <gpxtpx:cad>82</gpxtpx:cad>
     </gpxtpx:TrackPointExtension>
    </extensions>
   </trkpt>
   <trkpt lat="12.9261820" lon="77.5158380">
    <ele>848.8</ele>
    <time>2026-08-14T01:27:53Z</time>
    <extensions>
     <gpxtpx:TrackPointExtension>
      <gpxtpx:atemp>24</gpxtpx:atemp>
      <gpxtpx:hr>140</gpxtpx:hr>
      <gpxtpx:cad>82</gpxtpx:cad>
     </gpxtpx:TrackPointExtension>
    </extensions>
   </trkpt>
   <trkpt lat="12.9261070" lon="77.5160200">
    <ele>849.2</ele>
    <time>2026-08-14T01:27:59Z</time>
    <extensions>
     <gpxtpx:TrackPointExtension>
      <gpxtpx:atemp>24</gpxtpx:atemp>
      <gpxtpx:hr>142</gpxtpx:hr>
      <gpxtpx:cad>83</gpxtpx:cad>
     </gpxtpx:TrackPointExtension>
    </extensions>
   </trkpt>
   <trkpt lat="12.9260890" lon="77.5160850">
    <ele>849.6</ele>
    <time>2026-08-14T01:28:01Z</time>
    <extensions>
     <gpxtpx:TrackPointExtension>
      <gpxtpx:atemp>24</gpxtpx:atemp>
      <gpxtpx:hr>145</gpxtpx:hr>
      <gpxtpx:cad>83</gpxtpx:cad>
     </gpxtpx:TrackPointExtension>
    </extensions>
   </trkpt>
   <trkpt lat="12.9260850" lon="77.5161210">
    <ele>849.6</ele>
    <time>2026-08-14T01:28:02Z</time>
    <extensions>
     <gpxtpx:TrackPointExtension>
      <gpxtpx:atemp>24</gpxtpx:atemp>
      <gpxtpx:hr>144</gpxtpx:hr>
      <gpxtpx:cad>83</gpxtpx:cad>
     </gpxtpx:TrackPointExtension>
    </extensions>
   </trkpt>
   <trkpt lat="12.9260740" lon="77.5161900">
    <ele>849.8</ele>
    <time>2026-08-14T01:28:04Z</time>
    <extensions>
     <gpxtpx:TrackPointExtension>
      <gpxtpx:atemp>24</gpxtpx:atemp>
      <gpxtpx:hr>143</gpxtpx:hr>
      <gpxtpx:cad>83</gpxtpx:cad>
     </gpxtpx:TrackPointExtension>
    </extensions>
   </trkpt>
   <trkpt lat="12.9260600" lon="77.5162140">
    <ele>849.8</ele>
    <time>2026-08-14T01:28:05Z</time>
    <extensions>
     <gpxtpx:TrackPointExtension>
      <gpxtpx:atemp>24</gpxtpx:atemp>
      <gpxtpx:hr>144</gpxtpx:hr>
      <gpxtpx:cad>83</gpxtpx:cad>
     </gpxtpx:TrackPointExtension>
    </extensions>
   </trkpt>
   <trkpt lat="12.9260640" lon="77.5162420">
    <ele>850.0</ele>
    <time>2026-08-14T01:28:07Z</time>
    <extensions>
     <gpxtpx:TrackPointExtension>
      <gpxtpx:atemp>24</gpxtpx:atemp>
      <gpxtpx:hr>144</gpxtpx:hr>
      <gpxtpx:cad>83</gpxtpx:cad>
     </gpxtpx:TrackPointExtension>
    </extensions>
   </trkpt>
   <trkpt lat="12.9260900" lon="77.5162850">
    <ele>850.4</ele>
    <time>2026-08-14T01:28:10Z</time>
    <extensions>
     <gpxtpx:TrackPointExtension>
      <gpxtpx:atemp>24</gpxtpx:atemp>
      <gpxtpx:hr>143</gpxtpx:hr>
      <gpxtpx:cad>83</gpxtpx:cad>
     </gpxtpx:TrackPointExtension>
    </extensions>
   </trkpt>
   <trkpt lat="12.9260900" lon="77.5163310">
    <ele>850.6</ele>
    <time>2026-08-14T01:28:12Z</time>
    <extensions>
     <gpxtpx:TrackPointExtension>
      <gpxtpx:atemp>24</gpxtpx:atemp>
      <gpxtpx:hr>145</gpxtpx:hr>
      <gpxtpx:cad>82</gpxtpx:cad>
     </gpxtpx:TrackPointExtension>
    </extensions>
   </trkpt>
   <trkpt lat="12.9260790" lon="77.5163580">
    <ele>850.8</ele>
    <time>2026-08-14T01:28:13Z</time>
    <extensions>
     <gpxtpx:TrackPointExtension>
      <gpxtpx:atemp>24</gpxtpx:atemp>
      <gpxtpx:hr>145</gpxtpx:hr>
      <gpxtpx:cad>82</gpxtpx:cad>
     </gpxtpx:TrackPointExtension>
    </extensions>
   </trkpt>
   <trkpt lat="12.9260260" lon="77.5164910">
    <ele>851.2</ele>
    <time>2026-08-14T01:28:20Z</time>
    <extensions>
     <gpxtpx:TrackPointExtension>
      <gpxtpx:atemp>24</gpxtpx:atemp>
      <gpxtpx:hr>145</gpxtpx:hr>
      <gpxtpx:cad>81</gpxtpx:cad>
     </gpxtpx:TrackPointExtension>
    </extensions>
   </trkpt>
   <trkpt lat="12.9260150" lon="77.5165210">
    <ele>851.0</ele>
    <time>2026-08-14T01:28:22Z</time>
    <extensions>
     <gpxtpx:TrackPointExtension>
      <gpxtpx:atemp>24</gpxtpx:atemp>
      <gpxtpx:hr>142</gpxtpx:hr>
      <gpxtpx:cad>81</gpxtpx:cad>
     </gpxtpx:TrackPointExtension>
    </extensions>
   </trkpt>
   <trkpt lat="12.9260030" lon="77.5165610">
    <ele>851.2</ele>
    <time>2026-08-14T01:28:24Z</time>
    <extensions>
     <gpxtpx:TrackPointExtension>
      <gpxtpx:atemp>24</gpxtpx:atemp>
      <gpxtpx:hr>145</gpxtpx:hr>
      <gpxtpx:cad>82</gpxtpx:cad>
     </gpxtpx:TrackPointExtension>
    </extensions>
   </trkpt>
   <trkpt lat="12.9259350" lon="77.5166400">
    <ele>851.6</ele>
    <time>2026-08-14T01:28:28Z</time>
    <extensions>
     <gpxtpx:TrackPointExtension>
      <gpxtpx:atemp>24</gpxtpx:atemp>
      <gpxtpx:hr>145</gpxtpx:hr>
      <gpxtpx:cad>81</gpxtpx:cad>
     </gpxtpx:TrackPointExtension>
    </extensions>
   </trkpt>
   <trkpt lat="12.9259180" lon="77.5166590">
    <ele>851.8</ele>
    <time>2026-08-14T01:28:29Z</time>
    <extensions>
     <gpxtpx:TrackPointExtension>
      <gpxtpx:atemp>24</gpxtpx:atemp>
      <gpxtpx:hr>145</gpxtpx:hr>
      <gpxtpx:cad>81</gpxtpx:cad>
     </gpxtpx:TrackPointExtension>
    </extensions>
   </trkpt>
   <trkpt lat="12.9258960" lon="77.5166730">
    <ele>852.0</ele>
    <time>2026-08-14T01:28:30Z</time>
    <extensions>
     <gpxtpx:TrackPointExtension>
      <gpxtpx:atemp>24</gpxtpx:atemp>
      <gpxtpx:hr>145</gpxtpx:hr>
      <gpxtpx:cad>81</gpxtpx:cad>
     </gpxtpx:TrackPointExtension>
    </extensions>
   </trkpt>
   <trkpt lat="12.9258740" lon="77.5166860">
    <ele>852.0</ele>
    <time>2026-08-14T01:28:31Z</time>
    <extensions>
     <gpxtpx:TrackPointExtension>
      <gpxtpx:atemp>24</gpxtpx:atemp>
      <gpxtpx:hr>144</gpxtpx:hr>
      <gpxtpx:cad>81</gpxtpx:cad>
     </gpxtpx:TrackPointExtension>
    </extensions>
   </trkpt>
   <trkpt lat="12.9258080" lon="77.5167400">
    <ele>852.0</ele>
    <time>2026-08-14T01:28:36Z</time>
    <extensions>
     <gpxtpx:TrackPointExtension>
      <gpxtpx:atemp>24</gpxtpx:atemp>
      <gpxtpx:hr>144</gpxtpx:hr>
      <gpxtpx:cad>80</gpxtpx:cad>
     </gpxtpx:TrackPointExtension>
    </extensions>
   </trkpt>
   <trkpt lat="12.9257600" lon="77.5168130">
    <ele>852.2</ele>
    <time>2026-08-14T01:28:40Z</time>
    <extensions>
     <gpxtpx:TrackPointExtension>
      <gpxtpx:atemp>24</gpxtpx:atemp>
      <gpxtpx:hr>143</gpxtpx:hr>
      <gpxtpx:cad>79</gpxtpx:cad>
     </gpxtpx:TrackPointExtension>
    </extensions>
   </trkpt>
   <trkpt lat="12.9256900" lon="77.5169130">
    <ele>852.2</ele>
    <time>2026-08-14T01:28:42Z</time>
    <extensions>
     <gpxtpx:TrackPointExtension>
      <gpxtpx:atemp>24</gpxtpx:atemp>
      <gpxtpx:hr>143</gpxtpx:hr>
      <gpxtpx:cad>79</gpxtpx:cad>
     </gpxtpx:TrackPointExtension>
    </extensions>
   </trkpt>
   <trkpt lat="12.9255560" lon="77.5170660">
    <ele>852.6</ele>
    <time>2026-08-14T01:28:47Z</time>
    <extensions>
     <gpxtpx:TrackPointExtension>
      <gpxtpx:atemp>24</gpxtpx:atemp>
      <gpxtpx:hr>143</gpxtpx:hr>
      <gpxtpx:cad>79</gpxtpx:cad>
     </gpxtpx:TrackPointExtension>
    </extensions>
   </trkpt>
   <trkpt lat="12.9255400" lon="77.5170730">
    <ele>852.8</ele>
    <time>2026-08-14T01:28:48Z</time>
    <extensions>
     <gpxtpx:TrackPointExtension>
      <gpxtpx:atemp>23</gpxtpx:atemp>
      <gpxtpx:hr>142</gpxtpx:hr>
      <gpxtpx:cad>79</gpxtpx:cad>
     </gpxtpx:TrackPointExtension>
    </extensions>
   </trkpt>
   <trkpt lat="12.9254510" lon="77.5171390">
    <ele>852.8</ele>
    <time>2026-08-14T01:28:55Z</time>
    <extensions>
     <gpxtpx:TrackPointExtension>
      <gpxtpx:atemp>23</gpxtpx:atemp>
      <gpxtpx:hr>140</gpxtpx:hr>
      <gpxtpx:cad>53</gpxtpx:cad>
     </gpxtpx:TrackPointExtension>
    </extensions>
   </trkpt>
   <trkpt lat="12.9254420" lon="77.5171510">
    <ele>852.8</ele>
    <time>2026-08-14T01:28:56Z</time>
    <extensions>
     <gpxtpx:TrackPointExtension>
      <gpxtpx:atemp>23</gpxtpx:atemp>
      <gpxtpx:hr>139</gpxtpx:hr>
      <gpxtpx:cad>53</gpxtpx:cad>
     </gpxtpx:TrackPointExtension>
    </extensions>
   </trkpt>
   <trkpt lat="12.9254180" lon="77.5171880">
    <ele>853.0</ele>
    <time>2026-08-14T01:29:00Z</time>
    <extensions>
     <gpxtpx:TrackPointExtension>
      <gpxtpx:atemp>24</gpxtpx:atemp>
      <gpxtpx:hr>138</gpxtpx:hr>
      <gpxtpx:cad>53</gpxtpx:cad>
     </gpxtpx:TrackPointExtension>
    </extensions>
   </trkpt>
   <trkpt lat="12.9253750" lon="77.5172330">
    <ele>853.4</ele>
    <time>2026-08-14T01:29:05Z</time>
    <extensions>
     <gpxtpx:TrackPointExtension>
      <gpxtpx:atemp>23</gpxtpx:atemp>
      <gpxtpx:hr>136</gpxtpx:hr>
      <gpxtpx:cad>51</gpxtpx:cad>
     </gpxtpx:TrackPointExtension>
    </extensions>
   </trkpt>
   <trkpt lat="12.9253180" lon="77.5173120">
    <ele>853.6</ele>
    <time>2026-08-14T01:29:13Z</time>
    <extensions>
     <gpxtpx:TrackPointExtension>
      <gpxtpx:atemp>23</gpxtpx:atemp>
      <gpxtpx:hr>136</gpxtpx:hr>
      <gpxtpx:cad>53</gpxtpx:cad>
     </gpxtpx:TrackPointExtension>
    </extensions>
   </trkpt>
   <trkpt lat="12.9253190" lon="77.5173260">
    <ele>853.8</ele>
    <time>2026-08-14T01:29:14Z</time>
    <extensions>
     <gpxtpx:TrackPointExtension>
      <gpxtpx:atemp>23</gpxtpx:atemp>
      <gpxtpx:hr>135</gpxtpx:hr>
      <gpxtpx:cad>52</gpxtpx:cad>
     </gpxtpx:TrackPointExtension>
    </extensions>
   </trkpt>
   <trkpt lat="12.9253080" lon="77.5173530">
    <ele>854.0</ele>
    <time>2026-08-14T01:29:16Z</time>
    <extensions>
     <gpxtpx:TrackPointExtension>
      <gpxtpx:atemp>23</gpxtpx:atemp>
      <gpxtpx:hr>136</gpxtpx:hr>
      <gpxtpx:cad>53</gpxtpx:cad>
     </gpxtpx:TrackPointExtension>
    </extensions>
   </trkpt>
   <trkpt lat="12.9252860" lon="77.5174090">
    <ele>854.0</ele>
    <time>2026-08-14T01:29:20Z</time>
    <extensions>
     <gpxtpx:TrackPointExtension>
      <gpxtpx:atemp>23</gpxtpx:atemp>
      <gpxtpx:hr>132</gpxtpx:hr>
      <gpxtpx:cad>53</gpxtpx:cad>
     </gpxtpx:TrackPointExtension>
    </extensions>
   </trkpt>
   <trkpt lat="12.9252610" lon="77.5174450">
    <ele>854.2</ele>
    <time>2026-08-14T01:29:23Z</time>
    <extensions>
     <gpxtpx:TrackPointExtension>
      <gpxtpx:atemp>23</gpxtpx:atemp>
      <gpxtpx:hr>129</gpxtpx:hr>
      <gpxtpx:cad>52</gpxtpx:cad>
     </gpxtpx:TrackPointExtension>
    </extensions>
   </trkpt>
   <trkpt lat="12.9252470" lon="77.5174760">
    <ele>854.4</ele>
    <time>2026-08-14T01:29:25Z</time>
    <extensions>
     <gpxtpx:TrackPointExtension>
      <gpxtpx:atemp>23</gpxtpx:atemp>
      <gpxtpx:hr>128</gpxtpx:hr>
      <gpxtpx:cad>53</gpxtpx:cad>
     </gpxtpx:TrackPointExtension>
    </extensions>
   </trkpt>
   <trkpt lat="12.9252200" lon="77.5175500">
    <ele>854.8</ele>
    <time>2026-08-14T01:29:29Z</time>
    <extensions>
     <gpxtpx:TrackPointExtension>
      <gpxtpx:atemp>23</gpxtpx:atemp>
      <gpxtpx:hr>127</gpxtpx:hr>
      <gpxtpx:cad>53</gpxtpx:cad>
     </gpxtpx:TrackPointExtension>
    </extensions>
   </trkpt>
   <trkpt lat="12.9251890" lon="77.5175960">
    <ele>855.2</ele>
    <time>2026-08-14T01:29:32Z</time>
    <extensions>
     <gpxtpx:TrackPointExtension>
      <gpxtpx:atemp>23</gpxtpx:atemp>
      <gpxtpx:hr>124</gpxtpx:hr>
      <gpxtpx:cad>53</gpxtpx:cad>
     </gpxtpx:TrackPointExtension>
    </extensions>
   </trkpt>
   <trkpt lat="12.9251670" lon="77.5176450">
    <ele>855.4</ele>
    <time>2026-08-14T01:29:35Z</time>
    <extensions>
     <gpxtpx:TrackPointExtension>
      <gpxtpx:atemp>23</gpxtpx:atemp>
      <gpxtpx:hr>124</gpxtpx:hr>
      <gpxtpx:cad>53</gpxtpx:cad>
     </gpxtpx:TrackPointExtension>
    </extensions>
   </trkpt>
   <trkpt lat="12.9251470" lon="77.5176790">
    <ele>855.4</ele>
    <time>2026-08-14T01:29:39Z</time>
    <extensions>
     <gpxtpx:TrackPointExtension>
      <gpxtpx:atemp>23</gpxtpx:atemp>
      <gpxtpx:hr>121</gpxtpx:hr>
      <gpxtpx:cad>53</gpxtpx:cad>
     </gpxtpx:TrackPointExtension>
    </extensions>
   </trkpt>
   <trkpt lat="12.9251420" lon="77.5176800">
    <ele>855.6</ele>
    <time>2026-08-14T01:29:40Z</time>
    <extensions>
     <gpxtpx:TrackPointExtension>
      <gpxtpx:atemp>23</gpxtpx:atemp>
      <gpxtpx:hr>122</gpxtpx:hr>
      <gpxtpx:cad>53</gpxtpx:cad>
     </gpxtpx:TrackPointExtension>
    </extensions>
   </trkpt>
   <trkpt lat="12.9250690" lon="77.5177170">
    <ele>855.8</ele>
    <time>2026-08-14T01:29:46Z</time>
    <extensions>
     <gpxtpx:TrackPointExtension>
      <gpxtpx:atemp>23</gpxtpx:atemp>
      <gpxtpx:hr>120</gpxtpx:hr>
      <gpxtpx:cad>52</gpxtpx:cad>
     </gpxtpx:TrackPointExtension>
    </extensions>
   </trkpt>
   <trkpt lat="12.9250700" lon="77.5177190">
    <ele>855.8</ele>
    <time>2026-08-14T01:29:47Z</time>
    <extensions>
     <gpxtpx:TrackPointExtension>
      <gpxtpx:atemp>23</gpxtpx:atemp>
      <gpxtpx:hr>119</gpxtpx:hr>
      <gpxtpx:cad>52</gpxtpx:cad>
     </gpxtpx:TrackPointExtension>
    </extensions>
   </trkpt>
   <trkpt lat="12.9250350" lon="77.5178100">
    <ele>856.0</ele>
    <time>2026-08-14T01:29:52Z</time>
    <extensions>
     <gpxtpx:TrackPointExtension>
      <gpxtpx:atemp>23</gpxtpx:atemp>
      <gpxtpx:hr>119</gpxtpx:hr>
      <gpxtpx:cad>50</gpxtpx:cad>
     </gpxtpx:TrackPointExtension>
    </extensions>
   </trkpt>
   <trkpt lat="12.9249860" lon="77.5178620">
    <ele>856.4</ele>
    <time>2026-08-14T01:29:57Z</time>
    <extensions>
     <gpxtpx:TrackPointExtension>
      <gpxtpx:atemp>23</gpxtpx:atemp>
      <gpxtpx:hr>119</gpxtpx:hr>
      <gpxtpx:cad>53</gpxtpx:cad>
     </gpxtpx:TrackPointExtension>
    </extensions>
   </trkpt>
   <trkpt lat="12.9249260" lon="77.5179610">
    <ele>857.0</ele>
    <time>2026-08-14T01:30:03Z</time>
    <extensions>
     <gpxtpx:TrackPointExtension>
      <gpxtpx:atemp>23</gpxtpx:atemp>
      <gpxtpx:hr>117</gpxtpx:hr>
      <gpxtpx:cad>53</gpxtpx:cad>
     </gpxtpx:TrackPointExtension>
    </extensions>
   </trkpt>
   <trkpt lat="12.9249180" lon="77.5179910">
    <ele>857.0</ele>
    <time>2026-08-14T01:30:05Z</time>
    <extensions>
     <gpxtpx:TrackPointExtension>
      <gpxtpx:atemp>23</gpxtpx:atemp>
      <gpxtpx:hr>116</gpxtpx:hr>
      <gpxtpx:cad>53</gpxtpx:cad>
     </gpxtpx:TrackPointExtension>
    </extensions>
   </trkpt>
   <trkpt lat="12.9249090" lon="77.5180100">
    <ele>857.0</ele>
    <time>2026-08-14T01:30:07Z</time>
    <extensions>
     <gpxtpx:TrackPointExtension>
      <gpxtpx:atemp>23</gpxtpx:atemp>
      <gpxtpx:hr>115</gpxtpx:hr>
      <gpxtpx:cad>107</gpxtpx:cad>
     </gpxtpx:TrackPointExtension>
    </extensions>
   </trkpt>
   <trkpt lat="12.9248410" lon="77.5180570">
    <ele>857.4</ele>
    <time>2026-08-14T01:30:11Z</time>
    <extensions>
     <gpxtpx:TrackPointExtension>
      <gpxtpx:atemp>23</gpxtpx:atemp>
      <gpxtpx:hr>113</gpxtpx:hr>
      <gpxtpx:cad>83</gpxtpx:cad>
     </gpxtpx:TrackPointExtension>
    </extensions>
   </trkpt>
   <trkpt lat="12.9246320" lon="77.5181260">
    <ele>857.4</ele>
    <time>2026-08-14T01:30:16Z</time>
    <extensions>
     <gpxtpx:TrackPointExtension>
      <gpxtpx:atemp>23</gpxtpx:atemp>
      <gpxtpx:hr>113</gpxtpx:hr>
      <gpxtpx:cad>85</gpxtpx:cad>
     </gpxtpx:TrackPointExtension>
    </extensions>
   </trkpt>
   <trkpt lat="12.9245280" lon="77.5181500">
    <ele>856.8</ele>
    <time>2026-08-14T01:30:19Z</time>
    <extensions>
     <gpxtpx:TrackPointExtension>
      <gpxtpx:atemp>23</gpxtpx:atemp>
      <gpxtpx:hr>115</gpxtpx:hr>
      <gpxtpx:cad>84</gpxtpx:cad>
     </gpxtpx:TrackPointExtension>
    </extensions>
   </trkpt>
   <trkpt lat="12.9243600" lon="77.5182210">
    <ele>856.0</ele>
    <time>2026-08-14T01:30:23Z</time>
    <extensions>
     <gpxtpx:TrackPointExtension>
      <gpxtpx:atemp>23</gpxtpx:atemp>
      <gpxtpx:hr>118</gpxtpx:hr>
      <gpxtpx:cad>85</gpxtpx:cad>
     </gpxtpx:TrackPointExtension>
    </extensions>
   </trkpt>
   <trkpt lat="12.9243140" lon="77.5182360">
    <ele>855.6</ele>
    <time>2026-08-14T01:30:24Z</time>
    <extensions>
     <gpxtpx:TrackPointExtension>
      <gpxtpx:atemp>23</gpxtpx:atemp>
      <gpxtpx:hr>119</gpxtpx:hr>
      <gpxtpx:cad>85</gpxtpx:cad>
     </gpxtpx:TrackPointExtension>
    </extensions>
   </trkpt>
   <trkpt lat="12.9242220" lon="77.5182400">
    <ele>855.0</ele>
    <time>2026-08-14T01:30:26Z</time>
    <extensions>
     <gpxtpx:TrackPointExtension>
      <gpxtpx:atemp>23</gpxtpx:atemp>
      <gpxtpx:hr>123</gpxtpx:hr>
      <gpxtpx:cad>85</gpxtpx:cad>
     </gpxtpx:TrackPointExtension>
    </extensions>
   </trkpt>
   <trkpt lat="12.9241340" lon="77.5182270">
    <ele>854.4</ele>
    <time>2026-08-14T01:30:28Z</time>
    <extensions>
     <gpxtpx:TrackPointExtension>
      <gpxtpx:atemp>23</gpxtpx:atemp>
      <gpxtpx:hr>123</gpxtpx:hr>
      <gpxtpx:cad>85</gpxtpx:cad>
     </gpxtpx:TrackPointExtension>
    </extensions>
   </trkpt>
   <trkpt lat="12.9239900" lon="77.5182280">
    <ele>853.2</ele>
    <time>2026-08-14T01:30:32Z</time>
    <extensions>
     <gpxtpx:TrackPointExtension>
      <gpxtpx:atemp>23</gpxtpx:atemp>
      <gpxtpx:hr>125</gpxtpx:hr>
      <gpxtpx:cad>85</gpxtpx:cad>
     </gpxtpx:TrackPointExtension>
    </extensions>
   </trkpt>
   <trkpt lat="12.9239350" lon="77.5182300">
    <ele>852.8</ele>
    <time>2026-08-14T01:30:34Z</time>
    <extensions>
     <gpxtpx:TrackPointExtension>
      <gpxtpx:atemp>23</gpxtpx:atemp>
      <gpxtpx:hr>126</gpxtpx:hr>
      <gpxtpx:cad>84</gpxtpx:cad>
     </gpxtpx:TrackPointExtension>
    </extensions>
   </trkpt>
   <trkpt lat="12.9238180" lon="77.5182330">
    <ele>852.2</ele>
    <time>2026-08-14T01:30:39Z</time>
    <extensions>
     <gpxtpx:TrackPointExtension>
      <gpxtpx:atemp>23</gpxtpx:atemp>
      <gpxtpx:hr>128</gpxtpx:hr>
      <gpxtpx:cad>83</gpxtpx:cad>
     </gpxtpx:TrackPointExtension>
    </extensions>
   </trkpt>
   <trkpt lat="12.9236980" lon="77.5182850">
    <ele>852.0</ele>
    <time>2026-08-14T01:30:42Z</time>
    <extensions>
     <gpxtpx:TrackPointExtension>
      <gpxtpx:atemp>23</gpxtpx:atemp>
      <gpxtpx:hr>129</gpxtpx:hr>
      <gpxtpx:cad>83</gpxtpx:cad>
     </gpxtpx:TrackPointExtension>
    </extensions>
   </trkpt>
   <trkpt lat="12.9235460" lon="77.5183310">
    <ele>851.0</ele>
    <time>2026-08-14T01:30:46Z</time>
    <extensions>
     <gpxtpx:TrackPointExtension>
      <gpxtpx:atemp>23</gpxtpx:atemp>
      <gpxtpx:hr>129</gpxtpx:hr>
      <gpxtpx:cad>83</gpxtpx:cad>
     </gpxtpx:TrackPointExtension>
    </extensions>
   </trkpt>
   <trkpt lat="12.9234830" lon="77.5183270">
    <ele>850.6</ele>
    <time>2026-08-14T01:30:48Z</time>
    <extensions>
     <gpxtpx:TrackPointExtension>
      <gpxtpx:atemp>23</gpxtpx:atemp>
      <gpxtpx:hr>129</gpxtpx:hr>
      <gpxtpx:cad>83</gpxtpx:cad>
     </gpxtpx:TrackPointExtension>
    </extensions>
   </trkpt>
   <trkpt lat="12.9233230" lon="77.5183540">
    <ele>850.2</ele>
    <time>2026-08-14T01:30:53Z</time>
    <extensions>
     <gpxtpx:TrackPointExtension>
      <gpxtpx:atemp>23</gpxtpx:atemp>
      <gpxtpx:hr>132</gpxtpx:hr>
      <gpxtpx:cad>84</gpxtpx:cad>
     </gpxtpx:TrackPointExtension>
    </extensions>
   </trkpt>
   <trkpt lat="12.9233100" lon="77.5183500">
    <ele>850.0</ele>
    <time>2026-08-14T01:30:54Z</time>
    <extensions>
     <gpxtpx:TrackPointExtension>
      <gpxtpx:atemp>23</gpxtpx:atemp>
      <gpxtpx:hr>131</gpxtpx:hr>
      <gpxtpx:cad>84</gpxtpx:cad>
     </gpxtpx:TrackPointExtension>
    </extensions>
   </trkpt>
   <trkpt lat="12.9232820" lon="77.5183560">
    <ele>849.8</ele>
    <time>2026-08-14T01:30:55Z</time>
    <extensions>
     <gpxtpx:TrackPointExtension>
      <gpxtpx:atemp>23</gpxtpx:atemp>
      <gpxtpx:hr>132</gpxtpx:hr>
      <gpxtpx:cad>83</gpxtpx:cad>
     </gpxtpx:TrackPointExtension>
    </extensions>
   </trkpt>
   <trkpt lat="12.9231300" lon="77.5184010">
    <ele>848.8</ele>
    <time>2026-08-14T01:31:00Z</time>
    <extensions>
     <gpxtpx:TrackPointExtension>
      <gpxtpx:atemp>23</gpxtpx:atemp>
      <gpxtpx:hr>135</gpxtpx:hr>
      <gpxtpx:cad>83</gpxtpx:cad>
     </gpxtpx:TrackPointExtension>
    </extensions>
   </trkpt>
   <trkpt lat="12.9231060" lon="77.5184040">
    <ele>848.6</ele>
    <time>2026-08-14T01:31:01Z</time>
    <extensions>
     <gpxtpx:TrackPointExtension>
      <gpxtpx:atemp>23</gpxtpx:atemp>
      <gpxtpx:hr>135</gpxtpx:hr>
      <gpxtpx:cad>83</gpxtpx:cad>
     </gpxtpx:TrackPointExtension>
    </extensions>
   </trkpt>
   <trkpt lat="12.9229150" lon="77.5184280">
    <ele>848.0</ele>
    <time>2026-08-14T01:31:07Z</time>
    <extensions>
     <gpxtpx:TrackPointExtension>
      <gpxtpx:atemp>23</gpxtpx:atemp>
      <gpxtpx:hr>137</gpxtpx:hr>
      <gpxtpx:cad>83</gpxtpx:cad>
     </gpxtpx:TrackPointExtension>
    </extensions>
   </trkpt>
   <trkpt lat="12.9228960" lon="77.5184280">
    <ele>847.8</ele>
    <time>2026-08-14T01:31:08Z</time>
    <extensions>
     <gpxtpx:TrackPointExtension>
      <gpxtpx:atemp>23</gpxtpx:atemp>
      <gpxtpx:hr>136</gpxtpx:hr>
      <gpxtpx:cad>83</gpxtpx:cad>
     </gpxtpx:TrackPointExtension>
    </extensions>
   </trkpt>
   <trkpt lat="12.9228940" lon="77.5184400">
    <ele>847.8</ele>
    <time>2026-08-14T01:31:12Z</time>
    <extensions>
     <gpxtpx:TrackPointExtension>
      <gpxtpx:atemp>23</gpxtpx:atemp>
      <gpxtpx:hr>133</gpxtpx:hr>
      <gpxtpx:cad>76</gpxtpx:cad>
     </gpxtpx:TrackPointExtension>
    </extensions>
   </trkpt>
   <trkpt lat="12.9228260" lon="77.5184250">
    <ele>847.8</ele>
    <time>2026-08-14T01:31:18Z</time>
    <extensions>
     <gpxtpx:TrackPointExtension>
      <gpxtpx:atemp>23</gpxtpx:atemp>
      <gpxtpx:hr>131</gpxtpx:hr>
      <gpxtpx:cad>53</gpxtpx:cad>
     </gpxtpx:TrackPointExtension>
    </extensions>
   </trkpt>
   <trkpt lat="12.9228320" lon="77.5184170">
    <ele>847.6</ele>
    <time>2026-08-14T01:31:19Z</time>
    <extensions>
     <gpxtpx:TrackPointExtension>
      <gpxtpx:atemp>23</gpxtpx:atemp>
      <gpxtpx:hr>130</gpxtpx:hr>
      <gpxtpx:cad>52</gpxtpx:cad>
     </gpxtpx:TrackPointExtension>
    </extensions>
   </trkpt>
   <trkpt lat="12.9228150" lon="77.5184240">
    <ele>847.2</ele>
    <time>2026-08-14T01:31:23Z</time>
    <extensions>
     <gpxtpx:TrackPointExtension>
      <gpxtpx:atemp>23</gpxtpx:atemp>
      <gpxtpx:hr>126</gpxtpx:hr>
      <gpxtpx:cad>53</gpxtpx:cad>
     </gpxtpx:TrackPointExtension>
    </extensions>
   </trkpt>
   <trkpt lat="12.9226570" lon="77.5184470">
    <ele>846.6</ele>
    <time>2026-08-14T01:31:29Z</time>
    <extensions>
     <gpxtpx:TrackPointExtension>
      <gpxtpx:atemp>23</gpxtpx:atemp>
      <gpxtpx:hr>127</gpxtpx:hr>
      <gpxtpx:cad>83</gpxtpx:cad>
     </gpxtpx:TrackPointExtension>
    </extensions>
   </trkpt>
   <trkpt lat="12.9226210" lon="77.5185010">
    <ele>846.6</ele>
    <time>2026-08-14T01:31:32Z</time>
    <extensions>
     <gpxtpx:TrackPointExtension>
      <gpxtpx:atemp>23</gpxtpx:atemp>
      <gpxtpx:hr>125</gpxtpx:hr>
      <gpxtpx:cad>83</gpxtpx:cad>
     </gpxtpx:TrackPointExtension>
    </extensions>
   </trkpt>
   <trkpt lat="12.9226350" lon="77.5185210">
    <ele>846.4</ele>
    <time>2026-08-14T01:31:33Z</time>
    <extensions>
     <gpxtpx:TrackPointExtension>
      <gpxtpx:atemp>23</gpxtpx:atemp>
      <gpxtpx:hr>125</gpxtpx:hr>
      <gpxtpx:cad>83</gpxtpx:cad>
     </gpxtpx:TrackPointExtension>
    </extensions>
   </trkpt>
   <trkpt lat="12.9226430" lon="77.5185650">
    <ele>846.6</ele>
    <time>2026-08-14T01:31:35Z</time>
    <extensions>
     <gpxtpx:TrackPointExtension>
      <gpxtpx:atemp>23</gpxtpx:atemp>
      <gpxtpx:hr>126</gpxtpx:hr>
      <gpxtpx:cad>82</gpxtpx:cad>
     </gpxtpx:TrackPointExtension>
    </extensions>
   </trkpt>
   <trkpt lat="12.9226390" lon="77.5186180">
    <ele>846.6</ele>
    <time>2026-08-14T01:31:37Z</time>
    <extensions>
     <gpxtpx:TrackPointExtension>
      <gpxtpx:atemp>23</gpxtpx:atemp>
      <gpxtpx:hr>128</gpxtpx:hr>
      <gpxtpx:cad>82</gpxtpx:cad>
     </gpxtpx:TrackPointExtension>
    </extensions>
   </trkpt>
   <trkpt lat="12.9226450" lon="77.5186670">
    <ele>846.8</ele>
    <time>2026-08-14T01:31:39Z</time>
    <extensions>
     <gpxtpx:TrackPointExtension>
      <gpxtpx:atemp>23</gpxtpx:atemp>
      <gpxtpx:hr>131</gpxtpx:hr>
      <gpxtpx:cad>83</gpxtpx:cad>
     </gpxtpx:TrackPointExtension>
    </extensions>
   </trkpt>
   <trkpt lat="12.9226740" lon="77.5186940">
    <ele>846.8</ele>
    <time>2026-08-14T01:31:41Z</time>
    <extensions>
     <gpxtpx:TrackPointExtension>
      <gpxtpx:atemp>23</gpxtpx:atemp>
      <gpxtpx:hr>131</gpxtpx:hr>
      <gpxtpx:cad>84</gpxtpx:cad>
     </gpxtpx:TrackPointExtension>
    </extensions>
   </trkpt>
   <trkpt lat="12.9226850" lon="77.5187370">
    <ele>846.8</ele>
    <time>2026-08-14T01:31:43Z</time>
    <extensions>
     <gpxtpx:TrackPointExtension>
      <gpxtpx:atemp>23</gpxtpx:atemp>
      <gpxtpx:hr>130</gpxtpx:hr>
      <gpxtpx:cad>83</gpxtpx:cad>
     </gpxtpx:TrackPointExtension>
    </extensions>
   </trkpt>
   <trkpt lat="12.9226530" lon="77.5188000">
    <ele>847.2</ele>
    <time>2026-08-14T01:31:45Z</time>
    <extensions>
     <gpxtpx:TrackPointExtension>
      <gpxtpx:atemp>23</gpxtpx:atemp>
      <gpxtpx:hr>132</gpxtpx:hr>
      <gpxtpx:cad>82</gpxtpx:cad>
     </gpxtpx:TrackPointExtension>
    </extensions>
   </trkpt>
   <trkpt lat="12.9226440" lon="77.5188630">
    <ele>847.6</ele>
    <time>2026-08-14T01:31:48Z</time>
    <extensions>
     <gpxtpx:TrackPointExtension>
      <gpxtpx:atemp>23</gpxtpx:atemp>
      <gpxtpx:hr>133</gpxtpx:hr>
      <gpxtpx:cad>83</gpxtpx:cad>
     </gpxtpx:TrackPointExtension>
    </extensions>
   </trkpt>
   <trkpt lat="12.9226560" lon="77.5189490">
    <ele>847.6</ele>
    <time>2026-08-14T01:31:51Z</time>
    <extensions>
     <gpxtpx:TrackPointExtension>
      <gpxtpx:atemp>23</gpxtpx:atemp>
      <gpxtpx:hr>138</gpxtpx:hr>
      <gpxtpx:cad>83</gpxtpx:cad>
     </gpxtpx:TrackPointExtension>
    </extensions>
   </trkpt>
   <trkpt lat="12.9226510" lon="77.5189790">
    <ele>847.6</ele>
    <time>2026-08-14T01:31:52Z</time>
    <extensions>
     <gpxtpx:TrackPointExtension>
      <gpxtpx:atemp>23</gpxtpx:atemp>
      <gpxtpx:hr>138</gpxtpx:hr>
      <gpxtpx:cad>83</gpxtpx:cad>
     </gpxtpx:TrackPointExtension>
    </extensions>
   </trkpt>
   <trkpt lat="12.9226640" lon="77.5191530">
    <ele>848.0</ele>
    <time>2026-08-14T01:31:58Z</time>
    <extensions>
     <gpxtpx:TrackPointExtension>
      <gpxtpx:atemp>23</gpxtpx:atemp>
      <gpxtpx:hr>140</gpxtpx:hr>
      <gpxtpx:cad>82</gpxtpx:cad>
     </gpxtpx:TrackPointExtension>
    </extensions>
   </trkpt>
   <trkpt lat="12.9226860" lon="77.5192120">
    <ele>848.2</ele>
    <time>2026-08-14T01:32:01Z</time>
    <extensions>
     <gpxtpx:TrackPointExtension>
      <gpxtpx:atemp>23</gpxtpx:atemp>
      <gpxtpx:hr>143</gpxtpx:hr>
      <gpxtpx:cad>83</gpxtpx:cad>
     </gpxtpx:TrackPointExtension>
    </extensions>
   </trkpt>
   <trkpt lat="12.9226840" lon="77.5192430">
    <ele>848.2</ele>
    <time>2026-08-14T01:32:02Z</time>
    <extensions>
     <gpxtpx:TrackPointExtension>
      <gpxtpx:atemp>23</gpxtpx:atemp>
      <gpxtpx:hr>144</gpxtpx:hr>
      <gpxtpx:cad>83</gpxtpx:cad>
     </gpxtpx:TrackPointExtension>
    </extensions>
   </trkpt>
   <trkpt lat="12.9226340" lon="77.5194090">
    <ele>848.6</ele>
    <time>2026-08-14T01:32:06Z</time>
    <extensions>
     <gpxtpx:TrackPointExtension>
      <gpxtpx:atemp>23</gpxtpx:atemp>
      <gpxtpx:hr>146</gpxtpx:hr>
      <gpxtpx:cad>82</gpxtpx:cad>
     </gpxtpx:TrackPointExtension>
    </extensions>
   </trkpt>
   <trkpt lat="12.9226270" lon="77.5194410">
    <ele>848.8</ele>
    <time>2026-08-14T01:32:07Z</time>
    <extensions>
     <gpxtpx:TrackPointExtension>
      <gpxtpx:atemp>23</gpxtpx:atemp>
      <gpxtpx:hr>147</gpxtpx:hr>
      <gpxtpx:cad>82</gpxtpx:cad>
     </gpxtpx:TrackPointExtension>
    </extensions>
   </trkpt>
   <trkpt lat="12.9226030" lon="77.5196180">
    <ele>849.2</ele>
    <time>2026-08-14T01:32:13Z</time>
    <extensions>
     <gpxtpx:TrackPointExtension>
      <gpxtpx:atemp>23</gpxtpx:atemp>
      <gpxtpx:hr>146</gpxtpx:hr>
      <gpxtpx:cad>81</gpxtpx:cad>
     </gpxtpx:TrackPointExtension>
    </extensions>
   </trkpt>
   <trkpt lat="12.9225690" lon="77.5197280">
    <ele>849.6</ele>
    <time>2026-08-14T01:32:18Z</time>
    <extensions>
     <gpxtpx:TrackPointExtension>
      <gpxtpx:atemp>23</gpxtpx:atemp>
      <gpxtpx:hr>146</gpxtpx:hr>
      <gpxtpx:cad>81</gpxtpx:cad>
     </gpxtpx:TrackPointExtension>
    </extensions>
   </trkpt>
   <trkpt lat="12.9225630" lon="77.5197570">
    <ele>849.6</ele>
    <time>2026-08-14T01:32:19Z</time>
    <extensions>
     <gpxtpx:TrackPointExtension>
      <gpxtpx:atemp>23</gpxtpx:atemp>
      <gpxtpx:hr>145</gpxtpx:hr>
      <gpxtpx:cad>81</gpxtpx:cad>
     </gpxtpx:TrackPointExtension>
    </extensions>
   </trkpt>
   <trkpt lat="12.9225400" lon="77.5198360">
    <ele>849.8</ele>
    <time>2026-08-14T01:32:22Z</time>
    <extensions>
     <gpxtpx:TrackPointExtension>
      <gpxtpx:atemp>23</gpxtpx:atemp>
      <gpxtpx:hr>145</gpxtpx:hr>
      <gpxtpx:cad>80</gpxtpx:cad>
     </gpxtpx:TrackPointExtension>
    </extensions>
   </trkpt>
   <trkpt lat="12.9225350" lon="77.5198710">
    <ele>849.8</ele>
    <time>2026-08-14T01:32:24Z</time>
    <extensions>
     <gpxtpx:TrackPointExtension>
      <gpxtpx:atemp>23</gpxtpx:atemp>
      <gpxtpx:hr>145</gpxtpx:hr>
      <gpxtpx:cad>80</gpxtpx:cad>
     </gpxtpx:TrackPointExtension>
    </extensions>
   </trkpt>
   <trkpt lat="12.9225340" lon="77.5198900">
    <ele>850.0</ele>
    <time>2026-08-14T01:32:25Z</time>
    <extensions>
     <gpxtpx:TrackPointExtension>
      <gpxtpx:atemp>23</gpxtpx:atemp>
      <gpxtpx:hr>145</gpxtpx:hr>
      <gpxtpx:cad>80</gpxtpx:cad>
     </gpxtpx:TrackPointExtension>
    </extensions>
   </trkpt>
   <trkpt lat="12.9225400" lon="77.5199060">
    <ele>850.0</ele>
    <time>2026-08-14T01:32:26Z</time>
    <extensions>
     <gpxtpx:TrackPointExtension>
      <gpxtpx:atemp>23</gpxtpx:atemp>
      <gpxtpx:hr>143</gpxtpx:hr>
      <gpxtpx:cad>80</gpxtpx:cad>
     </gpxtpx:TrackPointExtension>
    </extensions>
   </trkpt>
   <trkpt lat="12.9225430" lon="77.5199730">
    <ele>850.4</ele>
    <time>2026-08-14T01:32:29Z</time>
    <extensions>
     <gpxtpx:TrackPointExtension>
      <gpxtpx:atemp>23</gpxtpx:atemp>
      <gpxtpx:hr>146</gpxtpx:hr>
      <gpxtpx:cad>79</gpxtpx:cad>
     </gpxtpx:TrackPointExtension>
    </extensions>
   </trkpt>
   <trkpt lat="12.9225430" lon="77.5199960">
    <ele>850.6</ele>
    <time>2026-08-14T01:32:30Z</time>
    <extensions>
     <gpxtpx:TrackPointExtension>
      <gpxtpx:atemp>23</gpxtpx:atemp>
      <gpxtpx:hr>146</gpxtpx:hr>
      <gpxtpx:cad>79</gpxtpx:cad>
     </gpxtpx:TrackPointExtension>
    </extensions>
   </trkpt>
   <trkpt lat="12.9225400" lon="77.5200450">
    <ele>850.8</ele>
    <time>2026-08-14T01:32:32Z</time>
    <extensions>
     <gpxtpx:TrackPointExtension>
      <gpxtpx:atemp>23</gpxtpx:atemp>
      <gpxtpx:hr>144</gpxtpx:hr>
      <gpxtpx:cad>78</gpxtpx:cad>
     </gpxtpx:TrackPointExtension>
    </extensions>
   </trkpt>
   <trkpt lat="12.9225280" lon="77.5201440">
    <ele>851.4</ele>
    <time>2026-08-14T01:32:38Z</time>
    <extensions>
     <gpxtpx:TrackPointExtension>
      <gpxtpx:atemp>23</gpxtpx:atemp>
      <gpxtpx:hr>146</gpxtpx:hr>
      <gpxtpx:cad>56</gpxtpx:cad>
     </gpxtpx:TrackPointExtension>
    </extensions>
   </trkpt>
   <trkpt lat="12.9225100" lon="77.5201990">
    <ele>851.2</ele>
    <time>2026-08-14T01:32:44Z</time>
    <extensions>
     <gpxtpx:TrackPointExtension>
      <gpxtpx:atemp>23</gpxtpx:atemp>
      <gpxtpx:hr>145</gpxtpx:hr>
      <gpxtpx:cad>52</gpxtpx:cad>
     </gpxtpx:TrackPointExtension>
    </extensions>
   </trkpt>
   <trkpt lat="12.9225020" lon="77.5202520">
    <ele>851.6</ele>
    <time>2026-08-14T01:32:49Z</time>
    <extensions>
     <gpxtpx:TrackPointExtension>
      <gpxtpx:atemp>23</gpxtpx:atemp>
      <gpxtpx:hr>141</gpxtpx:hr>
      <gpxtpx:cad>51</gpxtpx:cad>
     </gpxtpx:TrackPointExtension>
    </extensions>
   </trkpt>
   <trkpt lat="12.9224760" lon="77.5202850">
    <ele>851.8</ele>
    <time>2026-08-14T01:32:51Z</time>
    <extensions>
     <gpxtpx:TrackPointExtension>
      <gpxtpx:atemp>23</gpxtpx:atemp>
      <gpxtpx:hr>142</gpxtpx:hr>
      <gpxtpx:cad>50</gpxtpx:cad>
     </gpxtpx:TrackPointExtension>
    </extensions>
   </trkpt>
   <trkpt lat="12.9224550" lon="77.5203070">
    <ele>851.8</ele>
    <time>2026-08-14T01:32:52Z</time>
    <extensions>
     <gpxtpx:TrackPointExtension>
      <gpxtpx:atemp>23</gpxtpx:atemp>
      <gpxtpx:hr>141</gpxtpx:hr>
      <gpxtpx:cad>48</gpxtpx:cad>
     </gpxtpx:TrackPointExtension>
    </extensions>
   </trkpt>
   <trkpt lat="12.9224720" lon="77.5203830">
    <ele>852.4</ele>
    <time>2026-08-14T01:32:58Z</time>
    <extensions>
     <gpxtpx:TrackPointExtension>
      <gpxtpx:atemp>23</gpxtpx:atemp>
      <gpxtpx:hr>140</gpxtpx:hr>
      <gpxtpx:cad>51</gpxtpx:cad>
     </gpxtpx:TrackPointExtension>
    </extensions>
   </trkpt>
   <trkpt lat="12.9224810" lon="77.5204020">
    <ele>852.6</ele>
    <time>2026-08-14T01:33:00Z</time>
    <extensions>
     <gpxtpx:TrackPointExtension>
      <gpxtpx:atemp>23</gpxtpx:atemp>
      <gpxtpx:hr>138</gpxtpx:hr>
      <gpxtpx:cad>50</gpxtpx:cad>
     </gpxtpx:TrackPointExtension>
    </extensions>
   </trkpt>
   <trkpt lat="12.9224820" lon="77.5204220">
    <ele>852.8</ele>
    <time>2026-08-14T01:33:04Z</time>
    <extensions>
     <gpxtpx:TrackPointExtension>
      <gpxtpx:atemp>23</gpxtpx:atemp>
      <gpxtpx:hr>135</gpxtpx:hr>
      <gpxtpx:cad>48</gpxtpx:cad>
     </gpxtpx:TrackPointExtension>
    </extensions>
   </trkpt>
   <trkpt lat="12.9224730" lon="77.5204530">
    <ele>853.0</ele>
    <time>2026-08-14T01:33:06Z</time>
    <extensions>
     <gpxtpx:TrackPointExtension>
      <gpxtpx:atemp>23</gpxtpx:atemp>
      <gpxtpx:hr>135</gpxtpx:hr>
      <gpxtpx:cad>50</gpxtpx:cad>
     </gpxtpx:TrackPointExtension>
    </extensions>
   </trkpt>
   <trkpt lat="12.9224620" lon="77.5204700">
    <ele>853.0</ele>
    <time>2026-08-14T01:33:08Z</time>
    <extensions>
     <gpxtpx:TrackPointExtension>
      <gpxtpx:atemp>23</gpxtpx:atemp>
      <gpxtpx:hr>132</gpxtpx:hr>
      <gpxtpx:cad>51</gpxtpx:cad>
     </gpxtpx:TrackPointExtension>
    </extensions>
   </trkpt>
   <trkpt lat="12.9224710" lon="77.5204870">
    <ele>853.0</ele>
    <time>2026-08-14T01:33:11Z</time>
    <extensions>
     <gpxtpx:TrackPointExtension>
      <gpxtpx:atemp>23</gpxtpx:atemp>
      <gpxtpx:hr>132</gpxtpx:hr>
      <gpxtpx:cad>50</gpxtpx:cad>
     </gpxtpx:TrackPointExtension>
    </extensions>
   </trkpt>
   <trkpt lat="12.9224870" lon="77.5205120">
    <ele>853.0</ele>
    <time>2026-08-14T01:33:13Z</time>
    <extensions>
     <gpxtpx:TrackPointExtension>
      <gpxtpx:atemp>23</gpxtpx:atemp>
      <gpxtpx:hr>133</gpxtpx:hr>
      <gpxtpx:cad>50</gpxtpx:cad>
     </gpxtpx:TrackPointExtension>
    </extensions>
   </trkpt>
   <trkpt lat="12.9225010" lon="77.5205680">
    <ele>853.0</ele>
    <time>2026-08-14T01:33:17Z</time>
    <extensions>
     <gpxtpx:TrackPointExtension>
      <gpxtpx:atemp>23</gpxtpx:atemp>
      <gpxtpx:hr>130</gpxtpx:hr>
      <gpxtpx:cad>50</gpxtpx:cad>
     </gpxtpx:TrackPointExtension>
    </extensions>
   </trkpt>
   <trkpt lat="12.9225390" lon="77.5206480">
    <ele>853.0</ele>
    <time>2026-08-14T01:33:21Z</time>
    <extensions>
     <gpxtpx:TrackPointExtension>
      <gpxtpx:atemp>23</gpxtpx:atemp>
      <gpxtpx:hr>129</gpxtpx:hr>
      <gpxtpx:cad>49</gpxtpx:cad>
     </gpxtpx:TrackPointExtension>
    </extensions>
   </trkpt>
   <trkpt lat="12.9225440" lon="77.5206820">
    <ele>853.0</ele>
    <time>2026-08-14T01:33:25Z</time>
    <extensions>
     <gpxtpx:TrackPointExtension>
      <gpxtpx:atemp>23</gpxtpx:atemp>
      <gpxtpx:hr>126</gpxtpx:hr>
      <gpxtpx:cad>0</gpxtpx:cad>
     </gpxtpx:TrackPointExtension>
    </extensions>
   </trkpt>
   <trkpt lat="12.9225490" lon="77.5206890">
    <ele>853.0</ele>
    <time>2026-08-14T01:33:26Z</time>
    <extensions>
     <gpxtpx:TrackPointExtension>
      <gpxtpx:atemp>23</gpxtpx:atemp>
      <gpxtpx:hr>126</gpxtpx:hr>
      <gpxtpx:cad>0</gpxtpx:cad>
     </gpxtpx:TrackPointExtension>
    </extensions>
   </trkpt>
   <trkpt lat="12.9226030" lon="77.5207140">
    <ele>853.2</ele>
    <time>2026-08-14T01:33:31Z</time>
    <extensions>
     <gpxtpx:TrackPointExtension>
      <gpxtpx:atemp>23</gpxtpx:atemp>
      <gpxtpx:hr>123</gpxtpx:hr>
      <gpxtpx:cad>51</gpxtpx:cad>
     </gpxtpx:TrackPointExtension>
    </extensions>
   </trkpt>
   <trkpt lat="12.9226580" lon="77.5207330">
    <ele>853.0</ele>
    <time>2026-08-14T01:33:35Z</time>
    <extensions>
     <gpxtpx:TrackPointExtension>
      <gpxtpx:atemp>23</gpxtpx:atemp>
      <gpxtpx:hr>121</gpxtpx:hr>
      <gpxtpx:cad>48</gpxtpx:cad>
     </gpxtpx:TrackPointExtension>
    </extensions>
   </trkpt>
   <trkpt lat="12.9226750" lon="77.5207910">
    <ele>853.0</ele>
    <time>2026-08-14T01:33:38Z</time>
    <extensions>
     <gpxtpx:TrackPointExtension>
      <gpxtpx:atemp>23</gpxtpx:atemp>
      <gpxtpx:hr>119</gpxtpx:hr>
      <gpxtpx:cad>50</gpxtpx:cad>
     </gpxtpx:TrackPointExtension>
    </extensions>
   </trkpt>
   <trkpt lat="12.9227080" lon="77.5208440">
    <ele>853.0</ele>
    <time>2026-08-14T01:33:42Z</time>
    <extensions>
     <gpxtpx:TrackPointExtension>
      <gpxtpx:atemp>23</gpxtpx:atemp>
      <gpxtpx:hr>119</gpxtpx:hr>
      <gpxtpx:cad>52</gpxtpx:cad>
     </gpxtpx:TrackPointExtension>
    </extensions>
   </trkpt>
   <trkpt lat="12.9227580" lon="77.5208840">
    <ele>853.2</ele>
    <time>2026-08-14T01:33:46Z</time>
    <extensions>
     <gpxtpx:TrackPointExtension>
      <gpxtpx:atemp>23</gpxtpx:atemp>
      <gpxtpx:hr>115</gpxtpx:hr>
      <gpxtpx:cad>49</gpxtpx:cad>
     </gpxtpx:TrackPointExtension>
    </extensions>
   </trkpt>
   <trkpt lat="12.9228600" lon="77.5208920">
    <ele>853.2</ele>
    <time>2026-08-14T01:33:50Z</time>
    <extensions>
     <gpxtpx:TrackPointExtension>
      <gpxtpx:atemp>23</gpxtpx:atemp>
      <gpxtpx:hr>117</gpxtpx:hr>
      <gpxtpx:cad>82</gpxtpx:cad>
     </gpxtpx:TrackPointExtension>
    </extensions>
   </trkpt>
   <trkpt lat="12.9229740" lon="77.5209770">
    <ele>853.6</ele>
    <time>2026-08-14T01:33:55Z</time>
    <extensions>
     <gpxtpx:TrackPointExtension>
      <gpxtpx:atemp>23</gpxtpx:atemp>
      <gpxtpx:hr>117</gpxtpx:hr>
      <gpxtpx:cad>84</gpxtpx:cad>
     </gpxtpx:TrackPointExtension>
    </extensions>
   </trkpt>
   <trkpt lat="12.9230700" lon="77.5210100">
    <ele>854.0</ele>
    <time>2026-08-14T01:33:58Z</time>
    <extensions>
     <gpxtpx:TrackPointExtension>
      <gpxtpx:atemp>23</gpxtpx:atemp>
      <gpxtpx:hr>119</gpxtpx:hr>
      <gpxtpx:cad>83</gpxtpx:cad>
     </gpxtpx:TrackPointExtension>
    </extensions>
   </trkpt>
   <trkpt lat="12.9231750" lon="77.5210270">
    <ele>855.0</ele>
    <time>2026-08-14T01:34:01Z</time>
    <extensions>
     <gpxtpx:TrackPointExtension>
      <gpxtpx:atemp>23</gpxtpx:atemp>
      <gpxtpx:hr>122</gpxtpx:hr>
      <gpxtpx:cad>83</gpxtpx:cad>
     </gpxtpx:TrackPointExtension>
    </extensions>
   </trkpt>
   <trkpt lat="12.9232080" lon="77.5210390">
    <ele>855.2</ele>
    <time>2026-08-14T01:34:02Z</time>
    <extensions>
     <gpxtpx:TrackPointExtension>
      <gpxtpx:atemp>23</gpxtpx:atemp>
      <gpxtpx:hr>123</gpxtpx:hr>
      <gpxtpx:cad>83</gpxtpx:cad>
     </gpxtpx:TrackPointExtension>
    </extensions>
   </trkpt>
   <trkpt lat="12.9233380" lon="77.5211050">
    <ele>855.6</ele>
    <time>2026-08-14T01:34:07Z</time>
    <extensions>
     <gpxtpx:TrackPointExtension>
      <gpxtpx:atemp>23</gpxtpx:atemp>
      <gpxtpx:hr>126</gpxtpx:hr>
      <gpxtpx:cad>83</gpxtpx:cad>
     </gpxtpx:TrackPointExtension>
    </extensions>
   </trkpt>
   <trkpt lat="12.9234180" lon="77.5211430">
    <ele>856.0</ele>
    <time>2026-08-14T01:34:10Z</time>
    <extensions>
     <gpxtpx:TrackPointExtension>
      <gpxtpx:atemp>23</gpxtpx:atemp>
      <gpxtpx:hr>128</gpxtpx:hr>
      <gpxtpx:cad>82</gpxtpx:cad>
     </gpxtpx:TrackPointExtension>
    </extensions>
   </trkpt>
   <trkpt lat="12.9235000" lon="77.5211760">
    <ele>856.0</ele>
    <time>2026-08-14T01:34:13Z</time>
    <extensions>
     <gpxtpx:TrackPointExtension>
      <gpxtpx:atemp>23</gpxtpx:atemp>
      <gpxtpx:hr>131</gpxtpx:hr>
      <gpxtpx:cad>84</gpxtpx:cad>
     </gpxtpx:TrackPointExtension>
    </extensions>
   </trkpt>
   <trkpt lat="12.9235340" lon="77.5211830">
    <ele>856.2</ele>
    <time>2026-08-14T01:34:14Z</time>
    <extensions>
     <gpxtpx:TrackPointExtension>
      <gpxtpx:atemp>23</gpxtpx:atemp>
      <gpxtpx:hr>131</gpxtpx:hr>
      <gpxtpx:cad>84</gpxtpx:cad>
     </gpxtpx:TrackPointExtension>
    </extensions>
   </trkpt>
   <trkpt lat="12.9235600" lon="77.5211970">
    <ele>856.4</ele>
    <time>2026-08-14T01:34:15Z</time>
    <extensions>
     <gpxtpx:TrackPointExtension>
      <gpxtpx:atemp>23</gpxtpx:atemp>
      <gpxtpx:hr>134</gpxtpx:hr>
      <gpxtpx:cad>84</gpxtpx:cad>
     </gpxtpx:TrackPointExtension>
    </extensions>
   </trkpt>
   <trkpt lat="12.9235790" lon="77.5212010">
    <ele>856.4</ele>
    <time>2026-08-14T01:34:16Z</time>
    <extensions>
     <gpxtpx:TrackPointExtension>
      <gpxtpx:atemp>23</gpxtpx:atemp>
      <gpxtpx:hr>133</gpxtpx:hr>
      <gpxtpx:cad>83</gpxtpx:cad>
     </gpxtpx:TrackPointExtension>
    </extensions>
   </trkpt>
   <trkpt lat="12.9236670" lon="77.5212440">
    <ele>856.6</ele>
    <time>2026-08-14T01:34:20Z</time>
    <extensions>
     <gpxtpx:TrackPointExtension>
      <gpxtpx:atemp>23</gpxtpx:atemp>
      <gpxtpx:hr>134</gpxtpx:hr>
      <gpxtpx:cad>83</gpxtpx:cad>
     </gpxtpx:TrackPointExtension>
    </extensions>
   </trkpt>
   <trkpt lat="12.9238190" lon="77.5212930">
    <ele>857.0</ele>
    <time>2026-08-14T01:34:28Z</time>
    <extensions>
     <gpxtpx:TrackPointExtension>
      <gpxtpx:atemp>23</gpxtpx:atemp>
      <gpxtpx:hr>136</gpxtpx:hr>
      <gpxtpx:cad>70</gpxtpx:cad>
     </gpxtpx:TrackPointExtension>
    </extensions>
   </trkpt>
   <trkpt lat="12.9239010" lon="77.5213330">
    <ele>857.0</ele>
    <time>2026-08-14T01:34:35Z</time>
    <extensions>
     <gpxtpx:TrackPointExtension>
      <gpxtpx:atemp>23</gpxtpx:atemp>
      <gpxtpx:hr>136</gpxtpx:hr>
      <gpxtpx:cad>54</gpxtpx:cad>
     </gpxtpx:TrackPointExtension>
    </extensions>
   </trkpt>
   <trkpt lat="12.9239060" lon="77.5213530">
    <ele>857.0</ele>
    <time>2026-08-14T01:34:38Z</time>
    <extensions>
     <gpxtpx:TrackPointExtension>
      <gpxtpx:atemp>23</gpxtpx:atemp>
      <gpxtpx:hr>134</gpxtpx:hr>
      <gpxtpx:cad>53</gpxtpx:cad>
     </gpxtpx:TrackPointExtension>
    </extensions>
   </trkpt>
   <trkpt lat="12.9239300" lon="77.5213580">
    <ele>857.2</ele>
    <time>2026-08-14T01:34:40Z</time>
    <extensions>
     <gpxtpx:TrackPointExtension>
      <gpxtpx:atemp>23</gpxtpx:atemp>
      <gpxtpx:hr>134</gpxtpx:hr>
      <gpxtpx:cad>52</gpxtpx:cad>
     </gpxtpx:TrackPointExtension>
    </extensions>
   </trkpt>
   <trkpt lat="12.9239440" lon="77.5213620">
    <ele>857.2</ele>
    <time>2026-08-14T01:34:42Z</time>
    <extensions>
     <gpxtpx:TrackPointExtension>
      <gpxtpx:atemp>23</gpxtpx:atemp>
      <gpxtpx:hr>132</gpxtpx:hr>
      <gpxtpx:cad>51</gpxtpx:cad>
     </gpxtpx:TrackPointExtension>
    </extensions>
   </trkpt>
   <trkpt lat="12.9239720" lon="77.5213960">
    <ele>857.6</ele>
    <time>2026-08-14T01:34:47Z</time>
    <extensions>
     <gpxtpx:TrackPointExtension>
      <gpxtpx:atemp>23</gpxtpx:atemp>
      <gpxtpx:hr>133</gpxtpx:hr>
      <gpxtpx:cad>53</gpxtpx:cad>
     </gpxtpx:TrackPointExtension>
    </extensions>
   </trkpt>
   <trkpt lat="12.9240110" lon="77.5213990">
    <ele>857.4</ele>
    <time>2026-08-14T01:34:50Z</time>
    <extensions>
     <gpxtpx:TrackPointExtension>
      <gpxtpx:atemp>23</gpxtpx:atemp>
      <gpxtpx:hr>137</gpxtpx:hr>
      <gpxtpx:cad>51</gpxtpx:cad>
     </gpxtpx:TrackPointExtension>
    </extensions>
   </trkpt>
   <trkpt lat="12.9240510" lon="77.5213940">
    <ele>857.4</ele>
    <time>2026-08-14T01:34:52Z</time>
    <extensions>
     <gpxtpx:TrackPointExtension>
      <gpxtpx:atemp>23</gpxtpx:atemp>
      <gpxtpx:hr>139</gpxtpx:hr>
      <gpxtpx:cad>51</gpxtpx:cad>
     </gpxtpx:TrackPointExtension>
    </extensions>
   </trkpt>
   <trkpt lat="12.9241300" lon="77.5214360">
    <ele>857.2</ele>
    <time>2026-08-14T01:34:57Z</time>
    <extensions>
     <gpxtpx:TrackPointExtension>
      <gpxtpx:atemp>23</gpxtpx:atemp>
      <gpxtpx:hr>141</gpxtpx:hr>
      <gpxtpx:cad>53</gpxtpx:cad>
     </gpxtpx:TrackPointExtension>
    </extensions>
   </trkpt>
   <trkpt lat="12.9242560" lon="77.5214900">
    <ele>857.2</ele>
    <time>2026-08-14T01:35:04Z</time>
    <extensions>
     <gpxtpx:TrackPointExtension>
      <gpxtpx:atemp>23</gpxtpx:atemp>
      <gpxtpx:hr>139</gpxtpx:hr>
      <gpxtpx:cad>82</gpxtpx:cad>
     </gpxtpx:TrackPointExtension>
    </extensions>
   </trkpt>
   <trkpt lat="12.9242760" lon="77.5215180">
    <ele>857.2</ele>
    <time>2026-08-14T01:35:06Z</time>
    <extensions>
     <gpxtpx:TrackPointExtension>
      <gpxtpx:atemp>23</gpxtpx:atemp>
      <gpxtpx:hr>138</gpxtpx:hr>
      <gpxtpx:cad>83</gpxtpx:cad>
     </gpxtpx:TrackPointExtension>
    </extensions>
   </trkpt>
   <trkpt lat="12.9242960" lon="77.5215640">
    <ele>857.4</ele>
    <time>2026-08-14T01:35:09Z</time>
    <extensions>
     <gpxtpx:TrackPointExtension>
      <gpxtpx:atemp>23</gpxtpx:atemp>
      <gpxtpx:hr>136</gpxtpx:hr>
      <gpxtpx:cad>82</gpxtpx:cad>
     </gpxtpx:TrackPointExtension>
    </extensions>
   </trkpt>
   <trkpt lat="12.9243880" lon="77.5215760">
    <ele>857.4</ele>
    <time>2026-08-14T01:35:13Z</time>
    <extensions>
     <gpxtpx:TrackPointExtension>
      <gpxtpx:atemp>23</gpxtpx:atemp>
      <gpxtpx:hr>134</gpxtpx:hr>
      <gpxtpx:cad>81</gpxtpx:cad>
     </gpxtpx:TrackPointExtension>
    </extensions>
   </trkpt>
   <trkpt lat="12.9244790" lon="77.5215830">
    <ele>857.2</ele>
    <time>2026-08-14T01:35:17Z</time>
    <extensions>
     <gpxtpx:TrackPointExtension>
      <gpxtpx:atemp>23</gpxtpx:atemp>
      <gpxtpx:hr>134</gpxtpx:hr>
      <gpxtpx:cad>74</gpxtpx:cad>
     </gpxtpx:TrackPointExtension>
    </extensions>
   </trkpt>
   <trkpt lat="12.9244900" lon="77.5215800">
    <ele>857.2</ele>
    <time>2026-08-14T01:35:18Z</time>
    <extensions>
     <gpxtpx:TrackPointExtension>
      <gpxtpx:atemp>23</gpxtpx:atemp>
      <gpxtpx:hr>134</gpxtpx:hr>
      <gpxtpx:cad>58</gpxtpx:cad>
     </gpxtpx:TrackPointExtension>
    </extensions>
   </trkpt>
   <trkpt lat="12.9245130" lon="77.5215940">
    <ele>857.2</ele>
    <time>2026-08-14T01:35:21Z</time>
    <extensions>
     <gpxtpx:TrackPointExtension>
      <gpxtpx:atemp>23</gpxtpx:atemp>
      <gpxtpx:hr>133</gpxtpx:hr>
      <gpxtpx:cad>55</gpxtpx:cad>
     </gpxtpx:TrackPointExtension>
    </extensions>
   </trkpt>
   <trkpt lat="12.9245320" lon="77.5216020">
    <ele>857.2</ele>
    <time>2026-08-14T01:35:22Z</time>
    <extensions>
     <gpxtpx:TrackPointExtension>
      <gpxtpx:atemp>23</gpxtpx:atemp>
      <gpxtpx:hr>132</gpxtpx:hr>
      <gpxtpx:cad>55</gpxtpx:cad>
     </gpxtpx:TrackPointExtension>
    </extensions>
   </trkpt>
   <trkpt lat="12.9246430" lon="77.5216530">
    <ele>857.0</ele>
    <time>2026-08-14T01:35:27Z</time>
    <extensions>
     <gpxtpx:TrackPointExtension>
      <gpxtpx:atemp>23</gpxtpx:atemp>
      <gpxtpx:hr>130</gpxtpx:hr>
      <gpxtpx:cad>81</gpxtpx:cad>
     </gpxtpx:TrackPointExtension>
    </extensions>
   </trkpt>
   <trkpt lat="12.9247210" lon="77.5216950">
    <ele>856.8</ele>
    <time>2026-08-14T01:35:30Z</time>
    <extensions>
     <gpxtpx:TrackPointExtension>
      <gpxtpx:atemp>23</gpxtpx:atemp>
      <gpxtpx:hr>133</gpxtpx:hr>
      <gpxtpx:cad>81</gpxtpx:cad>
     </gpxtpx:TrackPointExtension>
    </extensions>
   </trkpt>
   <trkpt lat="12.9247800" lon="77.5217230">
    <ele>856.6</ele>
    <time>2026-08-14T01:35:32Z</time>
    <extensions>
     <gpxtpx:TrackPointExtension>
      <gpxtpx:atemp>23</gpxtpx:atemp>
      <gpxtpx:hr>135</gpxtpx:hr>
      <gpxtpx:cad>82</gpxtpx:cad>
     </gpxtpx:TrackPointExtension>
    </extensions>
   </trkpt>
   <trkpt lat="12.9248810" lon="77.5217710">
    <ele>856.4</ele>
    <time>2026-08-14T01:35:35Z</time>
    <extensions>
     <gpxtpx:TrackPointExtension>
      <gpxtpx:atemp>23</gpxtpx:atemp>
      <gpxtpx:hr>138</gpxtpx:hr>
      <gpxtpx:cad>83</gpxtpx:cad>
     </gpxtpx:TrackPointExtension>
    </extensions>
   </trkpt>
   <trkpt lat="12.9249310" lon="77.5217980">
    <ele>856.0</ele>
    <time>2026-08-14T01:35:37Z</time>
    <extensions>
     <gpxtpx:TrackPointExtension>
      <gpxtpx:atemp>23</gpxtpx:atemp>
      <gpxtpx:hr>138</gpxtpx:hr>
      <gpxtpx:cad>81</gpxtpx:cad>
     </gpxtpx:TrackPointExtension>
    </extensions>
   </trkpt>
   <trkpt lat="12.9249550" lon="77.5218110">
    <ele>856.0</ele>
    <time>2026-08-14T01:35:38Z</time>
    <extensions>
     <gpxtpx:TrackPointExtension>
      <gpxtpx:atemp>23</gpxtpx:atemp>
      <gpxtpx:hr>138</gpxtpx:hr>
      <gpxtpx:cad>79</gpxtpx:cad>
     </gpxtpx:TrackPointExtension>
    </extensions>
   </trkpt>
   <trkpt lat="12.9250620" lon="77.5218360">
    <ele>855.8</ele>
    <time>2026-08-14T01:35:42Z</time>
    <extensions>
     <gpxtpx:TrackPointExtension>
      <gpxtpx:atemp>23</gpxtpx:atemp>
      <gpxtpx:hr>135</gpxtpx:hr>
      <gpxtpx:cad>77</gpxtpx:cad>
     </gpxtpx:TrackPointExtension>
    </extensions>
   </trkpt>
   <trkpt lat="12.9251570" lon="77.5218730">
    <ele>856.0</ele>
    <time>2026-08-14T01:35:47Z</time>
    <extensions>
     <gpxtpx:TrackPointExtension>
      <gpxtpx:atemp>23</gpxtpx:atemp>
      <gpxtpx:hr>136</gpxtpx:hr>
      <gpxtpx:cad>0</gpxtpx:cad>
     </gpxtpx:TrackPointExtension>
    </extensions>
   </trkpt>
   <trkpt lat="12.9251990" lon="77.5218860">
    <ele>856.0</ele>
    <time>2026-08-14T01:35:49Z</time>
    <extensions>
     <gpxtpx:TrackPointExtension>
      <gpxtpx:atemp>23</gpxtpx:atemp>
      <gpxtpx:hr>138</gpxtpx:hr>
      <gpxtpx:cad>0</gpxtpx:cad>
     </gpxtpx:TrackPointExtension>
    </extensions>
   </trkpt>
   <trkpt lat="12.9252890" lon="77.5219030">
    <ele>856.0</ele>
    <time>2026-08-14T01:35:57Z</time>
    <extensions>
     <gpxtpx:TrackPointExtension>
      <gpxtpx:atemp>23</gpxtpx:atemp>
      <gpxtpx:hr>134</gpxtpx:hr>
      <gpxtpx:cad>50</gpxtpx:cad>
     </gpxtpx:TrackPointExtension>
    </extensions>
   </trkpt>
   <trkpt lat="12.9253230" lon="77.5219330">
    <ele>856.4</ele>
    <time>2026-08-14T01:36:02Z</time>
    <extensions>
     <gpxtpx:TrackPointExtension>
      <gpxtpx:atemp>23</gpxtpx:atemp>
      <gpxtpx:hr>136</gpxtpx:hr>
      <gpxtpx:cad>49</gpxtpx:cad>
     </gpxtpx:TrackPointExtension>
    </extensions>
   </trkpt>
   <trkpt lat="12.9253610" lon="77.5219640">
    <ele>856.6</ele>
    <time>2026-08-14T01:36:08Z</time>
    <extensions>
     <gpxtpx:TrackPointExtension>
      <gpxtpx:atemp>23</gpxtpx:atemp>
      <gpxtpx:hr>134</gpxtpx:hr>
      <gpxtpx:cad>50</gpxtpx:cad>
     </gpxtpx:TrackPointExtension>
    </extensions>
   </trkpt>
   <trkpt lat="12.9254020" lon="77.5219810">
    <ele>856.6</ele>
    <time>2026-08-14T01:36:11Z</time>
    <extensions>
     <gpxtpx:TrackPointExtension>
      <gpxtpx:atemp>23</gpxtpx:atemp>
      <gpxtpx:hr>132</gpxtpx:hr>
      <gpxtpx:cad>51</gpxtpx:cad>
     </gpxtpx:TrackPointExtension>
    </extensions>
   </trkpt>
   <trkpt lat="12.9254350" lon="77.5219870">
    <ele>856.6</ele>
    <time>2026-08-14T01:36:13Z</time>
    <extensions>
     <gpxtpx:TrackPointExtension>
      <gpxtpx:atemp>23</gpxtpx:atemp>
      <gpxtpx:hr>133</gpxtpx:hr>
      <gpxtpx:cad>52</gpxtpx:cad>
     </gpxtpx:TrackPointExtension>
    </extensions>
   </trkpt>
   <trkpt lat="12.9254850" lon="77.5220010">
    <ele>856.4</ele>
    <time>2026-08-14T01:36:18Z</time>
    <extensions>
     <gpxtpx:TrackPointExtension>
      <gpxtpx:atemp>23</gpxtpx:atemp>
      <gpxtpx:hr>130</gpxtpx:hr>
      <gpxtpx:cad>51</gpxtpx:cad>
     </gpxtpx:TrackPointExtension>
    </extensions>
   </trkpt>
   <trkpt lat="12.9255140" lon="77.5220040">
    <ele>856.2</ele>
    <time>2026-08-14T01:36:20Z</time>
    <extensions>
     <gpxtpx:TrackPointExtension>
      <gpxtpx:atemp>23</gpxtpx:atemp>
      <gpxtpx:hr>130</gpxtpx:hr>
      <gpxtpx:cad>51</gpxtpx:cad>
     </gpxtpx:TrackPointExtension>
    </extensions>
   </trkpt>
   <trkpt lat="12.9255740" lon="77.5220390">
    <ele>855.8</ele>
    <time>2026-08-14T01:36:24Z</time>
    <extensions>
     <gpxtpx:TrackPointExtension>
      <gpxtpx:atemp>23</gpxtpx:atemp>
      <gpxtpx:hr>127</gpxtpx:hr>
      <gpxtpx:cad>51</gpxtpx:cad>
     </gpxtpx:TrackPointExtension>
    </extensions>
   </trkpt>
   <trkpt lat="12.9255980" lon="77.5220540">
    <ele>855.6</ele>
    <time>2026-08-14T01:36:26Z</time>
    <extensions>
     <gpxtpx:TrackPointExtension>
      <gpxtpx:atemp>23</gpxtpx:atemp>
      <gpxtpx:hr>126</gpxtpx:hr>
      <gpxtpx:cad>52</gpxtpx:cad>
     </gpxtpx:TrackPointExtension>
    </extensions>
   </trkpt>
   <trkpt lat="12.9256100" lon="77.5220690">
    <ele>855.6</ele>
    <time>2026-08-14T01:36:28Z</time>
    <extensions>
     <gpxtpx:TrackPointExtension>
      <gpxtpx:atemp>23</gpxtpx:atemp>
      <gpxtpx:hr>127</gpxtpx:hr>
      <gpxtpx:cad>52</gpxtpx:cad>
     </gpxtpx:TrackPointExtension>
    </extensions>
   </trkpt>
   <trkpt lat="12.9256800" lon="77.5220820">
    <ele>855.4</ele>
    <time>2026-08-14T01:36:32Z</time>
    <extensions>
     <gpxtpx:TrackPointExtension>
      <gpxtpx:atemp>23</gpxtpx:atemp>
      <gpxtpx:hr>125</gpxtpx:hr>
      <gpxtpx:cad>53</gpxtpx:cad>
     </gpxtpx:TrackPointExtension>
    </extensions>
   </trkpt>
   <trkpt lat="12.9257270" lon="77.5220810">
    <ele>855.4</ele>
    <time>2026-08-14T01:36:34Z</time>
    <extensions>
     <gpxtpx:TrackPointExtension>
      <gpxtpx:atemp>23</gpxtpx:atemp>
      <gpxtpx:hr>124</gpxtpx:hr>
      <gpxtpx:cad>53</gpxtpx:cad>
     </gpxtpx:TrackPointExtension>
    </extensions>
   </trkpt>
   <trkpt lat="12.9257640" lon="77.5220590">
    <ele>855.4</ele>
    <time>2026-08-14T01:36:36Z</time>
    <extensions>
     <gpxtpx:TrackPointExtension>
      <gpxtpx:atemp>23</gpxtpx:atemp>
      <gpxtpx:hr>120</gpxtpx:hr>
      <gpxtpx:cad>53</gpxtpx:cad>
     </gpxtpx:TrackPointExtension>
    </extensions>
   </trkpt>
   <trkpt lat="12.9257860" lon="77.5220370">
    <ele>855.4</ele>
    <time>2026-08-14T01:36:37Z</time>
    <extensions>
     <gpxtpx:TrackPointExtension>
      <gpxtpx:atemp>23</gpxtpx:atemp>
      <gpxtpx:hr>120</gpxtpx:hr>
      <gpxtpx:cad>54</gpxtpx:cad>
     </gpxtpx:TrackPointExtension>
    </extensions>
   </trkpt>
   <trkpt lat="12.9258330" lon="77.5219810">
    <ele>855.2</ele>
    <time>2026-08-14T01:36:39Z</time>
    <extensions>
     <gpxtpx:TrackPointExtension>
      <gpxtpx:atemp>23</gpxtpx:atemp>
      <gpxtpx:hr>117</gpxtpx:hr>
      <gpxtpx:cad>82</gpxtpx:cad>
     </gpxtpx:TrackPointExtension>
    </extensions>
   </trkpt>
   <trkpt lat="12.9258510" lon="77.5219540">
    <ele>855.0</ele>
    <time>2026-08-14T01:36:40Z</time>
    <extensions>
     <gpxtpx:TrackPointExtension>
      <gpxtpx:atemp>23</gpxtpx:atemp>
      <gpxtpx:hr>117</gpxtpx:hr>
      <gpxtpx:cad>84</gpxtpx:cad>
     </gpxtpx:TrackPointExtension>
    </extensions>
   </trkpt>
   <trkpt lat="12.9258760" lon="77.5218810">
    <ele>854.4</ele>
    <time>2026-08-14T01:36:42Z</time>
    <extensions>
     <gpxtpx:TrackPointExtension>
      <gpxtpx:atemp>23</gpxtpx:atemp>
      <gpxtpx:hr>114</gpxtpx:hr>
      <gpxtpx:cad>85</gpxtpx:cad>
     </gpxtpx:TrackPointExtension>
    </extensions>
   </trkpt>
   <trkpt lat="12.9258990" lon="77.5217790">
    <ele>853.8</ele>
    <time>2026-08-14T01:36:45Z</time>
    <extensions>
     <gpxtpx:TrackPointExtension>
      <gpxtpx:atemp>23</gpxtpx:atemp>
      <gpxtpx:hr>116</gpxtpx:hr>
      <gpxtpx:cad>85</gpxtpx:cad>
     </gpxtpx:TrackPointExtension>
    </extensions>
   </trkpt>
   <trkpt lat="12.9259030" lon="77.5217510">
    <ele>853.6</ele>
    <time>2026-08-14T01:36:46Z</time>
    <extensions>
     <gpxtpx:TrackPointExtension>
      <gpxtpx:atemp>23</gpxtpx:atemp>
      <gpxtpx:hr>117</gpxtpx:hr>
      <gpxtpx:cad>85</gpxtpx:cad>
     </gpxtpx:TrackPointExtension>
    </extensions>
   </trkpt>
   <trkpt lat="12.9259160" lon="77.5217080">
    <ele>853.4</ele>
    <time>2026-08-14T01:36:48Z</time>
    <extensions>
     <gpxtpx:TrackPointExtension>
      <gpxtpx:atemp>23</gpxtpx:atemp>
      <gpxtpx:hr>118</gpxtpx:hr>
      <gpxtpx:cad>86</gpxtpx:cad>
     </gpxtpx:TrackPointExtension>
    </extensions>
   </trkpt>
   <trkpt lat="12.9259610" lon="77.5216650">
    <ele>853.2</ele>
    <time>2026-08-14T01:36:50Z</time>
    <extensions>
     <gpxtpx:TrackPointExtension>
      <gpxtpx:atemp>23</gpxtpx:atemp>
      <gpxtpx:hr>121</gpxtpx:hr>
      <gpxtpx:cad>84</gpxtpx:cad>
     </gpxtpx:TrackPointExtension>
    </extensions>
   </trkpt>
   <trkpt lat="12.9259780" lon="77.5216340">
    <ele>852.8</ele>
    <time>2026-08-14T01:36:51Z</time>
    <extensions>
     <gpxtpx:TrackPointExtension>
      <gpxtpx:atemp>23</gpxtpx:atemp>
      <gpxtpx:hr>121</gpxtpx:hr>
      <gpxtpx:cad>83</gpxtpx:cad>
     </gpxtpx:TrackPointExtension>
    </extensions>
   </trkpt>
   <trkpt lat="12.9260210" lon="77.5214970">
    <ele>851.8</ele>
    <time>2026-08-14T01:36:55Z</time>
    <extensions>
     <gpxtpx:TrackPointExtension>
      <gpxtpx:atemp>23</gpxtpx:atemp>
      <gpxtpx:hr>123</gpxtpx:hr>
      <gpxtpx:cad>83</gpxtpx:cad>
     </gpxtpx:TrackPointExtension>
    </extensions>
   </trkpt>
   <trkpt lat="12.9260210" lon="77.5214550">
    <ele>851.6</ele>
    <time>2026-08-14T01:36:56Z</time>
    <extensions>
     <gpxtpx:TrackPointExtension>
      <gpxtpx:atemp>23</gpxtpx:atemp>
      <gpxtpx:hr>124</gpxtpx:hr>
      <gpxtpx:cad>83</gpxtpx:cad>
     </gpxtpx:TrackPointExtension>
    </extensions>
   </trkpt>
   <trkpt lat="12.9260210" lon="77.5213850">
    <ele>851.6</ele>
    <time>2026-08-14T01:36:58Z</time>
    <extensions>
     <gpxtpx:TrackPointExtension>
      <gpxtpx:atemp>23</gpxtpx:atemp>
      <gpxtpx:hr>130</gpxtpx:hr>
      <gpxtpx:cad>84</gpxtpx:cad>
     </gpxtpx:TrackPointExtension>
    </extensions>
   </trkpt>
   <trkpt lat="12.9260240" lon="77.5213540">
    <ele>851.4</ele>
    <time>2026-08-14T01:36:59Z</time>
    <extensions>
     <gpxtpx:TrackPointExtension>
      <gpxtpx:atemp>23</gpxtpx:atemp>
      <gpxtpx:hr>130</gpxtpx:hr>
      <gpxtpx:cad>84</gpxtpx:cad>
     </gpxtpx:TrackPointExtension>
    </extensions>
   </trkpt>
   <trkpt lat="12.9260470" lon="77.5212480">
    <ele>850.6</ele>
    <time>2026-08-14T01:37:02Z</time>
    <extensions>
     <gpxtpx:TrackPointExtension>
      <gpxtpx:atemp>23</gpxtpx:atemp>
      <gpxtpx:hr>133</gpxtpx:hr>
      <gpxtpx:cad>84</gpxtpx:cad>
     </gpxtpx:TrackPointExtension>
    </extensions>
   </trkpt>
   <trkpt lat="12.9260640" lon="77.5212120">
    <ele>850.4</ele>
    <time>2026-08-14T01:37:03Z</time>
    <extensions>
     <gpxtpx:TrackPointExtension>
      <gpxtpx:atemp>23</gpxtpx:atemp>
      <gpxtpx:hr>134</gpxtpx:hr>
      <gpxtpx:cad>83</gpxtpx:cad>
     </gpxtpx:TrackPointExtension>
    </extensions>
   </trkpt>
   <trkpt lat="12.9261110" lon="77.5211300">
    <ele>849.8</ele>
    <time>2026-08-14T01:37:06Z</time>
    <extensions>
     <gpxtpx:TrackPointExtension>
      <gpxtpx:atemp>23</gpxtpx:atemp>
      <gpxtpx:hr>137</gpxtpx:hr>
      <gpxtpx:cad>83</gpxtpx:cad>
     </gpxtpx:TrackPointExtension>
    </extensions>
   </trkpt>
   <trkpt lat="12.9261270" lon="77.5210750">
    <ele>849.4</ele>
    <time>2026-08-14T01:37:08Z</time>
    <extensions>
     <gpxtpx:TrackPointExtension>
      <gpxtpx:atemp>23</gpxtpx:atemp>
      <gpxtpx:hr>139</gpxtpx:hr>
      <gpxtpx:cad>83</gpxtpx:cad>
     </gpxtpx:TrackPointExtension>
    </extensions>
   </trkpt>
   <trkpt lat="12.9261480" lon="77.5210150">
    <ele>848.8</ele>
    <time>2026-08-14T01:37:10Z</time>
    <extensions>
     <gpxtpx:TrackPointExtension>
      <gpxtpx:atemp>23</gpxtpx:atemp>
      <gpxtpx:hr>139</gpxtpx:hr>
      <gpxtpx:cad>82</gpxtpx:cad>
     </gpxtpx:TrackPointExtension>
    </extensions>
   </trkpt>
   <trkpt lat="12.9261860" lon="77.5209240">
    <ele>848.2</ele>
    <time>2026-08-14T01:37:13Z</time>
    <extensions>
     <gpxtpx:TrackPointExtension>
      <gpxtpx:atemp>23</gpxtpx:atemp>
      <gpxtpx:hr>137</gpxtpx:hr>
      <gpxtpx:cad>83</gpxtpx:cad>
     </gpxtpx:TrackPointExtension>
    </extensions>
   </trkpt>
   <trkpt lat="12.9261960" lon="77.5208830">
    <ele>848.0</ele>
    <time>2026-08-14T01:37:14Z</time>
    <extensions>
     <gpxtpx:TrackPointExtension>
      <gpxtpx:atemp>23</gpxtpx:atemp>
      <gpxtpx:hr>140</gpxtpx:hr>
      <gpxtpx:cad>83</gpxtpx:cad>
     </gpxtpx:TrackPointExtension>
    </extensions>
   </trkpt>
   <trkpt lat="12.9262500" lon="77.5207570">
    <ele>847.6</ele>
    <time>2026-08-14T01:37:17Z</time>
    <extensions>
     <gpxtpx:TrackPointExtension>
      <gpxtpx:atemp>23</gpxtpx:atemp>
      <gpxtpx:hr>140</gpxtpx:hr>
      <gpxtpx:cad>81</gpxtpx:cad>
     </gpxtpx:TrackPointExtension>
    </extensions>
   </trkpt>
   <trkpt lat="12.9262910" lon="77.5206610">
    <ele>847.2</ele>
    <time>2026-08-14T01:37:20Z</time>
    <extensions>
     <gpxtpx:TrackPointExtension>
      <gpxtpx:atemp>23</gpxtpx:atemp>
      <gpxtpx:hr>139</gpxtpx:hr>
      <gpxtpx:cad>82</gpxtpx:cad>
     </gpxtpx:TrackPointExtension>
    </extensions>
   </trkpt>
   <trkpt lat="12.9263490" lon="77.5205350">
    <ele>846.8</ele>
    <time>2026-08-14T01:37:23Z</time>
    <extensions>
     <gpxtpx:TrackPointExtension>
      <gpxtpx:atemp>23</gpxtpx:atemp>
      <gpxtpx:hr>136</gpxtpx:hr>
      <gpxtpx:cad>82</gpxtpx:cad>
     </gpxtpx:TrackPointExtension>
    </extensions>
   </trkpt>
   <trkpt lat="12.9264180" lon="77.5203640">
    <ele>846.6</ele>
    <time>2026-08-14T01:37:27Z</time>
    <extensions>
     <gpxtpx:TrackPointExtension>
      <gpxtpx:atemp>23</gpxtpx:atemp>
      <gpxtpx:hr>137</gpxtpx:hr>
      <gpxtpx:cad>80</gpxtpx:cad>
     </gpxtpx:TrackPointExtension>
    </extensions>
   </trkpt>
   <trkpt lat="12.9264560" lon="77.5202590">
    <ele>846.6</ele>
    <time>2026-08-14T01:37:30Z</time>
    <extensions>
     <gpxtpx:TrackPointExtension>
      <gpxtpx:atemp>23</gpxtpx:atemp>
      <gpxtpx:hr>137</gpxtpx:hr>
      <gpxtpx:cad>79</gpxtpx:cad>
     </gpxtpx:TrackPointExtension>
    </extensions>
   </trkpt>
   <trkpt lat="12.9265510" lon="77.5201230">
    <ele>847.4</ele>
    <time>2026-08-14T01:37:37Z</time>
    <extensions>
     <gpxtpx:TrackPointExtension>
      <gpxtpx:atemp>23</gpxtpx:atemp>
      <gpxtpx:hr>136</gpxtpx:hr>
      <gpxtpx:cad>79</gpxtpx:cad>
     </gpxtpx:TrackPointExtension>
    </extensions>
   </trkpt>
   <trkpt lat="12.9265750" lon="77.5200280">
    <ele>848.2</ele>
    <time>2026-08-14T01:37:41Z</time>
    <extensions>
     <gpxtpx:TrackPointExtension>
      <gpxtpx:atemp>23</gpxtpx:atemp>
      <gpxtpx:hr>137</gpxtpx:hr>
      <gpxtpx:cad>78</gpxtpx:cad>
     </gpxtpx:TrackPointExtension>
    </extensions>
   </trkpt>
   <trkpt lat="12.9265920" lon="77.5199980">
    <ele>848.4</ele>
    <time>2026-08-14T01:37:43Z</time>
    <extensions>
     <gpxtpx:TrackPointExtension>
      <gpxtpx:atemp>23</gpxtpx:atemp>
      <gpxtpx:hr>137</gpxtpx:hr>
      <gpxtpx:cad>78</gpxtpx:cad>
     </gpxtpx:TrackPointExtension>
    </extensions>
   </trkpt>
   <trkpt lat="12.9265920" lon="77.5199930">
    <ele>848.6</ele>
    <time>2026-08-14T01:37:44Z</time>
    <extensions>
     <gpxtpx:TrackPointExtension>
      <gpxtpx:atemp>23</gpxtpx:atemp>
      <gpxtpx:hr>137</gpxtpx:hr>
      <gpxtpx:cad>41</gpxtpx:cad>
     </gpxtpx:TrackPointExtension>
    </extensions>
   </trkpt>
   <trkpt lat="12.9265750" lon="77.5199810">
    <ele>848.8</ele>
    <time>2026-08-14T01:37:47Z</time>
    <extensions>
     <gpxtpx:TrackPointExtension>
      <gpxtpx:atemp>23</gpxtpx:atemp>
      <gpxtpx:hr>138</gpxtpx:hr>
      <gpxtpx:cad>41</gpxtpx:cad>
     </gpxtpx:TrackPointExtension>
    </extensions>
   </trkpt>
   <trkpt lat="12.9265110" lon="77.5199620">
    <ele>849.0</ele>
    <time>2026-08-14T01:37:52Z</time>
    <extensions>
     <gpxtpx:TrackPointExtension>
      <gpxtpx:atemp>23</gpxtpx:atemp>
      <gpxtpx:hr>137</gpxtpx:hr>
      <gpxtpx:cad>49</gpxtpx:cad>
     </gpxtpx:TrackPointExtension>
    </extensions>
   </trkpt>
   <trkpt lat="12.9264950" lon="77.5199530">
    <ele>849.2</ele>
    <time>2026-08-14T01:37:53Z</time>
    <extensions>
     <gpxtpx:TrackPointExtension>
      <gpxtpx:atemp>23</gpxtpx:atemp>
      <gpxtpx:hr>136</gpxtpx:hr>
      <gpxtpx:cad>50</gpxtpx:cad>
     </gpxtpx:TrackPointExtension>
    </extensions>
   </trkpt>
   <trkpt lat="12.9264860" lon="77.5199500">
    <ele>849.2</ele>
    <time>2026-08-14T01:37:54Z</time>
    <extensions>
     <gpxtpx:TrackPointExtension>
      <gpxtpx:atemp>23</gpxtpx:atemp>
      <gpxtpx:hr>137</gpxtpx:hr>
      <gpxtpx:cad>50</gpxtpx:cad>
     </gpxtpx:TrackPointExtension>
    </extensions>
   </trkpt>
   <trkpt lat="12.9264740" lon="77.5199490">
    <ele>849.2</ele>
    <time>2026-08-14T01:37:55Z</time>
    <extensions>
     <gpxtpx:TrackPointExtension>
      <gpxtpx:atemp>23</gpxtpx:atemp>
      <gpxtpx:hr>138</gpxtpx:hr>
      <gpxtpx:cad>50</gpxtpx:cad>
     </gpxtpx:TrackPointExtension>
    </extensions>
   </trkpt>
   <trkpt lat="12.9264450" lon="77.5199130">
    <ele>849.2</ele>
    <time>2026-08-14T01:37:58Z</time>
    <extensions>
     <gpxtpx:TrackPointExtension>
      <gpxtpx:atemp>23</gpxtpx:atemp>
      <gpxtpx:hr>136</gpxtpx:hr>
      <gpxtpx:cad>50</gpxtpx:cad>
     </gpxtpx:TrackPointExtension>
    </extensions>
   </trkpt>
   <trkpt lat="12.9264330" lon="77.5198920">
    <ele>849.4</ele>
    <time>2026-08-14T01:38:00Z</time>
    <extensions>
     <gpxtpx:TrackPointExtension>
      <gpxtpx:atemp>23</gpxtpx:atemp>
      <gpxtpx:hr>136</gpxtpx:hr>
      <gpxtpx:cad>52</gpxtpx:cad>
     </gpxtpx:TrackPointExtension>
    </extensions>
   </trkpt>
   <trkpt lat="12.9264070" lon="77.5198850">
    <ele>849.6</ele>
    <time>2026-08-14T01:38:03Z</time>
    <extensions>
     <gpxtpx:TrackPointExtension>
      <gpxtpx:atemp>23</gpxtpx:atemp>
      <gpxtpx:hr>136</gpxtpx:hr>
      <gpxtpx:cad>51</gpxtpx:cad>
     </gpxtpx:TrackPointExtension>
    </extensions>
   </trkpt>
   <trkpt lat="12.9263730" lon="77.5199040">
    <ele>849.6</ele>
    <time>2026-08-14T01:38:05Z</time>
    <extensions>
     <gpxtpx:TrackPointExtension>
      <gpxtpx:atemp>23</gpxtpx:atemp>
      <gpxtpx:hr>138</gpxtpx:hr>
      <gpxtpx:cad>50</gpxtpx:cad>
     </gpxtpx:TrackPointExtension>
    </extensions>
   </trkpt>
   <trkpt lat="12.9263020" lon="77.5199490">
    <ele>849.8</ele>
    <time>2026-08-14T01:38:08Z</time>
    <extensions>
     <gpxtpx:TrackPointExtension>
      <gpxtpx:atemp>23</gpxtpx:atemp>
      <gpxtpx:hr>141</gpxtpx:hr>
      <gpxtpx:cad>51</gpxtpx:cad>
     </gpxtpx:TrackPointExtension>
    </extensions>
   </trkpt>
   <trkpt lat="12.9262770" lon="77.5199600">
    <ele>850.0</ele>
    <time>2026-08-14T01:38:10Z</time>
    <extensions>
     <gpxtpx:TrackPointExtension>
      <gpxtpx:atemp>23</gpxtpx:atemp>
      <gpxtpx:hr>141</gpxtpx:hr>
      <gpxtpx:cad>51</gpxtpx:cad>
     </gpxtpx:TrackPointExtension>
    </extensions>
   </trkpt>
   <trkpt lat="12.9262420" lon="77.5199500">
    <ele>850.2</ele>
    <time>2026-08-14T01:38:13Z</time>
    <extensions>
     <gpxtpx:TrackPointExtension>
      <gpxtpx:atemp>23</gpxtpx:atemp>
      <gpxtpx:hr>146</gpxtpx:hr>
      <gpxtpx:cad>49</gpxtpx:cad>
     </gpxtpx:TrackPointExtension>
    </extensions>
   </trkpt>
   <trkpt lat="12.9262290" lon="77.5199440">
    <ele>850.2</ele>
    <time>2026-08-14T01:38:14Z</time>
    <extensions>
     <gpxtpx:TrackPointExtension>
      <gpxtpx:atemp>23</gpxtpx:atemp>
      <gpxtpx:hr>147</gpxtpx:hr>
      <gpxtpx:cad>49</gpxtpx:cad>
     </gpxtpx:TrackPointExtension>
    </extensions>
   </trkpt>
   <trkpt lat="12.9262100" lon="77.5199250">
    <ele>850.2</ele>
    <time>2026-08-14T01:38:16Z</time>
    <extensions>
     <gpxtpx:TrackPointExtension>
      <gpxtpx:atemp>23</gpxtpx:atemp>
      <gpxtpx:hr>146</gpxtpx:hr>
      <gpxtpx:cad>50</gpxtpx:cad>
     </gpxtpx:TrackPointExtension>
    </extensions>
   </trkpt>
   <trkpt lat="12.9261750" lon="77.5199100">
    <ele>850.4</ele>
    <time>2026-08-14T01:38:18Z</time>
    <extensions>
     <gpxtpx:TrackPointExtension>
      <gpxtpx:atemp>23</gpxtpx:atemp>
      <gpxtpx:hr>145</gpxtpx:hr>
      <gpxtpx:cad>50</gpxtpx:cad>
     </gpxtpx:TrackPointExtension>
    </extensions>
   </trkpt>
   <trkpt lat="12.9261380" lon="77.5199080">
    <ele>850.6</ele>
    <time>2026-08-14T01:38:20Z</time>
    <extensions>
     <gpxtpx:TrackPointExtension>
      <gpxtpx:atemp>23</gpxtpx:atemp>
      <gpxtpx:hr>141</gpxtpx:hr>
      <gpxtpx:cad>48</gpxtpx:cad>
     </gpxtpx:TrackPointExtension>
    </extensions>
   </trkpt>
   <trkpt lat="12.9261270" lon="77.5199010">
    <ele>850.6</ele>
    <time>2026-08-14T01:38:21Z</time>
    <extensions>
     <gpxtpx:TrackPointExtension>
      <gpxtpx:atemp>23</gpxtpx:atemp>
      <gpxtpx:hr>144</gpxtpx:hr>
      <gpxtpx:cad>49</gpxtpx:cad>
     </gpxtpx:TrackPointExtension>
    </extensions>
   </trkpt>
   <trkpt lat="12.9260720" lon="77.5199080">
    <ele>850.8</ele>
    <time>2026-08-14T01:38:25Z</time>
    <extensions>
     <gpxtpx:TrackPointExtension>
      <gpxtpx:atemp>23</gpxtpx:atemp>
      <gpxtpx:hr>147</gpxtpx:hr>
      <gpxtpx:cad>51</gpxtpx:cad>
     </gpxtpx:TrackPointExtension>
    </extensions>
   </trkpt>
   <trkpt lat="12.9260350" lon="77.5199200">
    <ele>851.0</ele>
    <time>2026-08-14T01:38:28Z</time>
    <extensions>
     <gpxtpx:TrackPointExtension>
      <gpxtpx:atemp>23</gpxtpx:atemp>
      <gpxtpx:hr>151</gpxtpx:hr>
      <gpxtpx:cad>51</gpxtpx:cad>
     </gpxtpx:TrackPointExtension>
    </extensions>
   </trkpt>
   <trkpt lat="12.9260230" lon="77.5199240">
    <ele>851.0</ele>
    <time>2026-08-14T01:38:29Z</time>
    <extensions>
     <gpxtpx:TrackPointExtension>
      <gpxtpx:atemp>23</gpxtpx:atemp>
      <gpxtpx:hr>147</gpxtpx:hr>
      <gpxtpx:cad>51</gpxtpx:cad>
     </gpxtpx:TrackPointExtension>
    </extensions>
   </trkpt>
   <trkpt lat="12.9260080" lon="77.5199130">
    <ele>851.0</ele>
    <time>2026-08-14T01:38:31Z</time>
    <extensions>
     <gpxtpx:TrackPointExtension>
      <gpxtpx:atemp>23</gpxtpx:atemp>
      <gpxtpx:hr>147</gpxtpx:hr>
      <gpxtpx:cad>51</gpxtpx:cad>
     </gpxtpx:TrackPointExtension>
    </extensions>
   </trkpt>
   <trkpt lat="12.9259950" lon="77.5199080">
    <ele>851.0</ele>
    <time>2026-08-14T01:38:32Z</time>
    <extensions>
     <gpxtpx:TrackPointExtension>
      <gpxtpx:atemp>23</gpxtpx:atemp>
      <gpxtpx:hr>148</gpxtpx:hr>
      <gpxtpx:cad>51</gpxtpx:cad>
     </gpxtpx:TrackPointExtension>
    </extensions>
   </trkpt>
   <trkpt lat="12.9259550" lon="77.5198920">
    <ele>851.2</ele>
    <time>2026-08-14T01:38:35Z</time>
    <extensions>
     <gpxtpx:TrackPointExtension>
      <gpxtpx:atemp>23</gpxtpx:atemp>
      <gpxtpx:hr>147</gpxtpx:hr>
      <gpxtpx:cad>51</gpxtpx:cad>
     </gpxtpx:TrackPointExtension>
    </extensions>
   </trkpt>
   <trkpt lat="12.9259390" lon="77.5198880">
    <ele>851.2</ele>
    <time>2026-08-14T01:38:37Z</time>
    <extensions>
     <gpxtpx:TrackPointExtension>
      <gpxtpx:atemp>23</gpxtpx:atemp>
      <gpxtpx:hr>147</gpxtpx:hr>
      <gpxtpx:cad>51</gpxtpx:cad>
     </gpxtpx:TrackPointExtension>
    </extensions>
   </trkpt>
   <trkpt lat="12.9259110" lon="77.5198920">
    <ele>851.4</ele>
    <time>2026-08-14T01:38:39Z</time>
    <extensions>
     <gpxtpx:TrackPointExtension>
      <gpxtpx:atemp>23</gpxtpx:atemp>
      <gpxtpx:hr>147</gpxtpx:hr>
      <gpxtpx:cad>51</gpxtpx:cad>
     </gpxtpx:TrackPointExtension>
    </extensions>
   </trkpt>
   <trkpt lat="12.9258160" lon="77.5198660">
    <ele>851.8</ele>
    <time>2026-08-14T01:38:45Z</time>
    <extensions>
     <gpxtpx:TrackPointExtension>
      <gpxtpx:atemp>23</gpxtpx:atemp>
      <gpxtpx:hr>145</gpxtpx:hr>
      <gpxtpx:cad>51</gpxtpx:cad>
     </gpxtpx:TrackPointExtension>
    </extensions>
   </trkpt>
   <trkpt lat="12.9257550" lon="77.5198460">
    <ele>851.6</ele>
    <time>2026-08-14T01:38:48Z</time>
    <extensions>
     <gpxtpx:TrackPointExtension>
      <gpxtpx:atemp>23</gpxtpx:atemp>
      <gpxtpx:hr>142</gpxtpx:hr>
      <gpxtpx:cad>51</gpxtpx:cad>
     </gpxtpx:TrackPointExtension>
    </extensions>
   </trkpt>
   <trkpt lat="12.9256850" lon="77.5198350">
    <ele>852.0</ele>
    <time>2026-08-14T01:38:51Z</time>
    <extensions>
     <gpxtpx:TrackPointExtension>
      <gpxtpx:atemp>23</gpxtpx:atemp>
      <gpxtpx:hr>143</gpxtpx:hr>
      <gpxtpx:cad>82</gpxtpx:cad>
     </gpxtpx:TrackPointExtension>
    </extensions>
   </trkpt>
   <trkpt lat="12.9255670" lon="77.5198090">
    <ele>852.0</ele>
    <time>2026-08-14T01:38:55Z</time>
    <extensions>
     <gpxtpx:TrackPointExtension>
      <gpxtpx:atemp>23</gpxtpx:atemp>
      <gpxtpx:hr>143</gpxtpx:hr>
      <gpxtpx:cad>82</gpxtpx:cad>
     </gpxtpx:TrackPointExtension>
    </extensions>
   </trkpt>
   <trkpt lat="12.9254980" lon="77.5197900">
    <ele>852.4</ele>
    <time>2026-08-14T01:38:58Z</time>
    <extensions>
     <gpxtpx:TrackPointExtension>
      <gpxtpx:atemp>23</gpxtpx:atemp>
      <gpxtpx:hr>144</gpxtpx:hr>
      <gpxtpx:cad>81</gpxtpx:cad>
     </gpxtpx:TrackPointExtension>
    </extensions>
   </trkpt>
   <trkpt lat="12.9254660" lon="77.5197800">
    <ele>852.6</ele>
    <time>2026-08-14T01:39:00Z</time>
    <extensions>
     <gpxtpx:TrackPointExtension>
      <gpxtpx:atemp>23</gpxtpx:atemp>
      <gpxtpx:hr>145</gpxtpx:hr>
      <gpxtpx:cad>80</gpxtpx:cad>
     </gpxtpx:TrackPointExtension>
    </extensions>
   </trkpt>
   <trkpt lat="12.9253920" lon="77.5197510">
    <ele>853.0</ele>
    <time>2026-08-14T01:39:04Z</time>
    <extensions>
     <gpxtpx:TrackPointExtension>
      <gpxtpx:atemp>23</gpxtpx:atemp>
      <gpxtpx:hr>148</gpxtpx:hr>
      <gpxtpx:cad>80</gpxtpx:cad>
     </gpxtpx:TrackPointExtension>
    </extensions>
   </trkpt>
   <trkpt lat="12.9253570" lon="77.5197440">
    <ele>853.2</ele>
    <time>2026-08-14T01:39:06Z</time>
    <extensions>
     <gpxtpx:TrackPointExtension>
      <gpxtpx:atemp>23</gpxtpx:atemp>
      <gpxtpx:hr>150</gpxtpx:hr>
      <gpxtpx:cad>79</gpxtpx:cad>
     </gpxtpx:TrackPointExtension>
    </extensions>
   </trkpt>
   <trkpt lat="12.9253090" lon="77.5197340">
    <ele>853.4</ele>
    <time>2026-08-14T01:39:08Z</time>
    <extensions>
     <gpxtpx:TrackPointExtension>
      <gpxtpx:atemp>23</gpxtpx:atemp>
      <gpxtpx:hr>150</gpxtpx:hr>
      <gpxtpx:cad>79</gpxtpx:cad>
     </gpxtpx:TrackPointExtension>
    </extensions>
   </trkpt>
   <trkpt lat="12.9252470" lon="77.5197180">
    <ele>853.8</ele>
    <time>2026-08-14T01:39:10Z</time>
    <extensions>
     <gpxtpx:TrackPointExtension>
      <gpxtpx:atemp>23</gpxtpx:atemp>
      <gpxtpx:hr>151</gpxtpx:hr>
      <gpxtpx:cad>80</gpxtpx:cad>
     </gpxtpx:TrackPointExtension>
    </extensions>
   </trkpt>
   <trkpt lat="12.9251780" lon="77.5197020">
    <ele>854.2</ele>
    <time>2026-08-14T01:39:13Z</time>
    <extensions>
     <gpxtpx:TrackPointExtension>
      <gpxtpx:atemp>23</gpxtpx:atemp>
      <gpxtpx:hr>151</gpxtpx:hr>
      <gpxtpx:cad>81</gpxtpx:cad>
     </gpxtpx:TrackPointExtension>
    </extensions>
   </trkpt>
   <trkpt lat="12.9250610" lon="77.5196850">
    <ele>854.6</ele>
    <time>2026-08-14T01:39:18Z</time>
    <extensions>
     <gpxtpx:TrackPointExtension>
      <gpxtpx:atemp>23</gpxtpx:atemp>
      <gpxtpx:hr>150</gpxtpx:hr>
      <gpxtpx:cad>80</gpxtpx:cad>
     </gpxtpx:TrackPointExtension>
    </extensions>
   </trkpt>
   <trkpt lat="12.9249200" lon="77.5196200">
    <ele>855.0</ele>
    <time>2026-08-14T01:39:24Z</time>
    <extensions>
     <gpxtpx:TrackPointExtension>
      <gpxtpx:atemp>23</gpxtpx:atemp>
      <gpxtpx:hr>150</gpxtpx:hr>
      <gpxtpx:cad>80</gpxtpx:cad>
     </gpxtpx:TrackPointExtension>
    </extensions>
   </trkpt>
   <trkpt lat="12.9248700" lon="77.5196050">
    <ele>855.0</ele>
    <time>2026-08-14T01:39:27Z</time>
    <extensions>
     <gpxtpx:TrackPointExtension>
      <gpxtpx:atemp>23</gpxtpx:atemp>
      <gpxtpx:hr>149</gpxtpx:hr>
      <gpxtpx:cad>79</gpxtpx:cad>
     </gpxtpx:TrackPointExtension>
    </extensions>
   </trkpt>
   <trkpt lat="12.9248210" lon="77.5195800">
    <ele>855.2</ele>
    <time>2026-08-14T01:39:29Z</time>
    <extensions>
     <gpxtpx:TrackPointExtension>
      <gpxtpx:atemp>23</gpxtpx:atemp>
      <gpxtpx:hr>148</gpxtpx:hr>
      <gpxtpx:cad>78</gpxtpx:cad>
     </gpxtpx:TrackPointExtension>
    </extensions>
   </trkpt>
   <trkpt lat="12.9247280" lon="77.5195310">
    <ele>855.2</ele>
    <time>2026-08-14T01:39:34Z</time>
    <extensions>
     <gpxtpx:TrackPointExtension>
      <gpxtpx:atemp>23</gpxtpx:atemp>
      <gpxtpx:hr>149</gpxtpx:hr>
      <gpxtpx:cad>79</gpxtpx:cad>
     </gpxtpx:TrackPointExtension>
    </extensions>
   </trkpt>
   <trkpt lat="12.9246190" lon="77.5194940">
    <ele>855.2</ele>
    <time>2026-08-14T01:39:39Z</time>
    <extensions>
     <gpxtpx:TrackPointExtension>
      <gpxtpx:atemp>23</gpxtpx:atemp>
      <gpxtpx:hr>151</gpxtpx:hr>
      <gpxtpx:cad>80</gpxtpx:cad>
     </gpxtpx:TrackPointExtension>
    </extensions>
   </trkpt>
   <trkpt lat="12.9245400" lon="77.5194560">
    <ele>855.0</ele>
    <time>2026-08-14T01:39:43Z</time>
    <extensions>
     <gpxtpx:TrackPointExtension>
      <gpxtpx:atemp>23</gpxtpx:atemp>
      <gpxtpx:hr>151</gpxtpx:hr>
      <gpxtpx:cad>78</gpxtpx:cad>
     </gpxtpx:TrackPointExtension>
    </extensions>
   </trkpt>
   <trkpt lat="12.9244940" lon="77.5194540">
    <ele>855.0</ele>
    <time>2026-08-14T01:39:45Z</time>
    <extensions>
     <gpxtpx:TrackPointExtension>
      <gpxtpx:atemp>23</gpxtpx:atemp>
      <gpxtpx:hr>151</gpxtpx:hr>
      <gpxtpx:cad>77</gpxtpx:cad>
     </gpxtpx:TrackPointExtension>
    </extensions>
   </trkpt>
   <trkpt lat="12.9243930" lon="77.5194380">
    <ele>854.8</ele>
    <time>2026-08-14T01:39:48Z</time>
    <extensions>
     <gpxtpx:TrackPointExtension>
      <gpxtpx:atemp>23</gpxtpx:atemp>
      <gpxtpx:hr>150</gpxtpx:hr>
      <gpxtpx:cad>78</gpxtpx:cad>
     </gpxtpx:TrackPointExtension>
    </extensions>
   </trkpt>
   <trkpt lat="12.9242970" lon="77.5194080">
    <ele>854.6</ele>
    <time>2026-08-14T01:39:53Z</time>
    <extensions>
     <gpxtpx:TrackPointExtension>
      <gpxtpx:atemp>23</gpxtpx:atemp>
      <gpxtpx:hr>150</gpxtpx:hr>
      <gpxtpx:cad>78</gpxtpx:cad>
     </gpxtpx:TrackPointExtension>
    </extensions>
   </trkpt>
   <trkpt lat="12.9242900" lon="77.5193990">
    <ele>854.6</ele>
    <time>2026-08-14T01:39:54Z</time>
    <extensions>
     <gpxtpx:TrackPointExtension>
      <gpxtpx:atemp>23</gpxtpx:atemp>
      <gpxtpx:hr>147</gpxtpx:hr>
      <gpxtpx:cad>78</gpxtpx:cad>
     </gpxtpx:TrackPointExtension>
    </extensions>
   </trkpt>
   <trkpt lat="12.9242820" lon="77.5193950">
    <ele>854.6</ele>
    <time>2026-08-14T01:39:55Z</time>
    <extensions>
     <gpxtpx:TrackPointExtension>
      <gpxtpx:atemp>23</gpxtpx:atemp>
      <gpxtpx:hr>150</gpxtpx:hr>
      <gpxtpx:cad>78</gpxtpx:cad>
     </gpxtpx:TrackPointExtension>
    </extensions>
   </trkpt>
   <trkpt lat="12.9242630" lon="77.5193840">
    <ele>854.6</ele>
    <time>2026-08-14T01:39:57Z</time>
    <extensions>
     <gpxtpx:TrackPointExtension>
      <gpxtpx:atemp>23</gpxtpx:atemp>
      <gpxtpx:hr>150</gpxtpx:hr>
      <gpxtpx:cad>0</gpxtpx:cad>
     </gpxtpx:TrackPointExtension>
    </extensions>
   </trkpt>
   <trkpt lat="12.9242520" lon="77.5193550">
    <ele>854.6</ele>
    <time>2026-08-14T01:39:59Z</time>
    <extensions>
     <gpxtpx:TrackPointExtension>
      <gpxtpx:atemp>23</gpxtpx:atemp>
      <gpxtpx:hr>151</gpxtpx:hr>
      <gpxtpx:cad>0</gpxtpx:cad>
     </gpxtpx:TrackPointExtension>
    </extensions>
   </trkpt>
   <trkpt lat="12.9242420" lon="77.5193500">
    <ele>854.6</ele>
    <time>2026-08-14T01:40:00Z</time>
    <extensions>
     <gpxtpx:TrackPointExtension>
      <gpxtpx:atemp>23</gpxtpx:atemp>
      <gpxtpx:hr>151</gpxtpx:hr>
      <gpxtpx:cad>0</gpxtpx:cad>
     </gpxtpx:TrackPointExtension>
    </extensions>
   </trkpt>
   <trkpt lat="12.9242240" lon="77.5193200">
    <ele>854.4</ele>
    <time>2026-08-14T01:40:03Z</time>
    <extensions>
     <gpxtpx:TrackPointExtension>
      <gpxtpx:atemp>23</gpxtpx:atemp>
      <gpxtpx:hr>152</gpxtpx:hr>
      <gpxtpx:cad>0</gpxtpx:cad>
     </gpxtpx:TrackPointExtension>
    </extensions>
   </trkpt>
   <trkpt lat="12.9242400" lon="77.5192750">
    <ele>854.4</ele>
    <time>2026-08-14T01:40:05Z</time>
    <extensions>
     <gpxtpx:TrackPointExtension>
      <gpxtpx:atemp>23</gpxtpx:atemp>
      <gpxtpx:hr>149</gpxtpx:hr>
      <gpxtpx:cad>51</gpxtpx:cad>
     </gpxtpx:TrackPointExtension>
    </extensions>
   </trkpt>
   <trkpt lat="12.9242690" lon="77.5191820">
    <ele>854.4</ele>
    <time>2026-08-14T01:40:10Z</time>
    <extensions>
     <gpxtpx:TrackPointExtension>
      <gpxtpx:atemp>23</gpxtpx:atemp>
      <gpxtpx:hr>146</gpxtpx:hr>
      <gpxtpx:cad>53</gpxtpx:cad>
     </gpxtpx:TrackPointExtension>
    </extensions>
   </trkpt>
   <trkpt lat="12.9242650" lon="77.5191620">
    <ele>854.6</ele>
    <time>2026-08-14T01:40:13Z</time>
    <extensions>
     <gpxtpx:TrackPointExtension>
      <gpxtpx:atemp>23</gpxtpx:atemp>
      <gpxtpx:hr>144</gpxtpx:hr>
      <gpxtpx:cad>51</gpxtpx:cad>
     </gpxtpx:TrackPointExtension>
    </extensions>
   </trkpt>
   <trkpt lat="12.9243360" lon="77.5190230">
    <ele>854.6</ele>
    <time>2026-08-14T01:40:19Z</time>
    <extensions>
     <gpxtpx:TrackPointExtension>
      <gpxtpx:atemp>23</gpxtpx:atemp>
      <gpxtpx:hr>143</gpxtpx:hr>
      <gpxtpx:cad>81</gpxtpx:cad>
     </gpxtpx:TrackPointExtension>
    </extensions>
   </trkpt>
   <trkpt lat="12.9243660" lon="77.5189270">
    <ele>855.0</ele>
    <time>2026-08-14T01:40:23Z</time>
    <extensions>
     <gpxtpx:TrackPointExtension>
      <gpxtpx:atemp>23</gpxtpx:atemp>
      <gpxtpx:hr>140</gpxtpx:hr>
      <gpxtpx:cad>81</gpxtpx:cad>
     </gpxtpx:TrackPointExtension>
    </extensions>
   </trkpt>
   <trkpt lat="12.9243720" lon="77.5189020">
    <ele>855.0</ele>
    <time>2026-08-14T01:40:24Z</time>
    <extensions>
     <gpxtpx:TrackPointExtension>
      <gpxtpx:atemp>23</gpxtpx:atemp>
      <gpxtpx:hr>138</gpxtpx:hr>
      <gpxtpx:cad>80</gpxtpx:cad>
     </gpxtpx:TrackPointExtension>
    </extensions>
   </trkpt>
   <trkpt lat="12.9244060" lon="77.5188310">
    <ele>855.4</ele>
    <time>2026-08-14T01:40:27Z</time>
    <extensions>
     <gpxtpx:TrackPointExtension>
      <gpxtpx:atemp>23</gpxtpx:atemp>
      <gpxtpx:hr>141</gpxtpx:hr>
      <gpxtpx:cad>80</gpxtpx:cad>
     </gpxtpx:TrackPointExtension>
    </extensions>
   </trkpt>
   <trkpt lat="12.9244500" lon="77.5187410">
    <ele>855.6</ele>
    <time>2026-08-14T01:40:30Z</time>
    <extensions>
     <gpxtpx:TrackPointExtension>
      <gpxtpx:atemp>23</gpxtpx:atemp>
      <gpxtpx:hr>142</gpxtpx:hr>
      <gpxtpx:cad>81</gpxtpx:cad>
     </gpxtpx:TrackPointExtension>
    </extensions>
   </trkpt>
   <trkpt lat="12.9244860" lon="77.5186850">
    <ele>855.6</ele>
    <time>2026-08-14T01:40:32Z</time>
    <extensions>
     <gpxtpx:TrackPointExtension>
      <gpxtpx:atemp>23</gpxtpx:atemp>
      <gpxtpx:hr>143</gpxtpx:hr>
      <gpxtpx:cad>81</gpxtpx:cad>
     </gpxtpx:TrackPointExtension>
    </extensions>
   </trkpt>
   <trkpt lat="12.9245720" lon="77.5185180">
    <ele>856.0</ele>
    <time>2026-08-14T01:40:39Z</time>
    <extensions>
     <gpxtpx:TrackPointExtension>
      <gpxtpx:atemp>23</gpxtpx:atemp>
      <gpxtpx:hr>145</gpxtpx:hr>
      <gpxtpx:cad>81</gpxtpx:cad>
     </gpxtpx:TrackPointExtension>
    </extensions>
   </trkpt>
   <trkpt lat="12.9246370" lon="77.5184050">
    <ele>856.2</ele>
    <time>2026-08-14T01:40:45Z</time>
    <extensions>
     <gpxtpx:TrackPointExtension>
      <gpxtpx:atemp>23</gpxtpx:atemp>
      <gpxtpx:hr>142</gpxtpx:hr>
      <gpxtpx:cad>79</gpxtpx:cad>
     </gpxtpx:TrackPointExtension>
    </extensions>
   </trkpt>
   <trkpt lat="12.9246370" lon="77.5183800">
    <ele>856.2</ele>
    <time>2026-08-14T01:40:46Z</time>
    <extensions>
     <gpxtpx:TrackPointExtension>
      <gpxtpx:atemp>23</gpxtpx:atemp>
      <gpxtpx:hr>143</gpxtpx:hr>
      <gpxtpx:cad>80</gpxtpx:cad>
     </gpxtpx:TrackPointExtension>
    </extensions>
   </trkpt>
   <trkpt lat="12.9247080" lon="77.5182180">
    <ele>856.6</ele>
    <time>2026-08-14T01:40:52Z</time>
    <extensions>
     <gpxtpx:TrackPointExtension>
      <gpxtpx:atemp>23</gpxtpx:atemp>
      <gpxtpx:hr>142</gpxtpx:hr>
      <gpxtpx:cad>77</gpxtpx:cad>
     </gpxtpx:TrackPointExtension>
    </extensions>
   </trkpt>
   <trkpt lat="12.9247100" lon="77.5181860">
    <ele>856.6</ele>
    <time>2026-08-14T01:40:54Z</time>
    <extensions>
     <gpxtpx:TrackPointExtension>
      <gpxtpx:atemp>23</gpxtpx:atemp>
      <gpxtpx:hr>145</gpxtpx:hr>
      <gpxtpx:cad>77</gpxtpx:cad>
     </gpxtpx:TrackPointExtension>
    </extensions>
   </trkpt>
   <trkpt lat="12.9247160" lon="77.5181760">
    <ele>856.8</ele>
    <time>2026-08-14T01:40:58Z</time>
    <extensions>
     <gpxtpx:TrackPointExtension>
      <gpxtpx:atemp>23</gpxtpx:atemp>
      <gpxtpx:hr>145</gpxtpx:hr>
      <gpxtpx:cad>57</gpxtpx:cad>
     </gpxtpx:TrackPointExtension>
    </extensions>
   </trkpt>
   <trkpt lat="12.9247070" lon="77.5181190">
    <ele>856.8</ele>
    <time>2026-08-14T01:41:04Z</time>
    <extensions>
     <gpxtpx:TrackPointExtension>
      <gpxtpx:atemp>23</gpxtpx:atemp>
      <gpxtpx:hr>145</gpxtpx:hr>
      <gpxtpx:cad>54</gpxtpx:cad>
     </gpxtpx:TrackPointExtension>
    </extensions>
   </trkpt>
   <trkpt lat="12.9246710" lon="77.5181510">
    <ele>856.6</ele>
    <time>2026-08-14T01:41:07Z</time>
    <extensions>
     <gpxtpx:TrackPointExtension>
      <gpxtpx:atemp>23</gpxtpx:atemp>
      <gpxtpx:hr>148</gpxtpx:hr>
      <gpxtpx:cad>52</gpxtpx:cad>
     </gpxtpx:TrackPointExtension>
    </extensions>
   </trkpt>
   <trkpt lat="12.9246370" lon="77.5181950">
    <ele>856.6</ele>
    <time>2026-08-14T01:41:10Z</time>
    <extensions>
     <gpxtpx:TrackPointExtension>
      <gpxtpx:atemp>23</gpxtpx:atemp>
      <gpxtpx:hr>147</gpxtpx:hr>
      <gpxtpx:cad>52</gpxtpx:cad>
     </gpxtpx:TrackPointExtension>
    </extensions>
   </trkpt>
   <trkpt lat="12.9246110" lon="77.5182190">
    <ele>856.6</ele>
    <time>2026-08-14T01:41:13Z</time>
    <extensions>
     <gpxtpx:TrackPointExtension>
      <gpxtpx:atemp>23</gpxtpx:atemp>
      <gpxtpx:hr>144</gpxtpx:hr>
      <gpxtpx:cad>52</gpxtpx:cad>
     </gpxtpx:TrackPointExtension>
    </extensions>
   </trkpt>
   <trkpt lat="12.9246030" lon="77.5182200">
    <ele>856.6</ele>
    <time>2026-08-14T01:41:14Z</time>
    <extensions>
     <gpxtpx:TrackPointExtension>
      <gpxtpx:atemp>23</gpxtpx:atemp>
      <gpxtpx:hr>144</gpxtpx:hr>
      <gpxtpx:cad>54</gpxtpx:cad>
     </gpxtpx:TrackPointExtension>
    </extensions>
   </trkpt>
   <trkpt lat="12.9245800" lon="77.5182270">
    <ele>856.6</ele>
    <time>2026-08-14T01:41:16Z</time>
    <extensions>
     <gpxtpx:TrackPointExtension>
      <gpxtpx:atemp>23</gpxtpx:atemp>
      <gpxtpx:hr>143</gpxtpx:hr>
      <gpxtpx:cad>50</gpxtpx:cad>
     </gpxtpx:TrackPointExtension>
    </extensions>
   </trkpt>
   <trkpt lat="12.9245300" lon="77.5182530">
    <ele>856.4</ele>
    <time>2026-08-14T01:41:18Z</time>
    <extensions>
     <gpxtpx:TrackPointExtension>
      <gpxtpx:atemp>23</gpxtpx:atemp>
      <gpxtpx:hr>144</gpxtpx:hr>
      <gpxtpx:cad>50</gpxtpx:cad>
     </gpxtpx:TrackPointExtension>
    </extensions>
   </trkpt>
   <trkpt lat="12.9244470" lon="77.5183080">
    <ele>856.2</ele>
    <time>2026-08-14T01:41:20Z</time>
    <extensions>
     <gpxtpx:TrackPointExtension>
      <gpxtpx:atemp>23</gpxtpx:atemp>
      <gpxtpx:hr>143</gpxtpx:hr>
      <gpxtpx:cad>50</gpxtpx:cad>
     </gpxtpx:TrackPointExtension>
    </extensions>
   </trkpt>
   <trkpt lat="12.9242890" lon="77.5183790">
    <ele>855.2</ele>
    <time>2026-08-14T01:41:24Z</time>
    <extensions>
     <gpxtpx:TrackPointExtension>
      <gpxtpx:atemp>23</gpxtpx:atemp>
      <gpxtpx:hr>143</gpxtpx:hr>
      <gpxtpx:cad>81</gpxtpx:cad>
     </gpxtpx:TrackPointExtension>
    </extensions>
   </trkpt>
   <trkpt lat="12.9242520" lon="77.5183850">
    <ele>855.0</ele>
    <time>2026-08-14T01:41:25Z</time>
    <extensions>
     <gpxtpx:TrackPointExtension>
      <gpxtpx:atemp>23</gpxtpx:atemp>
      <gpxtpx:hr>143</gpxtpx:hr>
      <gpxtpx:cad>81</gpxtpx:cad>
     </gpxtpx:TrackPointExtension>
    </extensions>
   </trkpt>
   <trkpt lat="12.9241430" lon="77.5183910">
    <ele>854.2</ele>
    <time>2026-08-14T01:41:28Z</time>
    <extensions>
     <gpxtpx:TrackPointExtension>
      <gpxtpx:atemp>23</gpxtpx:atemp>
      <gpxtpx:hr>145</gpxtpx:hr>
      <gpxtpx:cad>82</gpxtpx:cad>
     </gpxtpx:TrackPointExtension>
    </extensions>
   </trkpt>
   <trkpt lat="12.9240970" lon="77.5183630">
    <ele>854.0</ele>
    <time>2026-08-14T01:41:30Z</time>
    <extensions>
     <gpxtpx:TrackPointExtension>
      <gpxtpx:atemp>23</gpxtpx:atemp>
      <gpxtpx:hr>146</gpxtpx:hr>
      <gpxtpx:cad>82</gpxtpx:cad>
     </gpxtpx:TrackPointExtension>
    </extensions>
   </trkpt>
   <trkpt lat="12.9240250" lon="77.5183430">
    <ele>853.2</ele>
    <time>2026-08-14T01:41:33Z</time>
    <extensions>
     <gpxtpx:TrackPointExtension>
      <gpxtpx:atemp>23</gpxtpx:atemp>
      <gpxtpx:hr>147</gpxtpx:hr>
      <gpxtpx:cad>82</gpxtpx:cad>
     </gpxtpx:TrackPointExtension>
    </extensions>
   </trkpt>
   <trkpt lat="12.9239160" lon="77.5183220">
    <ele>852.6</ele>
    <time>2026-08-14T01:41:37Z</time>
    <extensions>
     <gpxtpx:TrackPointExtension>
      <gpxtpx:atemp>23</gpxtpx:atemp>
      <gpxtpx:hr>144</gpxtpx:hr>
      <gpxtpx:cad>82</gpxtpx:cad>
     </gpxtpx:TrackPointExtension>
    </extensions>
   </trkpt>
   <trkpt lat="12.9238370" lon="77.5183190">
    <ele>852.0</ele>
    <time>2026-08-14T01:41:41Z</time>
    <extensions>
     <gpxtpx:TrackPointExtension>
      <gpxtpx:atemp>23</gpxtpx:atemp>
      <gpxtpx:hr>143</gpxtpx:hr>
      <gpxtpx:cad>82</gpxtpx:cad>
     </gpxtpx:TrackPointExtension>
    </extensions>
   </trkpt>
   <trkpt lat="12.9238110" lon="77.5183220">
    <ele>852.0</ele>
    <time>2026-08-14T01:41:42Z</time>
    <extensions>
     <gpxtpx:TrackPointExtension>
      <gpxtpx:atemp>23</gpxtpx:atemp>
      <gpxtpx:hr>143</gpxtpx:hr>
      <gpxtpx:cad>82</gpxtpx:cad>
     </gpxtpx:TrackPointExtension>
    </extensions>
   </trkpt>
   <trkpt lat="12.9236630" lon="77.5183750">
    <ele>851.4</ele>
    <time>2026-08-14T01:41:46Z</time>
    <extensions>
     <gpxtpx:TrackPointExtension>
      <gpxtpx:atemp>23</gpxtpx:atemp>
      <gpxtpx:hr>142</gpxtpx:hr>
      <gpxtpx:cad>81</gpxtpx:cad>
     </gpxtpx:TrackPointExtension>
    </extensions>
   </trkpt>
   <trkpt lat="12.9235460" lon="77.5183780">
    <ele>850.8</ele>
    <time>2026-08-14T01:41:49Z</time>
    <extensions>
     <gpxtpx:TrackPointExtension>
      <gpxtpx:atemp>23</gpxtpx:atemp>
      <gpxtpx:hr>143</gpxtpx:hr>
      <gpxtpx:cad>81</gpxtpx:cad>
     </gpxtpx:TrackPointExtension>
    </extensions>
   </trkpt>
   <trkpt lat="12.9234700" lon="77.5183820">
    <ele>850.6</ele>
    <time>2026-08-14T01:41:51Z</time>
    <extensions>
     <gpxtpx:TrackPointExtension>
      <gpxtpx:atemp>23</gpxtpx:atemp>
      <gpxtpx:hr>144</gpxtpx:hr>
      <gpxtpx:cad>82</gpxtpx:cad>
     </gpxtpx:TrackPointExtension>
    </extensions>
   </trkpt>
   <trkpt lat="12.9234390" lon="77.5183790">
    <ele>850.4</ele>
    <time>2026-08-14T01:41:52Z</time>
    <extensions>
     <gpxtpx:TrackPointExtension>
      <gpxtpx:atemp>22</gpxtpx:atemp>
      <gpxtpx:hr>141</gpxtpx:hr>
      <gpxtpx:cad>82</gpxtpx:cad>
     </gpxtpx:TrackPointExtension>
    </extensions>
   </trkpt>
   <trkpt lat="12.9233220" lon="77.5183810">
    <ele>849.6</ele>
    <time>2026-08-14T01:41:56Z</time>
    <extensions>
     <gpxtpx:TrackPointExtension>
      <gpxtpx:atemp>23</gpxtpx:atemp>
      <gpxtpx:hr>143</gpxtpx:hr>
      <gpxtpx:cad>81</gpxtpx:cad>
     </gpxtpx:TrackPointExtension>
    </extensions>
   </trkpt>
   <trkpt lat="12.9231400" lon="77.5184040">
    <ele>848.4</ele>
    <time>2026-08-14T01:42:01Z</time>
    <extensions>
     <gpxtpx:TrackPointExtension>
      <gpxtpx:atemp>23</gpxtpx:atemp>
      <gpxtpx:hr>142</gpxtpx:hr>
      <gpxtpx:cad>81</gpxtpx:cad>
     </gpxtpx:TrackPointExtension>
    </extensions>
   </trkpt>
   <trkpt lat="12.9229730" lon="77.5184360">
    <ele>847.4</ele>
    <time>2026-08-14T01:42:07Z</time>
    <extensions>
     <gpxtpx:TrackPointExtension>
      <gpxtpx:atemp>23</gpxtpx:atemp>
      <gpxtpx:hr>144</gpxtpx:hr>
      <gpxtpx:cad>80</gpxtpx:cad>
     </gpxtpx:TrackPointExtension>
    </extensions>
   </trkpt>
   <trkpt lat="12.9229460" lon="77.5184550">
    <ele>847.4</ele>
    <time>2026-08-14T01:42:08Z</time>
    <extensions>
     <gpxtpx:TrackPointExtension>
      <gpxtpx:atemp>23</gpxtpx:atemp>
      <gpxtpx:hr>145</gpxtpx:hr>
      <gpxtpx:cad>80</gpxtpx:cad>
     </gpxtpx:TrackPointExtension>
    </extensions>
   </trkpt>
   <trkpt lat="12.9229060" lon="77.5184790">
    <ele>847.2</ele>
    <time>2026-08-14T01:42:12Z</time>
    <extensions>
     <gpxtpx:TrackPointExtension>
      <gpxtpx:atemp>23</gpxtpx:atemp>
      <gpxtpx:hr>146</gpxtpx:hr>
      <gpxtpx:cad>0</gpxtpx:cad>
     </gpxtpx:TrackPointExtension>
    </extensions>
   </trkpt>
   <trkpt lat="12.9228800" lon="77.5184870">
    <ele>847.4</ele>
    <time>2026-08-14T01:42:15Z</time>
    <extensions>
     <gpxtpx:TrackPointExtension>
      <gpxtpx:atemp>23</gpxtpx:atemp>
      <gpxtpx:hr>146</gpxtpx:hr>
      <gpxtpx:cad>0</gpxtpx:cad>
     </gpxtpx:TrackPointExtension>
    </extensions>
   </trkpt>
   <trkpt lat="12.9228380" lon="77.5184820">
    <ele>847.0</ele>
    <time>2026-08-14T01:42:18Z</time>
    <extensions>
     <gpxtpx:TrackPointExtension>
      <gpxtpx:atemp>23</gpxtpx:atemp>
      <gpxtpx:hr>144</gpxtpx:hr>
      <gpxtpx:cad>50</gpxtpx:cad>
     </gpxtpx:TrackPointExtension>
    </extensions>
   </trkpt>
   <trkpt lat="12.9228320" lon="77.5184730">
    <ele>846.6</ele>
    <time>2026-08-14T01:42:23Z</time>
    <extensions>
     <gpxtpx:TrackPointExtension>
      <gpxtpx:atemp>23</gpxtpx:atemp>
      <gpxtpx:hr>142</gpxtpx:hr>
      <gpxtpx:cad>53</gpxtpx:cad>
     </gpxtpx:TrackPointExtension>
    </extensions>
   </trkpt>
   <trkpt lat="12.9227770" lon="77.5184580">
    <ele>846.4</ele>
    <time>2026-08-14T01:42:27Z</time>
    <extensions>
     <gpxtpx:TrackPointExtension>
      <gpxtpx:atemp>23</gpxtpx:atemp>
      <gpxtpx:hr>140</gpxtpx:hr>
      <gpxtpx:cad>55</gpxtpx:cad>
     </gpxtpx:TrackPointExtension>
    </extensions>
   </trkpt>
   <trkpt lat="12.9227590" lon="77.5184550">
    <ele>846.4</ele>
    <time>2026-08-14T01:42:28Z</time>
    <extensions>
     <gpxtpx:TrackPointExtension>
      <gpxtpx:atemp>23</gpxtpx:atemp>
      <gpxtpx:hr>139</gpxtpx:hr>
      <gpxtpx:cad>53</gpxtpx:cad>
     </gpxtpx:TrackPointExtension>
    </extensions>
   </trkpt>
   <trkpt lat="12.9227410" lon="77.5184520">
    <ele>846.4</ele>
    <time>2026-08-14T01:42:29Z</time>
    <extensions>
     <gpxtpx:TrackPointExtension>
      <gpxtpx:atemp>23</gpxtpx:atemp>
      <gpxtpx:hr>141</gpxtpx:hr>
      <gpxtpx:cad>53</gpxtpx:cad>
     </gpxtpx:TrackPointExtension>
    </extensions>
   </trkpt>
   <trkpt lat="12.9227170" lon="77.5184370">
    <ele>846.2</ele>
    <time>2026-08-14T01:42:31Z</time>
    <extensions>
     <gpxtpx:TrackPointExtension>
      <gpxtpx:atemp>23</gpxtpx:atemp>
      <gpxtpx:hr>138</gpxtpx:hr>
      <gpxtpx:cad>55</gpxtpx:cad>
     </gpxtpx:TrackPointExtension>
    </extensions>
   </trkpt>
   <trkpt lat="12.9226680" lon="77.5184060">
    <ele>846.2</ele>
    <time>2026-08-14T01:42:35Z</time>
    <extensions>
     <gpxtpx:TrackPointExtension>
      <gpxtpx:atemp>23</gpxtpx:atemp>
      <gpxtpx:hr>134</gpxtpx:hr>
      <gpxtpx:cad>54</gpxtpx:cad>
     </gpxtpx:TrackPointExtension>
    </extensions>
   </trkpt>
   <trkpt lat="12.9226520" lon="77.5184010">
    <ele>846.0</ele>
    <time>2026-08-14T01:42:37Z</time>
    <extensions>
     <gpxtpx:TrackPointExtension>
      <gpxtpx:atemp>23</gpxtpx:atemp>
      <gpxtpx:hr>135</gpxtpx:hr>
      <gpxtpx:cad>54</gpxtpx:cad>
     </gpxtpx:TrackPointExtension>
    </extensions>
   </trkpt>
   <trkpt lat="12.9226320" lon="77.5184230">
    <ele>846.2</ele>
    <time>2026-08-14T01:42:41Z</time>
    <extensions>
     <gpxtpx:TrackPointExtension>
      <gpxtpx:atemp>23</gpxtpx:atemp>
      <gpxtpx:hr>132</gpxtpx:hr>
      <gpxtpx:cad>53</gpxtpx:cad>
     </gpxtpx:TrackPointExtension>
    </extensions>
   </trkpt>
   <trkpt lat="12.9226310" lon="77.5184410">
    <ele>846.2</ele>
    <time>2026-08-14T01:42:42Z</time>
    <extensions>
     <gpxtpx:TrackPointExtension>
      <gpxtpx:atemp>23</gpxtpx:atemp>
      <gpxtpx:hr>129</gpxtpx:hr>
      <gpxtpx:cad>52</gpxtpx:cad>
     </gpxtpx:TrackPointExtension>
    </extensions>
   </trkpt>
   <trkpt lat="12.9226420" lon="77.5184700">
    <ele>846.2</ele>
    <time>2026-08-14T01:42:43Z</time>
    <extensions>
     <gpxtpx:TrackPointExtension>
      <gpxtpx:atemp>23</gpxtpx:atemp>
      <gpxtpx:hr>130</gpxtpx:hr>
      <gpxtpx:cad>52</gpxtpx:cad>
     </gpxtpx:TrackPointExtension>
    </extensions>
   </trkpt>
   <trkpt lat="12.9226540" lon="77.5185640">
    <ele>846.4</ele>
    <time>2026-08-14T01:42:48Z</time>
    <extensions>
     <gpxtpx:TrackPointExtension>
      <gpxtpx:atemp>23</gpxtpx:atemp>
      <gpxtpx:hr>133</gpxtpx:hr>
      <gpxtpx:cad>53</gpxtpx:cad>
     </gpxtpx:TrackPointExtension>
    </extensions>
   </trkpt>
   <trkpt lat="12.9226550" lon="77.5185690">
    <ele>846.2</ele>
    <time>2026-08-14T01:42:49Z</time>
    <extensions>
     <gpxtpx:TrackPointExtension>
      <gpxtpx:atemp>23</gpxtpx:atemp>
      <gpxtpx:hr>131</gpxtpx:hr>
      <gpxtpx:cad>53</gpxtpx:cad>
     </gpxtpx:TrackPointExtension>
    </extensions>
   </trkpt>
   <trkpt lat="12.9226560" lon="77.5186110">
    <ele>846.2</ele>
    <time>2026-08-14T01:42:52Z</time>
    <extensions>
     <gpxtpx:TrackPointExtension>
      <gpxtpx:atemp>23</gpxtpx:atemp>
      <gpxtpx:hr>126</gpxtpx:hr>
      <gpxtpx:cad>52</gpxtpx:cad>
     </gpxtpx:TrackPointExtension>
    </extensions>
   </trkpt>
   <trkpt lat="12.9226410" lon="77.5186250">
    <ele>846.2</ele>
    <time>2026-08-14T01:42:53Z</time>
    <extensions>
     <gpxtpx:TrackPointExtension>
      <gpxtpx:atemp>23</gpxtpx:atemp>
      <gpxtpx:hr>126</gpxtpx:hr>
      <gpxtpx:cad>52</gpxtpx:cad>
     </gpxtpx:TrackPointExtension>
    </extensions>
   </trkpt>
   <trkpt lat="12.9225890" lon="77.5188170">
    <ele>846.6</ele>
    <time>2026-08-14T01:43:02Z</time>
    <extensions>
     <gpxtpx:TrackPointExtension>
      <gpxtpx:atemp>23</gpxtpx:atemp>
      <gpxtpx:hr>123</gpxtpx:hr>
      <gpxtpx:cad>82</gpxtpx:cad>
     </gpxtpx:TrackPointExtension>
    </extensions>
   </trkpt>
   <trkpt lat="12.9226060" lon="77.5188350">
    <ele>846.6</ele>
    <time>2026-08-14T01:43:03Z</time>
    <extensions>
     <gpxtpx:TrackPointExtension>
      <gpxtpx:atemp>23</gpxtpx:atemp>
      <gpxtpx:hr>123</gpxtpx:hr>
      <gpxtpx:cad>82</gpxtpx:cad>
     </gpxtpx:TrackPointExtension>
    </extensions>
   </trkpt>
   <trkpt lat="12.9226160" lon="77.5188610">
    <ele>846.8</ele>
    <time>2026-08-14T01:43:04Z</time>
    <extensions>
     <gpxtpx:TrackPointExtension>
      <gpxtpx:atemp>23</gpxtpx:atemp>
      <gpxtpx:hr>123</gpxtpx:hr>
      <gpxtpx:cad>83</gpxtpx:cad>
     </gpxtpx:TrackPointExtension>
    </extensions>
   </trkpt>
   <trkpt lat="12.9226290" lon="77.5189230">
    <ele>847.0</ele>
    <time>2026-08-14T01:43:06Z</time>
    <extensions>
     <gpxtpx:TrackPointExtension>
      <gpxtpx:atemp>23</gpxtpx:atemp>
      <gpxtpx:hr>123</gpxtpx:hr>
      <gpxtpx:cad>83</gpxtpx:cad>
     </gpxtpx:TrackPointExtension>
    </extensions>
   </trkpt>
   <trkpt lat="12.9226110" lon="77.5190840">
    <ele>847.4</ele>
    <time>2026-08-14T01:43:11Z</time>
    <extensions>
     <gpxtpx:TrackPointExtension>
      <gpxtpx:atemp>23</gpxtpx:atemp>
      <gpxtpx:hr>125</gpxtpx:hr>
      <gpxtpx:cad>83</gpxtpx:cad>
     </gpxtpx:TrackPointExtension>
    </extensions>
   </trkpt>
   <trkpt lat="12.9226130" lon="77.5191040">
    <ele>847.4</ele>
    <time>2026-08-14T01:43:12Z</time>
    <extensions>
     <gpxtpx:TrackPointExtension>
      <gpxtpx:atemp>23</gpxtpx:atemp>
      <gpxtpx:hr>124</gpxtpx:hr>
      <gpxtpx:cad>82</gpxtpx:cad>
     </gpxtpx:TrackPointExtension>
    </extensions>
   </trkpt>
   <trkpt lat="12.9226460" lon="77.5192070">
    <ele>848.0</ele>
    <time>2026-08-14T01:43:16Z</time>
    <extensions>
     <gpxtpx:TrackPointExtension>
      <gpxtpx:atemp>23</gpxtpx:atemp>
      <gpxtpx:hr>126</gpxtpx:hr>
      <gpxtpx:cad>83</gpxtpx:cad>
     </gpxtpx:TrackPointExtension>
    </extensions>
   </trkpt>
   <trkpt lat="12.9226580" lon="77.5192910">
    <ele>848.0</ele>
    <time>2026-08-14T01:43:19Z</time>
    <extensions>
     <gpxtpx:TrackPointExtension>
      <gpxtpx:atemp>23</gpxtpx:atemp>
      <gpxtpx:hr>129</gpxtpx:hr>
      <gpxtpx:cad>84</gpxtpx:cad>
     </gpxtpx:TrackPointExtension>
    </extensions>
   </trkpt>
   <trkpt lat="12.9226550" lon="77.5193140">
    <ele>848.2</ele>
    <time>2026-08-14T01:43:21Z</time>
    <extensions>
     <gpxtpx:TrackPointExtension>
      <gpxtpx:atemp>23</gpxtpx:atemp>
      <gpxtpx:hr>128</gpxtpx:hr>
      <gpxtpx:cad>83</gpxtpx:cad>
     </gpxtpx:TrackPointExtension>
    </extensions>
   </trkpt>
   <trkpt lat="12.9226370" lon="77.5193300">
    <ele>848.2</ele>
    <time>2026-08-14T01:43:22Z</time>
    <extensions>
     <gpxtpx:TrackPointExtension>
      <gpxtpx:atemp>23</gpxtpx:atemp>
      <gpxtpx:hr>129</gpxtpx:hr>
      <gpxtpx:cad>83</gpxtpx:cad>
     </gpxtpx:TrackPointExtension>
    </extensions>
   </trkpt>
   <trkpt lat="12.9226060" lon="77.5194010">
    <ele>848.2</ele>
    <time>2026-08-14T01:43:24Z</time>
    <extensions>
     <gpxtpx:TrackPointExtension>
      <gpxtpx:atemp>23</gpxtpx:atemp>
      <gpxtpx:hr>131</gpxtpx:hr>
      <gpxtpx:cad>82</gpxtpx:cad>
     </gpxtpx:TrackPointExtension>
    </extensions>
   </trkpt>
   <trkpt lat="12.9225880" lon="77.5194970">
    <ele>848.4</ele>
    <time>2026-08-14T01:43:27Z</time>
    <extensions>
     <gpxtpx:TrackPointExtension>
      <gpxtpx:atemp>23</gpxtpx:atemp>
      <gpxtpx:hr>133</gpxtpx:hr>
      <gpxtpx:cad>82</gpxtpx:cad>
     </gpxtpx:TrackPointExtension>
    </extensions>
   </trkpt>
   <trkpt lat="12.9225800" lon="77.5195530">
    <ele>848.8</ele>
    <time>2026-08-14T01:43:29Z</time>
    <extensions>
     <gpxtpx:TrackPointExtension>
      <gpxtpx:atemp>23</gpxtpx:atemp>
      <gpxtpx:hr>136</gpxtpx:hr>
      <gpxtpx:cad>82</gpxtpx:cad>
     </gpxtpx:TrackPointExtension>
    </extensions>
   </trkpt>
   <trkpt lat="12.9225630" lon="77.5196080">
    <ele>849.0</ele>
    <time>2026-08-14T01:43:32Z</time>
    <extensions>
     <gpxtpx:TrackPointExtension>
      <gpxtpx:atemp>23</gpxtpx:atemp>
      <gpxtpx:hr>139</gpxtpx:hr>
      <gpxtpx:cad>81</gpxtpx:cad>
     </gpxtpx:TrackPointExtension>
    </extensions>
   </trkpt>
   <trkpt lat="12.9225520" lon="77.5196350">
    <ele>849.0</ele>
    <time>2026-08-14T01:43:34Z</time>
    <extensions>
     <gpxtpx:TrackPointExtension>
      <gpxtpx:atemp>23</gpxtpx:atemp>
      <gpxtpx:hr>139</gpxtpx:hr>
      <gpxtpx:cad>81</gpxtpx:cad>
     </gpxtpx:TrackPointExtension>
    </extensions>
   </trkpt>
   <trkpt lat="12.9225490" lon="77.5196600">
    <ele>849.0</ele>
    <time>2026-08-14T01:43:35Z</time>
    <extensions>
     <gpxtpx:TrackPointExtension>
      <gpxtpx:atemp>23</gpxtpx:atemp>
      <gpxtpx:hr>139</gpxtpx:hr>
      <gpxtpx:cad>81</gpxtpx:cad>
     </gpxtpx:TrackPointExtension>
    </extensions>
   </trkpt>
   <trkpt lat="12.9225450" lon="77.5197590">
    <ele>849.0</ele>
    <time>2026-08-14T01:43:39Z</time>
    <extensions>
     <gpxtpx:TrackPointExtension>
      <gpxtpx:atemp>23</gpxtpx:atemp>
      <gpxtpx:hr>140</gpxtpx:hr>
      <gpxtpx:cad>82</gpxtpx:cad>
     </gpxtpx:TrackPointExtension>
    </extensions>
   </trkpt>
   <trkpt lat="12.9225690" lon="77.5198650">
    <ele>849.6</ele>
    <time>2026-08-14T01:43:43Z</time>
    <extensions>
     <gpxtpx:TrackPointExtension>
      <gpxtpx:atemp>23</gpxtpx:atemp>
      <gpxtpx:hr>140</gpxtpx:hr>
      <gpxtpx:cad>79</gpxtpx:cad>
     </gpxtpx:TrackPointExtension>
    </extensions>
   </trkpt>
   <trkpt lat="12.9225800" lon="77.5198820">
    <ele>849.6</ele>
    <time>2026-08-14T01:43:44Z</time>
    <extensions>
     <gpxtpx:TrackPointExtension>
      <gpxtpx:atemp>23</gpxtpx:atemp>
      <gpxtpx:hr>141</gpxtpx:hr>
      <gpxtpx:cad>80</gpxtpx:cad>
     </gpxtpx:TrackPointExtension>
    </extensions>
   </trkpt>
   <trkpt lat="12.9226080" lon="77.5200290">
    <ele>850.2</ele>
    <time>2026-08-14T01:43:50Z</time>
    <extensions>
     <gpxtpx:TrackPointExtension>
      <gpxtpx:atemp>23</gpxtpx:atemp>
      <gpxtpx:hr>140</gpxtpx:hr>
      <gpxtpx:cad>79</gpxtpx:cad>
     </gpxtpx:TrackPointExtension>
    </extensions>
   </trkpt>
   <trkpt lat="12.9226040" lon="77.5200800">
    <ele>850.4</ele>
    <time>2026-08-14T01:43:52Z</time>
    <extensions>
     <gpxtpx:TrackPointExtension>
      <gpxtpx:atemp>23</gpxtpx:atemp>
      <gpxtpx:hr>143</gpxtpx:hr>
      <gpxtpx:cad>81</gpxtpx:cad>
     </gpxtpx:TrackPointExtension>
    </extensions>
   </trkpt>
   <trkpt lat="12.9225830" lon="77.5201270">
    <ele>850.6</ele>
    <time>2026-08-14T01:43:55Z</time>
    <extensions>
     <gpxtpx:TrackPointExtension>
      <gpxtpx:atemp>23</gpxtpx:atemp>
      <gpxtpx:hr>144</gpxtpx:hr>
      <gpxtpx:cad>0</gpxtpx:cad>
     </gpxtpx:TrackPointExtension>
    </extensions>
   </trkpt>
   <trkpt lat="12.9225680" lon="77.5201450">
    <ele>850.6</ele>
    <time>2026-08-14T01:43:56Z</time>
    <extensions>
     <gpxtpx:TrackPointExtension>
      <gpxtpx:atemp>23</gpxtpx:atemp>
      <gpxtpx:hr>146</gpxtpx:hr>
      <gpxtpx:cad>0</gpxtpx:cad>
     </gpxtpx:TrackPointExtension>
    </extensions>
   </trkpt>
   <trkpt lat="12.9225570" lon="77.5201900">
    <ele>850.8</ele>
    <time>2026-08-14T01:43:58Z</time>
    <extensions>
     <gpxtpx:TrackPointExtension>
      <gpxtpx:atemp>23</gpxtpx:atemp>
      <gpxtpx:hr>148</gpxtpx:hr>
      <gpxtpx:cad>52</gpxtpx:cad>
     </gpxtpx:TrackPointExtension>
    </extensions>
   </trkpt>
   <trkpt lat="12.9225240" lon="77.5202670">
    <ele>851.0</ele>
    <time>2026-08-14T01:44:03Z</time>
    <extensions>
     <gpxtpx:TrackPointExtension>
      <gpxtpx:atemp>23</gpxtpx:atemp>
      <gpxtpx:hr>147</gpxtpx:hr>
      <gpxtpx:cad>51</gpxtpx:cad>
     </gpxtpx:TrackPointExtension>
    </extensions>
   </trkpt>
   <trkpt lat="12.9225080" lon="77.5203340">
    <ele>851.2</ele>
    <time>2026-08-14T01:44:06Z</time>
    <extensions>
     <gpxtpx:TrackPointExtension>
      <gpxtpx:atemp>23</gpxtpx:atemp>
      <gpxtpx:hr>143</gpxtpx:hr>
      <gpxtpx:cad>50</gpxtpx:cad>
     </gpxtpx:TrackPointExtension>
    </extensions>
   </trkpt>
   <trkpt lat="12.9224990" lon="77.5203640">
    <ele>851.4</ele>
    <time>2026-08-14T01:44:08Z</time>
    <extensions>
     <gpxtpx:TrackPointExtension>
      <gpxtpx:atemp>23</gpxtpx:atemp>
      <gpxtpx:hr>146</gpxtpx:hr>
      <gpxtpx:cad>51</gpxtpx:cad>
     </gpxtpx:TrackPointExtension>
    </extensions>
   </trkpt>
   <trkpt lat="12.9224970" lon="77.5204020">
    <ele>851.6</ele>
    <time>2026-08-14T01:44:10Z</time>
    <extensions>
     <gpxtpx:TrackPointExtension>
      <gpxtpx:atemp>23</gpxtpx:atemp>
      <gpxtpx:hr>148</gpxtpx:hr>
      <gpxtpx:cad>50</gpxtpx:cad>
     </gpxtpx:TrackPointExtension>
    </extensions>
   </trkpt>
   <trkpt lat="12.9224920" lon="77.5204060">
    <ele>851.6</ele>
    <time>2026-08-14T01:44:11Z</time>
    <extensions>
     <gpxtpx:TrackPointExtension>
      <gpxtpx:atemp>23</gpxtpx:atemp>
      <gpxtpx:hr>149</gpxtpx:hr>
      <gpxtpx:cad>50</gpxtpx:cad>
     </gpxtpx:TrackPointExtension>
    </extensions>
   </trkpt>
   <trkpt lat="12.9224640" lon="77.5204470">
    <ele>852.0</ele>
    <time>2026-08-14T01:44:15Z</time>
    <extensions>
     <gpxtpx:TrackPointExtension>
      <gpxtpx:atemp>23</gpxtpx:atemp>
      <gpxtpx:hr>148</gpxtpx:hr>
      <gpxtpx:cad>47</gpxtpx:cad>
     </gpxtpx:TrackPointExtension>
    </extensions>
   </trkpt>
   <trkpt lat="12.9224710" lon="77.5204850">
    <ele>852.4</ele>
    <time>2026-08-14T01:44:20Z</time>
    <extensions>
     <gpxtpx:TrackPointExtension>
      <gpxtpx:atemp>23</gpxtpx:atemp>
      <gpxtpx:hr>148</gpxtpx:hr>
      <gpxtpx:cad>46</gpxtpx:cad>
     </gpxtpx:TrackPointExtension>
    </extensions>
   </trkpt>
   <trkpt lat="12.9224690" lon="77.5204950">
    <ele>853.0</ele>
    <time>2026-08-14T01:44:21Z</time>
    <extensions>
     <gpxtpx:TrackPointExtension>
      <gpxtpx:atemp>23</gpxtpx:atemp>
      <gpxtpx:hr>147</gpxtpx:hr>
      <gpxtpx:cad>46</gpxtpx:cad>
     </gpxtpx:TrackPointExtension>
    </extensions>
   </trkpt>
   <trkpt lat="12.9224280" lon="77.5205280">
    <ele>853.0</ele>
    <time>2026-08-14T01:44:25Z</time>
    <extensions>
     <gpxtpx:TrackPointExtension>
      <gpxtpx:atemp>23</gpxtpx:atemp>
      <gpxtpx:hr>148</gpxtpx:hr>
      <gpxtpx:cad>0</gpxtpx:cad>
     </gpxtpx:TrackPointExtension>
    </extensions>
   </trkpt>
   <trkpt lat="12.9224050" lon="77.5205440">
    <ele>853.2</ele>
    <time>2026-08-14T01:44:27Z</time>
    <extensions>
     <gpxtpx:TrackPointExtension>
      <gpxtpx:atemp>23</gpxtpx:atemp>
      <gpxtpx:hr>145</gpxtpx:hr>
      <gpxtpx:cad>47</gpxtpx:cad>
     </gpxtpx:TrackPointExtension>
    </extensions>
   </trkpt>
   <trkpt lat="12.9223740" lon="77.5205640">
    <ele>853.2</ele>
    <time>2026-08-14T01:44:29Z</time>
    <extensions>
     <gpxtpx:TrackPointExtension>
      <gpxtpx:atemp>23</gpxtpx:atemp>
      <gpxtpx:hr>144</gpxtpx:hr>
      <gpxtpx:cad>51</gpxtpx:cad>
     </gpxtpx:TrackPointExtension>
    </extensions>
   </trkpt>
   <trkpt lat="12.9223150" lon="77.5205840">
    <ele>853.4</ele>
    <time>2026-08-14T01:44:32Z</time>
    <extensions>
     <gpxtpx:TrackPointExtension>
      <gpxtpx:atemp>23</gpxtpx:atemp>
      <gpxtpx:hr>144</gpxtpx:hr>
      <gpxtpx:cad>53</gpxtpx:cad>
     </gpxtpx:TrackPointExtension>
    </extensions>
   </trkpt>
   <trkpt lat="12.9222550" lon="77.5206220">
    <ele>853.6</ele>
    <time>2026-08-14T01:44:35Z</time>
    <extensions>
     <gpxtpx:TrackPointExtension>
      <gpxtpx:atemp>23</gpxtpx:atemp>
      <gpxtpx:hr>144</gpxtpx:hr>
      <gpxtpx:cad>52</gpxtpx:cad>
     </gpxtpx:TrackPointExtension>
    </extensions>
   </trkpt>
   <trkpt lat="12.9221750" lon="77.5206660">
    <ele>853.4</ele>
    <time>2026-08-14T01:44:39Z</time>
    <extensions>
     <gpxtpx:TrackPointExtension>
      <gpxtpx:atemp>22</gpxtpx:atemp>
      <gpxtpx:hr>141</gpxtpx:hr>
      <gpxtpx:cad>51</gpxtpx:cad>
     </gpxtpx:TrackPointExtension>
    </extensions>
   </trkpt>
   <trkpt lat="12.9221350" lon="77.5206940">
    <ele>853.4</ele>
    <time>2026-08-14T01:44:42Z</time>
    <extensions>
     <gpxtpx:TrackPointExtension>
      <gpxtpx:atemp>23</gpxtpx:atemp>
      <gpxtpx:hr>142</gpxtpx:hr>
      <gpxtpx:cad>50</gpxtpx:cad>
     </gpxtpx:TrackPointExtension>
    </extensions>
   </trkpt>
   <trkpt lat="12.9221060" lon="77.5207000">
    <ele>853.6</ele>
    <time>2026-08-14T01:44:44Z</time>
    <extensions>
     <gpxtpx:TrackPointExtension>
      <gpxtpx:atemp>23</gpxtpx:atemp>
      <gpxtpx:hr>139</gpxtpx:hr>
      <gpxtpx:cad>51</gpxtpx:cad>
     </gpxtpx:TrackPointExtension>
    </extensions>
   </trkpt>
   <trkpt lat="12.9220440" lon="77.5207200">
    <ele>853.6</ele>
    <time>2026-08-14T01:44:47Z</time>
    <extensions>
     <gpxtpx:TrackPointExtension>
      <gpxtpx:atemp>23</gpxtpx:atemp>
      <gpxtpx:hr>135</gpxtpx:hr>
      <gpxtpx:cad>51</gpxtpx:cad>
     </gpxtpx:TrackPointExtension>
    </extensions>
   </trkpt>
   <trkpt lat="12.9219670" lon="77.5207310">
    <ele>853.8</ele>
    <time>2026-08-14T01:44:51Z</time>
    <extensions>
     <gpxtpx:TrackPointExtension>
      <gpxtpx:atemp>23</gpxtpx:atemp>
      <gpxtpx:hr>132</gpxtpx:hr>
      <gpxtpx:cad>51</gpxtpx:cad>
     </gpxtpx:TrackPointExtension>
    </extensions>
   </trkpt>
   <trkpt lat="12.9219010" lon="77.5207030">
    <ele>853.8</ele>
    <time>2026-08-14T01:44:55Z</time>
    <extensions>
     <gpxtpx:TrackPointExtension>
      <gpxtpx:atemp>23</gpxtpx:atemp>
      <gpxtpx:hr>129</gpxtpx:hr>
      <gpxtpx:cad>51</gpxtpx:cad>
     </gpxtpx:TrackPointExtension>
    </extensions>
   </trkpt>
   <trkpt lat="12.9217680" lon="77.5206550">
    <ele>853.8</ele>
    <time>2026-08-14T01:45:00Z</time>
    <extensions>
     <gpxtpx:TrackPointExtension>
      <gpxtpx:atemp>23</gpxtpx:atemp>
      <gpxtpx:hr>126</gpxtpx:hr>
      <gpxtpx:cad>82</gpxtpx:cad>
     </gpxtpx:TrackPointExtension>
    </extensions>
   </trkpt>
   <trkpt lat="12.9217410" lon="77.5206500">
    <ele>853.8</ele>
    <time>2026-08-14T01:45:01Z</time>
    <extensions>
     <gpxtpx:TrackPointExtension>
      <gpxtpx:atemp>23</gpxtpx:atemp>
      <gpxtpx:hr>125</gpxtpx:hr>
      <gpxtpx:cad>82</gpxtpx:cad>
     </gpxtpx:TrackPointExtension>
    </extensions>
   </trkpt>
   <trkpt lat="12.9216820" lon="77.5206450">
    <ele>854.0</ele>
    <time>2026-08-14T01:45:03Z</time>
    <extensions>
     <gpxtpx:TrackPointExtension>
      <gpxtpx:atemp>23</gpxtpx:atemp>
      <gpxtpx:hr>124</gpxtpx:hr>
      <gpxtpx:cad>84</gpxtpx:cad>
     </gpxtpx:TrackPointExtension>
    </extensions>
   </trkpt>
   <trkpt lat="12.9215770" lon="77.5206120">
    <ele>854.2</ele>
    <time>2026-08-14T01:45:07Z</time>
    <extensions>
     <gpxtpx:TrackPointExtension>
      <gpxtpx:atemp>23</gpxtpx:atemp>
      <gpxtpx:hr>122</gpxtpx:hr>
      <gpxtpx:cad>82</gpxtpx:cad>
     </gpxtpx:TrackPointExtension>
    </extensions>
   </trkpt>
   <trkpt lat="12.9213990" lon="77.5206070">
    <ele>854.2</ele>
    <time>2026-08-14T01:45:13Z</time>
    <extensions>
     <gpxtpx:TrackPointExtension>
      <gpxtpx:atemp>23</gpxtpx:atemp>
      <gpxtpx:hr>123</gpxtpx:hr>
      <gpxtpx:cad>82</gpxtpx:cad>
     </gpxtpx:TrackPointExtension>
    </extensions>
   </trkpt>
   <trkpt lat="12.9213170" lon="77.5205840">
    <ele>854.2</ele>
    <time>2026-08-14T01:45:16Z</time>
    <extensions>
     <gpxtpx:TrackPointExtension>
      <gpxtpx:atemp>23</gpxtpx:atemp>
      <gpxtpx:hr>127</gpxtpx:hr>
      <gpxtpx:cad>81</gpxtpx:cad>
     </gpxtpx:TrackPointExtension>
    </extensions>
   </trkpt>
   <trkpt lat="12.9212830" lon="77.5205580">
    <ele>854.4</ele>
    <time>2026-08-14T01:45:19Z</time>
    <extensions>
     <gpxtpx:TrackPointExtension>
      <gpxtpx:atemp>23</gpxtpx:atemp>
      <gpxtpx:hr>131</gpxtpx:hr>
      <gpxtpx:cad>58</gpxtpx:cad>
     </gpxtpx:TrackPointExtension>
    </extensions>
   </trkpt>
   <trkpt lat="12.9212530" lon="77.5205580">
    <ele>854.6</ele>
    <time>2026-08-14T01:45:21Z</time>
    <extensions>
     <gpxtpx:TrackPointExtension>
      <gpxtpx:atemp>23</gpxtpx:atemp>
      <gpxtpx:hr>132</gpxtpx:hr>
      <gpxtpx:cad>58</gpxtpx:cad>
     </gpxtpx:TrackPointExtension>
    </extensions>
   </trkpt>
   <trkpt lat="12.9212110" lon="77.5205650">
    <ele>854.6</ele>
    <time>2026-08-14T01:45:24Z</time>
    <extensions>
     <gpxtpx:TrackPointExtension>
      <gpxtpx:atemp>23</gpxtpx:atemp>
      <gpxtpx:hr>135</gpxtpx:hr>
      <gpxtpx:cad>54</gpxtpx:cad>
     </gpxtpx:TrackPointExtension>
    </extensions>
   </trkpt>
   <trkpt lat="12.9211080" lon="77.5205200">
    <ele>854.8</ele>
    <time>2026-08-14T01:45:32Z</time>
    <extensions>
     <gpxtpx:TrackPointExtension>
      <gpxtpx:atemp>23</gpxtpx:atemp>
      <gpxtpx:hr>135</gpxtpx:hr>
      <gpxtpx:cad>53</gpxtpx:cad>
     </gpxtpx:TrackPointExtension>
    </extensions>
   </trkpt>
   <trkpt lat="12.9209940" lon="77.5205210">
    <ele>855.0</ele>
    <time>2026-08-14T01:45:40Z</time>
    <extensions>
     <gpxtpx:TrackPointExtension>
      <gpxtpx:atemp>23</gpxtpx:atemp>
      <gpxtpx:hr>133</gpxtpx:hr>
      <gpxtpx:cad>53</gpxtpx:cad>
     </gpxtpx:TrackPointExtension>
    </extensions>
   </trkpt>
   <trkpt lat="12.9208890" lon="77.5205320">
    <ele>855.0</ele>
    <time>2026-08-14T01:45:44Z</time>
    <extensions>
     <gpxtpx:TrackPointExtension>
      <gpxtpx:atemp>23</gpxtpx:atemp>
      <gpxtpx:hr>133</gpxtpx:hr>
      <gpxtpx:cad>82</gpxtpx:cad>
     </gpxtpx:TrackPointExtension>
    </extensions>
   </trkpt>
   <trkpt lat="12.9208460" lon="77.5205170">
    <ele>854.8</ele>
    <time>2026-08-14T01:45:46Z</time>
    <extensions>
     <gpxtpx:TrackPointExtension>
      <gpxtpx:atemp>23</gpxtpx:atemp>
      <gpxtpx:hr>134</gpxtpx:hr>
      <gpxtpx:cad>82</gpxtpx:cad>
     </gpxtpx:TrackPointExtension>
    </extensions>
   </trkpt>
   <trkpt lat="12.9207980" lon="77.5205190">
    <ele>855.0</ele>
    <time>2026-08-14T01:45:48Z</time>
    <extensions>
     <gpxtpx:TrackPointExtension>
      <gpxtpx:atemp>23</gpxtpx:atemp>
      <gpxtpx:hr>134</gpxtpx:hr>
      <gpxtpx:cad>83</gpxtpx:cad>
     </gpxtpx:TrackPointExtension>
    </extensions>
   </trkpt>
   <trkpt lat="12.9207680" lon="77.5205210">
    <ele>855.2</ele>
    <time>2026-08-14T01:45:49Z</time>
    <extensions>
     <gpxtpx:TrackPointExtension>
      <gpxtpx:atemp>23</gpxtpx:atemp>
      <gpxtpx:hr>134</gpxtpx:hr>
      <gpxtpx:cad>83</gpxtpx:cad>
     </gpxtpx:TrackPointExtension>
    </extensions>
   </trkpt>
   <trkpt lat="12.9205830" lon="77.5205450">
    <ele>855.4</ele>
    <time>2026-08-14T01:45:55Z</time>
    <extensions>
     <gpxtpx:TrackPointExtension>
      <gpxtpx:atemp>23</gpxtpx:atemp>
      <gpxtpx:hr>136</gpxtpx:hr>
      <gpxtpx:cad>82</gpxtpx:cad>
     </gpxtpx:TrackPointExtension>
    </extensions>
   </trkpt>
   <trkpt lat="12.9203820" lon="77.5205200">
    <ele>856.0</ele>
    <time>2026-08-14T01:46:02Z</time>
    <extensions>
     <gpxtpx:TrackPointExtension>
      <gpxtpx:atemp>23</gpxtpx:atemp>
      <gpxtpx:hr>140</gpxtpx:hr>
      <gpxtpx:cad>80</gpxtpx:cad>
     </gpxtpx:TrackPointExtension>
    </extensions>
   </trkpt>
   <trkpt lat="12.9203560" lon="77.5205080">
    <ele>855.8</ele>
    <time>2026-08-14T01:46:03Z</time>
    <extensions>
     <gpxtpx:TrackPointExtension>
      <gpxtpx:atemp>23</gpxtpx:atemp>
      <gpxtpx:hr>141</gpxtpx:hr>
      <gpxtpx:cad>79</gpxtpx:cad>
     </gpxtpx:TrackPointExtension>
    </extensions>
   </trkpt>
   <trkpt lat="12.9201630" lon="77.5204650">
    <ele>856.2</ele>
    <time>2026-08-14T01:46:11Z</time>
    <extensions>
     <gpxtpx:TrackPointExtension>
      <gpxtpx:atemp>23</gpxtpx:atemp>
      <gpxtpx:hr>145</gpxtpx:hr>
      <gpxtpx:cad>78</gpxtpx:cad>
     </gpxtpx:TrackPointExtension>
    </extensions>
   </trkpt>
   <trkpt lat="12.9201310" lon="77.5204620">
    <ele>856.2</ele>
    <time>2026-08-14T01:46:12Z</time>
    <extensions>
     <gpxtpx:TrackPointExtension>
      <gpxtpx:atemp>23</gpxtpx:atemp>
      <gpxtpx:hr>145</gpxtpx:hr>
      <gpxtpx:cad>79</gpxtpx:cad>
     </gpxtpx:TrackPointExtension>
    </extensions>
   </trkpt>
   <trkpt lat="12.9199660" lon="77.5204460">
    <ele>856.4</ele>
    <time>2026-08-14T01:46:18Z</time>
    <extensions>
     <gpxtpx:TrackPointExtension>
      <gpxtpx:atemp>23</gpxtpx:atemp>
      <gpxtpx:hr>148</gpxtpx:hr>
      <gpxtpx:cad>79</gpxtpx:cad>
     </gpxtpx:TrackPointExtension>
    </extensions>
   </trkpt>
   <trkpt lat="12.9199430" lon="77.5204470">
    <ele>856.4</ele>
    <time>2026-08-14T01:46:19Z</time>
    <extensions>
     <gpxtpx:TrackPointExtension>
      <gpxtpx:atemp>23</gpxtpx:atemp>
      <gpxtpx:hr>147</gpxtpx:hr>
      <gpxtpx:cad>80</gpxtpx:cad>
     </gpxtpx:TrackPointExtension>
    </extensions>
   </trkpt>
   <trkpt lat="12.9197820" lon="77.5204000">
    <ele>856.4</ele>
    <time>2026-08-14T01:46:26Z</time>
    <extensions>
     <gpxtpx:TrackPointExtension>
      <gpxtpx:atemp>23</gpxtpx:atemp>
      <gpxtpx:hr>147</gpxtpx:hr>
      <gpxtpx:cad>79</gpxtpx:cad>
     </gpxtpx:TrackPointExtension>
    </extensions>
   </trkpt>
   <trkpt lat="12.9197330" lon="77.5203970">
    <ele>856.6</ele>
    <time>2026-08-14T01:46:28Z</time>
    <extensions>
     <gpxtpx:TrackPointExtension>
      <gpxtpx:atemp>23</gpxtpx:atemp>
      <gpxtpx:hr>150</gpxtpx:hr>
      <gpxtpx:cad>79</gpxtpx:cad>
     </gpxtpx:TrackPointExtension>
    </extensions>
   </trkpt>
   <trkpt lat="12.9195790" lon="77.5203910">
    <ele>857.2</ele>
    <time>2026-08-14T01:46:36Z</time>
    <extensions>
     <gpxtpx:TrackPointExtension>
      <gpxtpx:atemp>23</gpxtpx:atemp>
      <gpxtpx:hr>151</gpxtpx:hr>
      <gpxtpx:cad>77</gpxtpx:cad>
     </gpxtpx:TrackPointExtension>
    </extensions>
   </trkpt>
   <trkpt lat="12.9195570" lon="77.5203930">
    <ele>857.2</ele>
    <time>2026-08-14T01:46:37Z</time>
    <extensions>
     <gpxtpx:TrackPointExtension>
      <gpxtpx:atemp>23</gpxtpx:atemp>
      <gpxtpx:hr>151</gpxtpx:hr>
      <gpxtpx:cad>77</gpxtpx:cad>
     </gpxtpx:TrackPointExtension>
    </extensions>
   </trkpt>
   <trkpt lat="12.9194830" lon="77.5203650">
    <ele>857.6</ele>
    <time>2026-08-14T01:46:42Z</time>
    <extensions>
     <gpxtpx:TrackPointExtension>
      <gpxtpx:atemp>23</gpxtpx:atemp>
      <gpxtpx:hr>153</gpxtpx:hr>
      <gpxtpx:cad>77</gpxtpx:cad>
     </gpxtpx:TrackPointExtension>
    </extensions>
   </trkpt>
   <trkpt lat="12.9195140" lon="77.5203540">
    <ele>857.8</ele>
    <time>2026-08-14T01:46:46Z</time>
    <extensions>
     <gpxtpx:TrackPointExtension>
      <gpxtpx:atemp>23</gpxtpx:atemp>
      <gpxtpx:hr>149</gpxtpx:hr>
      <gpxtpx:cad>50</gpxtpx:cad>
     </gpxtpx:TrackPointExtension>
    </extensions>
   </trkpt>
   <trkpt lat="12.9195300" lon="77.5203530">
    <ele>857.4</ele>
    <time>2026-08-14T01:46:49Z</time>
    <extensions>
     <gpxtpx:TrackPointExtension>
      <gpxtpx:atemp>23</gpxtpx:atemp>
      <gpxtpx:hr>153</gpxtpx:hr>
      <gpxtpx:cad>50</gpxtpx:cad>
     </gpxtpx:TrackPointExtension>
    </extensions>
   </trkpt>
   <trkpt lat="12.9195560" lon="77.5203460">
    <ele>857.4</ele>
    <time>2026-08-14T01:46:51Z</time>
    <extensions>
     <gpxtpx:TrackPointExtension>
      <gpxtpx:atemp>23</gpxtpx:atemp>
      <gpxtpx:hr>152</gpxtpx:hr>
      <gpxtpx:cad>50</gpxtpx:cad>
     </gpxtpx:TrackPointExtension>
    </extensions>
   </trkpt>
   <trkpt lat="12.9196890" lon="77.5203340">
    <ele>857.0</ele>
    <time>2026-08-14T01:47:00Z</time>
    <extensions>
     <gpxtpx:TrackPointExtension>
      <gpxtpx:atemp>23</gpxtpx:atemp>
      <gpxtpx:hr>150</gpxtpx:hr>
      <gpxtpx:cad>53</gpxtpx:cad>
     </gpxtpx:TrackPointExtension>
    </extensions>
   </trkpt>
   <trkpt lat="12.9197740" lon="77.5203490">
    <ele>856.8</ele>
    <time>2026-08-14T01:47:07Z</time>
    <extensions>
     <gpxtpx:TrackPointExtension>
      <gpxtpx:atemp>23</gpxtpx:atemp>
      <gpxtpx:hr>153</gpxtpx:hr>
      <gpxtpx:cad>53</gpxtpx:cad>
     </gpxtpx:TrackPointExtension>
    </extensions>
   </trkpt>
   <trkpt lat="12.9198050" lon="77.5203550">
    <ele>856.4</ele>
    <time>2026-08-14T01:47:09Z</time>
    <extensions>
     <gpxtpx:TrackPointExtension>
      <gpxtpx:atemp>23</gpxtpx:atemp>
      <gpxtpx:hr>152</gpxtpx:hr>
      <gpxtpx:cad>52</gpxtpx:cad>
     </gpxtpx:TrackPointExtension>
    </extensions>
   </trkpt>
   <trkpt lat="12.9198430" lon="77.5203670">
    <ele>856.2</ele>
    <time>2026-08-14T01:47:12Z</time>
    <extensions>
     <gpxtpx:TrackPointExtension>
      <gpxtpx:atemp>23</gpxtpx:atemp>
      <gpxtpx:hr>152</gpxtpx:hr>
      <gpxtpx:cad>51</gpxtpx:cad>
     </gpxtpx:TrackPointExtension>
    </extensions>
   </trkpt>
   <trkpt lat="12.9199240" lon="77.5203780">
    <ele>856.0</ele>
    <time>2026-08-14T01:47:18Z</time>
    <extensions>
     <gpxtpx:TrackPointExtension>
      <gpxtpx:atemp>23</gpxtpx:atemp>
      <gpxtpx:hr>153</gpxtpx:hr>
      <gpxtpx:cad>51</gpxtpx:cad>
     </gpxtpx:TrackPointExtension>
    </extensions>
   </trkpt>
   <trkpt lat="12.9199990" lon="77.5203720">
    <ele>856.0</ele>
    <time>2026-08-14T01:47:22Z</time>
    <extensions>
     <gpxtpx:TrackPointExtension>
      <gpxtpx:atemp>23</gpxtpx:atemp>
      <gpxtpx:hr>149</gpxtpx:hr>
      <gpxtpx:cad>52</gpxtpx:cad>
     </gpxtpx:TrackPointExtension>
    </extensions>
   </trkpt>
   <trkpt lat="12.9200660" lon="77.5203780">
    <ele>855.8</ele>
    <time>2026-08-14T01:47:25Z</time>
    <extensions>
     <gpxtpx:TrackPointExtension>
      <gpxtpx:atemp>23</gpxtpx:atemp>
      <gpxtpx:hr>149</gpxtpx:hr>
      <gpxtpx:cad>81</gpxtpx:cad>
     </gpxtpx:TrackPointExtension>
    </extensions>
   </trkpt>
   <trkpt lat="12.9201980" lon="77.5203990">
    <ele>855.6</ele>
    <time>2026-08-14T01:47:31Z</time>
    <extensions>
     <gpxtpx:TrackPointExtension>
      <gpxtpx:atemp>23</gpxtpx:atemp>
      <gpxtpx:hr>145</gpxtpx:hr>
      <gpxtpx:cad>82</gpxtpx:cad>
     </gpxtpx:TrackPointExtension>
    </extensions>
   </trkpt>
   <trkpt lat="12.9201970" lon="77.5204070">
    <ele>855.6</ele>
    <time>2026-08-14T01:47:32Z</time>
    <extensions>
     <gpxtpx:TrackPointExtension>
      <gpxtpx:atemp>23</gpxtpx:atemp>
      <gpxtpx:hr>146</gpxtpx:hr>
      <gpxtpx:cad>82</gpxtpx:cad>
     </gpxtpx:TrackPointExtension>
    </extensions>
   </trkpt>
   <trkpt lat="12.9202220" lon="77.5204490">
    <ele>855.4</ele>
    <time>2026-08-14T01:47:37Z</time>
    <extensions>
     <gpxtpx:TrackPointExtension>
      <gpxtpx:atemp>23</gpxtpx:atemp>
      <gpxtpx:hr>145</gpxtpx:hr>
      <gpxtpx:cad>0</gpxtpx:cad>
     </gpxtpx:TrackPointExtension>
    </extensions>
   </trkpt>
   <trkpt lat="12.9202310" lon="77.5204430">
    <ele>855.4</ele>
    <time>2026-08-14T01:47:38Z</time>
    <extensions>
     <gpxtpx:TrackPointExtension>
      <gpxtpx:atemp>23</gpxtpx:atemp>
      <gpxtpx:hr>145</gpxtpx:hr>
      <gpxtpx:cad>0</gpxtpx:cad>
     </gpxtpx:TrackPointExtension>
    </extensions>
   </trkpt>
   <trkpt lat="12.9202520" lon="77.5204290">
    <ele>855.4</ele>
    <time>2026-08-14T01:47:40Z</time>
    <extensions>
     <gpxtpx:TrackPointExtension>
      <gpxtpx:atemp>23</gpxtpx:atemp>
      <gpxtpx:hr>142</gpxtpx:hr>
      <gpxtpx:cad>50</gpxtpx:cad>
     </gpxtpx:TrackPointExtension>
    </extensions>
   </trkpt>
   <trkpt lat="12.9202740" lon="77.5204170">
    <ele>855.2</ele>
    <time>2026-08-14T01:47:42Z</time>
    <extensions>
     <gpxtpx:TrackPointExtension>
      <gpxtpx:atemp>23</gpxtpx:atemp>
      <gpxtpx:hr>141</gpxtpx:hr>
      <gpxtpx:cad>53</gpxtpx:cad>
     </gpxtpx:TrackPointExtension>
    </extensions>
   </trkpt>
   <trkpt lat="12.9204090" lon="77.5203920">
    <ele>854.8</ele>
    <time>2026-08-14T01:47:49Z</time>
    <extensions>
     <gpxtpx:TrackPointExtension>
      <gpxtpx:atemp>23</gpxtpx:atemp>
      <gpxtpx:hr>140</gpxtpx:hr>
      <gpxtpx:cad>109</gpxtpx:cad>
     </gpxtpx:TrackPointExtension>
    </extensions>
   </trkpt>
   <trkpt lat="12.9205290" lon="77.5204250">
    <ele>854.6</ele>
    <time>2026-08-14T01:47:53Z</time>
    <extensions>
     <gpxtpx:TrackPointExtension>
      <gpxtpx:atemp>23</gpxtpx:atemp>
      <gpxtpx:hr>138</gpxtpx:hr>
      <gpxtpx:cad>83</gpxtpx:cad>
     </gpxtpx:TrackPointExtension>
    </extensions>
   </trkpt>
   <trkpt lat="12.9207050" lon="77.5205100">
    <ele>854.6</ele>
    <time>2026-08-14T01:47:58Z</time>
    <extensions>
     <gpxtpx:TrackPointExtension>
      <gpxtpx:atemp>23</gpxtpx:atemp>
      <gpxtpx:hr>136</gpxtpx:hr>
      <gpxtpx:cad>84</gpxtpx:cad>
     </gpxtpx:TrackPointExtension>
    </extensions>
   </trkpt>
   <trkpt lat="12.9207390" lon="77.5205240">
    <ele>854.4</ele>
    <time>2026-08-14T01:47:59Z</time>
    <extensions>
     <gpxtpx:TrackPointExtension>
      <gpxtpx:atemp>23</gpxtpx:atemp>
      <gpxtpx:hr>139</gpxtpx:hr>
      <gpxtpx:cad>84</gpxtpx:cad>
     </gpxtpx:TrackPointExtension>
    </extensions>
   </trkpt>
   <trkpt lat="12.9208660" lon="77.5205340">
    <ele>854.0</ele>
    <time>2026-08-14T01:48:03Z</time>
    <extensions>
     <gpxtpx:TrackPointExtension>
      <gpxtpx:atemp>23</gpxtpx:atemp>
      <gpxtpx:hr>141</gpxtpx:hr>
      <gpxtpx:cad>84</gpxtpx:cad>
     </gpxtpx:TrackPointExtension>
    </extensions>
   </trkpt>
   <trkpt lat="12.9209050" lon="77.5205380">
    <ele>854.0</ele>
    <time>2026-08-14T01:48:04Z</time>
    <extensions>
     <gpxtpx:TrackPointExtension>
      <gpxtpx:atemp>23</gpxtpx:atemp>
      <gpxtpx:hr>142</gpxtpx:hr>
      <gpxtpx:cad>83</gpxtpx:cad>
     </gpxtpx:TrackPointExtension>
    </extensions>
   </trkpt>
   <trkpt lat="12.9210470" lon="77.5205490">
    <ele>853.6</ele>
    <time>2026-08-14T01:48:08Z</time>
    <extensions>
     <gpxtpx:TrackPointExtension>
      <gpxtpx:atemp>23</gpxtpx:atemp>
      <gpxtpx:hr>145</gpxtpx:hr>
      <gpxtpx:cad>85</gpxtpx:cad>
     </gpxtpx:TrackPointExtension>
    </extensions>
   </trkpt>
   <trkpt lat="12.9210810" lon="77.5205450">
    <ele>853.6</ele>
    <time>2026-08-14T01:48:09Z</time>
    <extensions>
     <gpxtpx:TrackPointExtension>
      <gpxtpx:atemp>23</gpxtpx:atemp>
      <gpxtpx:hr>148</gpxtpx:hr>
      <gpxtpx:cad>85</gpxtpx:cad>
     </gpxtpx:TrackPointExtension>
    </extensions>
   </trkpt>
   <trkpt lat="12.9211130" lon="77.5205350">
    <ele>853.4</ele>
    <time>2026-08-14T01:48:10Z</time>
    <extensions>
     <gpxtpx:TrackPointExtension>
      <gpxtpx:atemp>23</gpxtpx:atemp>
      <gpxtpx:hr>148</gpxtpx:hr>
      <gpxtpx:cad>85</gpxtpx:cad>
     </gpxtpx:TrackPointExtension>
    </extensions>
   </trkpt>
   <trkpt lat="12.9211720" lon="77.5204980">
    <ele>853.4</ele>
    <time>2026-08-14T01:48:12Z</time>
    <extensions>
     <gpxtpx:TrackPointExtension>
      <gpxtpx:atemp>23</gpxtpx:atemp>
      <gpxtpx:hr>148</gpxtpx:hr>
      <gpxtpx:cad>85</gpxtpx:cad>
     </gpxtpx:TrackPointExtension>
    </extensions>
   </trkpt>
   <trkpt lat="12.9213730" lon="77.5205290">
    <ele>853.0</ele>
    <time>2026-08-14T01:48:18Z</time>
    <extensions>
     <gpxtpx:TrackPointExtension>
      <gpxtpx:atemp>23</gpxtpx:atemp>
      <gpxtpx:hr>149</gpxtpx:hr>
      <gpxtpx:cad>84</gpxtpx:cad>
     </gpxtpx:TrackPointExtension>
    </extensions>
   </trkpt>
   <trkpt lat="12.9215610" lon="77.5205760">
    <ele>852.4</ele>
    <time>2026-08-14T01:48:25Z</time>
    <extensions>
     <gpxtpx:TrackPointExtension>
      <gpxtpx:atemp>23</gpxtpx:atemp>
      <gpxtpx:hr>150</gpxtpx:hr>
      <gpxtpx:cad>81</gpxtpx:cad>
     </gpxtpx:TrackPointExtension>
    </extensions>
   </trkpt>
   <trkpt lat="12.9216220" lon="77.5205610">
    <ele>852.4</ele>
    <time>2026-08-14T01:48:27Z</time>
    <extensions>
     <gpxtpx:TrackPointExtension>
      <gpxtpx:atemp>23</gpxtpx:atemp>
      <gpxtpx:hr>150</gpxtpx:hr>
      <gpxtpx:cad>83</gpxtpx:cad>
     </gpxtpx:TrackPointExtension>
    </extensions>
   </trkpt>
   <trkpt lat="12.9217030" lon="77.5205290">
    <ele>852.0</ele>
    <time>2026-08-14T01:48:32Z</time>
    <extensions>
     <gpxtpx:TrackPointExtension>
      <gpxtpx:atemp>23</gpxtpx:atemp>
      <gpxtpx:hr>149</gpxtpx:hr>
      <gpxtpx:cad>82</gpxtpx:cad>
     </gpxtpx:TrackPointExtension>
    </extensions>
   </trkpt>
   <trkpt lat="12.9217090" lon="77.5205460">
    <ele>852.0</ele>
    <time>2026-08-14T01:48:33Z</time>
    <extensions>
     <gpxtpx:TrackPointExtension>
      <gpxtpx:atemp>23</gpxtpx:atemp>
      <gpxtpx:hr>149</gpxtpx:hr>
      <gpxtpx:cad>82</gpxtpx:cad>
     </gpxtpx:TrackPointExtension>
    </extensions>
   </trkpt>
   <trkpt lat="12.9217230" lon="77.5205570">
    <ele>852.0</ele>
    <time>2026-08-14T01:48:35Z</time>
    <extensions>
     <gpxtpx:TrackPointExtension>
      <gpxtpx:atemp>23</gpxtpx:atemp>
      <gpxtpx:hr>149</gpxtpx:hr>
      <gpxtpx:cad>82</gpxtpx:cad>
     </gpxtpx:TrackPointExtension>
    </extensions>
   </trkpt>
   <trkpt lat="12.9218080" lon="77.5205460">
    <ele>851.8</ele>
    <time>2026-08-14T01:48:40Z</time>
    <extensions>
     <gpxtpx:TrackPointExtension>
      <gpxtpx:atemp>23</gpxtpx:atemp>
      <gpxtpx:hr>147</gpxtpx:hr>
      <gpxtpx:cad>56</gpxtpx:cad>
     </gpxtpx:TrackPointExtension>
    </extensions>
   </trkpt>
   <trkpt lat="12.9219360" lon="77.5205380">
    <ele>851.6</ele>
    <time>2026-08-14T01:48:44Z</time>
    <extensions>
     <gpxtpx:TrackPointExtension>
      <gpxtpx:atemp>23</gpxtpx:atemp>
      <gpxtpx:hr>144</gpxtpx:hr>
      <gpxtpx:cad>84</gpxtpx:cad>
     </gpxtpx:TrackPointExtension>
    </extensions>
   </trkpt>
   <trkpt lat="12.9220370" lon="77.5205810">
    <ele>851.6</ele>
    <time>2026-08-14T01:48:47Z</time>
    <extensions>
     <gpxtpx:TrackPointExtension>
      <gpxtpx:atemp>23</gpxtpx:atemp>
      <gpxtpx:hr>145</gpxtpx:hr>
      <gpxtpx:cad>84</gpxtpx:cad>
     </gpxtpx:TrackPointExtension>
    </extensions>
   </trkpt>
   <trkpt lat="12.9222210" lon="77.5206390">
    <ele>851.6</ele>
    <time>2026-08-14T01:48:53Z</time>
    <extensions>
     <gpxtpx:TrackPointExtension>
      <gpxtpx:atemp>23</gpxtpx:atemp>
      <gpxtpx:hr>143</gpxtpx:hr>
      <gpxtpx:cad>81</gpxtpx:cad>
     </gpxtpx:TrackPointExtension>
    </extensions>
   </trkpt>
   <trkpt lat="12.9222450" lon="77.5206340">
    <ele>851.6</ele>
    <time>2026-08-14T01:48:54Z</time>
    <extensions>
     <gpxtpx:TrackPointExtension>
      <gpxtpx:atemp>23</gpxtpx:atemp>
      <gpxtpx:hr>147</gpxtpx:hr>
      <gpxtpx:cad>80</gpxtpx:cad>
     </gpxtpx:TrackPointExtension>
    </extensions>
   </trkpt>
   <trkpt lat="12.9222650" lon="77.5206260">
    <ele>851.4</ele>
    <time>2026-08-14T01:48:55Z</time>
    <extensions>
     <gpxtpx:TrackPointExtension>
      <gpxtpx:atemp>23</gpxtpx:atemp>
      <gpxtpx:hr>145</gpxtpx:hr>
      <gpxtpx:cad>80</gpxtpx:cad>
     </gpxtpx:TrackPointExtension>
    </extensions>
   </trkpt>
   <trkpt lat="12.9222770" lon="77.5206090">
    <ele>851.4</ele>
    <time>2026-08-14T01:48:56Z</time>
    <extensions>
     <gpxtpx:TrackPointExtension>
      <gpxtpx:atemp>23</gpxtpx:atemp>
      <gpxtpx:hr>146</gpxtpx:hr>
      <gpxtpx:cad>78</gpxtpx:cad>
     </gpxtpx:TrackPointExtension>
    </extensions>
   </trkpt>
   <trkpt lat="12.9222940" lon="77.5205920">
    <ele>851.0</ele>
    <time>2026-08-14T01:48:57Z</time>
    <extensions>
     <gpxtpx:TrackPointExtension>
      <gpxtpx:atemp>23</gpxtpx:atemp>
      <gpxtpx:hr>145</gpxtpx:hr>
      <gpxtpx:cad>78</gpxtpx:cad>
     </gpxtpx:TrackPointExtension>
    </extensions>
   </trkpt>
   <trkpt lat="12.9223320" lon="77.5205480">
    <ele>850.6</ele>
    <time>2026-08-14T01:48:59Z</time>
    <extensions>
     <gpxtpx:TrackPointExtension>
      <gpxtpx:atemp>23</gpxtpx:atemp>
      <gpxtpx:hr>146</gpxtpx:hr>
      <gpxtpx:cad>77</gpxtpx:cad>
     </gpxtpx:TrackPointExtension>
    </extensions>
   </trkpt>
   <trkpt lat="12.9223850" lon="77.5203630">
    <ele>850.0</ele>
    <time>2026-08-14T01:49:04Z</time>
    <extensions>
     <gpxtpx:TrackPointExtension>
      <gpxtpx:atemp>23</gpxtpx:atemp>
      <gpxtpx:hr>147</gpxtpx:hr>
      <gpxtpx:cad>80</gpxtpx:cad>
     </gpxtpx:TrackPointExtension>
    </extensions>
   </trkpt>
   <trkpt lat="12.9223930" lon="77.5203360">
    <ele>850.0</ele>
    <time>2026-08-14T01:49:05Z</time>
    <extensions>
     <gpxtpx:TrackPointExtension>
      <gpxtpx:atemp>23</gpxtpx:atemp>
      <gpxtpx:hr>149</gpxtpx:hr>
      <gpxtpx:cad>80</gpxtpx:cad>
     </gpxtpx:TrackPointExtension>
    </extensions>
   </trkpt>
   <trkpt lat="12.9224060" lon="77.5203050">
    <ele>850.0</ele>
    <time>2026-08-14T01:49:06Z</time>
    <extensions>
     <gpxtpx:TrackPointExtension>
      <gpxtpx:atemp>23</gpxtpx:atemp>
      <gpxtpx:hr>149</gpxtpx:hr>
      <gpxtpx:cad>80</gpxtpx:cad>
     </gpxtpx:TrackPointExtension>
    </extensions>
   </trkpt>
   <trkpt lat="12.9224200" lon="77.5202730">
    <ele>849.8</ele>
    <time>2026-08-14T01:49:07Z</time>
    <extensions>
     <gpxtpx:TrackPointExtension>
      <gpxtpx:atemp>23</gpxtpx:atemp>
      <gpxtpx:hr>152</gpxtpx:hr>
      <gpxtpx:cad>81</gpxtpx:cad>
     </gpxtpx:TrackPointExtension>
    </extensions>
   </trkpt>
   <trkpt lat="12.9224230" lon="77.5202410">
    <ele>849.8</ele>
    <time>2026-08-14T01:49:08Z</time>
    <extensions>
     <gpxtpx:TrackPointExtension>
      <gpxtpx:atemp>23</gpxtpx:atemp>
      <gpxtpx:hr>153</gpxtpx:hr>
      <gpxtpx:cad>81</gpxtpx:cad>
     </gpxtpx:TrackPointExtension>
    </extensions>
   </trkpt>
   <trkpt lat="12.9224210" lon="77.5202060">
    <ele>849.8</ele>
    <time>2026-08-14T01:49:09Z</time>
    <extensions>
     <gpxtpx:TrackPointExtension>
      <gpxtpx:atemp>23</gpxtpx:atemp>
      <gpxtpx:hr>148</gpxtpx:hr>
      <gpxtpx:cad>81</gpxtpx:cad>
     </gpxtpx:TrackPointExtension>
    </extensions>
   </trkpt>
   <trkpt lat="12.9224190" lon="77.5201640">
    <ele>849.6</ele>
    <time>2026-08-14T01:49:10Z</time>
    <extensions>
     <gpxtpx:TrackPointExtension>
      <gpxtpx:atemp>23</gpxtpx:atemp>
      <gpxtpx:hr>148</gpxtpx:hr>
      <gpxtpx:cad>81</gpxtpx:cad>
     </gpxtpx:TrackPointExtension>
    </extensions>
   </trkpt>
   <trkpt lat="12.9224320" lon="77.5200030">
    <ele>848.6</ele>
    <time>2026-08-14T01:49:14Z</time>
    <extensions>
     <gpxtpx:TrackPointExtension>
      <gpxtpx:atemp>23</gpxtpx:atemp>
      <gpxtpx:hr>148</gpxtpx:hr>
      <gpxtpx:cad>81</gpxtpx:cad>
     </gpxtpx:TrackPointExtension>
    </extensions>
   </trkpt>
   <trkpt lat="12.9224310" lon="77.5199780">
    <ele>848.4</ele>
    <time>2026-08-14T01:49:15Z</time>
    <extensions>
     <gpxtpx:TrackPointExtension>
      <gpxtpx:atemp>23</gpxtpx:atemp>
      <gpxtpx:hr>151</gpxtpx:hr>
      <gpxtpx:cad>81</gpxtpx:cad>
     </gpxtpx:TrackPointExtension>
    </extensions>
   </trkpt>
   <trkpt lat="12.9224200" lon="77.5199640">
    <ele>848.4</ele>
    <time>2026-08-14T01:49:16Z</time>
    <extensions>
     <gpxtpx:TrackPointExtension>
      <gpxtpx:atemp>23</gpxtpx:atemp>
      <gpxtpx:hr>148</gpxtpx:hr>
      <gpxtpx:cad>81</gpxtpx:cad>
     </gpxtpx:TrackPointExtension>
    </extensions>
   </trkpt>
   <trkpt lat="12.9223990" lon="77.5198870">
    <ele>848.0</ele>
    <time>2026-08-14T01:49:19Z</time>
    <extensions>
     <gpxtpx:TrackPointExtension>
      <gpxtpx:atemp>23</gpxtpx:atemp>
      <gpxtpx:hr>149</gpxtpx:hr>
      <gpxtpx:cad>80</gpxtpx:cad>
     </gpxtpx:TrackPointExtension>
    </extensions>
   </trkpt>
   <trkpt lat="12.9224180" lon="77.5198250">
    <ele>847.6</ele>
    <time>2026-08-14T01:49:21Z</time>
    <extensions>
     <gpxtpx:TrackPointExtension>
      <gpxtpx:atemp>23</gpxtpx:atemp>
      <gpxtpx:hr>148</gpxtpx:hr>
      <gpxtpx:cad>79</gpxtpx:cad>
     </gpxtpx:TrackPointExtension>
    </extensions>
   </trkpt>
   <trkpt lat="12.9224340" lon="77.5197190">
    <ele>847.6</ele>
    <time>2026-08-14T01:49:24Z</time>
    <extensions>
     <gpxtpx:TrackPointExtension>
      <gpxtpx:atemp>23</gpxtpx:atemp>
      <gpxtpx:hr>151</gpxtpx:hr>
      <gpxtpx:cad>79</gpxtpx:cad>
     </gpxtpx:TrackPointExtension>
    </extensions>
   </trkpt>
   <trkpt lat="12.9224460" lon="77.5195610">
    <ele>847.2</ele>
    <time>2026-08-14T01:49:30Z</time>
    <extensions>
     <gpxtpx:TrackPointExtension>
      <gpxtpx:atemp>23</gpxtpx:atemp>
      <gpxtpx:hr>150</gpxtpx:hr>
      <gpxtpx:cad>80</gpxtpx:cad>
     </gpxtpx:TrackPointExtension>
    </extensions>
   </trkpt>
   <trkpt lat="12.9224930" lon="77.5194060">
    <ele>846.6</ele>
    <time>2026-08-14T01:49:36Z</time>
    <extensions>
     <gpxtpx:TrackPointExtension>
      <gpxtpx:atemp>23</gpxtpx:atemp>
      <gpxtpx:hr>152</gpxtpx:hr>
      <gpxtpx:cad>78</gpxtpx:cad>
     </gpxtpx:TrackPointExtension>
    </extensions>
   </trkpt>
   <trkpt lat="12.9225230" lon="77.5192980">
    <ele>846.6</ele>
    <time>2026-08-14T01:49:40Z</time>
    <extensions>
     <gpxtpx:TrackPointExtension>
      <gpxtpx:atemp>23</gpxtpx:atemp>
      <gpxtpx:hr>149</gpxtpx:hr>
      <gpxtpx:cad>79</gpxtpx:cad>
     </gpxtpx:TrackPointExtension>
    </extensions>
   </trkpt>
   <trkpt lat="12.9225900" lon="77.5192350">
    <ele>846.6</ele>
    <time>2026-08-14T01:49:45Z</time>
    <extensions>
     <gpxtpx:TrackPointExtension>
      <gpxtpx:atemp>23</gpxtpx:atemp>
      <gpxtpx:hr>149</gpxtpx:hr>
      <gpxtpx:cad>79</gpxtpx:cad>
     </gpxtpx:TrackPointExtension>
    </extensions>
   </trkpt>
   <trkpt lat="12.9226010" lon="77.5192920">
    <ele>846.6</ele>
    <time>2026-08-14T01:49:47Z</time>
    <extensions>
     <gpxtpx:TrackPointExtension>
      <gpxtpx:atemp>23</gpxtpx:atemp>
      <gpxtpx:hr>148</gpxtpx:hr>
      <gpxtpx:cad>79</gpxtpx:cad>
     </gpxtpx:TrackPointExtension>
    </extensions>
   </trkpt>
   <trkpt lat="12.9226000" lon="77.5193430">
    <ele>846.6</ele>
    <time>2026-08-14T01:49:49Z</time>
    <extensions>
     <gpxtpx:TrackPointExtension>
      <gpxtpx:atemp>23</gpxtpx:atemp>
      <gpxtpx:hr>149</gpxtpx:hr>
      <gpxtpx:cad>79</gpxtpx:cad>
     </gpxtpx:TrackPointExtension>
    </extensions>
   </trkpt>
   <trkpt lat="12.9225840" lon="77.5193960">
    <ele>846.6</ele>
    <time>2026-08-14T01:49:52Z</time>
    <extensions>
     <gpxtpx:TrackPointExtension>
      <gpxtpx:atemp>23</gpxtpx:atemp>
      <gpxtpx:hr>146</gpxtpx:hr>
      <gpxtpx:cad>81</gpxtpx:cad>
     </gpxtpx:TrackPointExtension>
    </extensions>
   </trkpt>
   <trkpt lat="12.9225700" lon="77.5194030">
    <ele>846.6</ele>
    <time>2026-08-14T01:49:53Z</time>
    <extensions>
     <gpxtpx:TrackPointExtension>
      <gpxtpx:atemp>23</gpxtpx:atemp>
      <gpxtpx:hr>149</gpxtpx:hr>
      <gpxtpx:cad>81</gpxtpx:cad>
     </gpxtpx:TrackPointExtension>
    </extensions>
   </trkpt>
   <trkpt lat="12.9225530" lon="77.5194180">
    <ele>846.6</ele>
    <time>2026-08-14T01:49:54Z</time>
    <extensions>
     <gpxtpx:TrackPointExtension>
      <gpxtpx:atemp>23</gpxtpx:atemp>
      <gpxtpx:hr>146</gpxtpx:hr>
      <gpxtpx:cad>80</gpxtpx:cad>
     </gpxtpx:TrackPointExtension>
    </extensions>
   </trkpt>
   <trkpt lat="12.9225340" lon="77.5194650">
    <ele>847.0</ele>
    <time>2026-08-14T01:49:57Z</time>
    <extensions>
     <gpxtpx:TrackPointExtension>
      <gpxtpx:atemp>23</gpxtpx:atemp>
      <gpxtpx:hr>145</gpxtpx:hr>
      <gpxtpx:cad>79</gpxtpx:cad>
     </gpxtpx:TrackPointExtension>
    </extensions>
   </trkpt>
   <trkpt lat="12.9225330" lon="77.5194910">
    <ele>847.2</ele>
    <time>2026-08-14T01:49:58Z</time>
    <extensions>
     <gpxtpx:TrackPointExtension>
      <gpxtpx:atemp>23</gpxtpx:atemp>
      <gpxtpx:hr>142</gpxtpx:hr>
      <gpxtpx:cad>78</gpxtpx:cad>
     </gpxtpx:TrackPointExtension>
    </extensions>
   </trkpt>
   <trkpt lat="12.9225320" lon="77.5195190">
    <ele>847.2</ele>
    <time>2026-08-14T01:49:59Z</time>
    <extensions>
     <gpxtpx:TrackPointExtension>
      <gpxtpx:atemp>23</gpxtpx:atemp>
      <gpxtpx:hr>141</gpxtpx:hr>
      <gpxtpx:cad>78</gpxtpx:cad>
     </gpxtpx:TrackPointExtension>
    </extensions>
   </trkpt>
   <trkpt lat="12.9225340" lon="77.5195450">
    <ele>847.4</ele>
    <time>2026-08-14T01:50:00Z</time>
    <extensions>
     <gpxtpx:TrackPointExtension>
      <gpxtpx:atemp>23</gpxtpx:atemp>
      <gpxtpx:hr>145</gpxtpx:hr>
      <gpxtpx:cad>0</gpxtpx:cad>
     </gpxtpx:TrackPointExtension>
    </extensions>
   </trkpt>
   <trkpt lat="12.9225350" lon="77.5195500">
    <ele>847.4</ele>
    <time>2026-08-14T01:50:01Z</time>
    <extensions>
     <gpxtpx:TrackPointExtension>
      <gpxtpx:atemp>23</gpxtpx:atemp>
      <gpxtpx:hr>145</gpxtpx:hr>
      <gpxtpx:cad>0</gpxtpx:cad>
     </gpxtpx:TrackPointExtension>
    </extensions>
   </trkpt>
  </trkseg>
 </trk>
</gpx>
