<?xml version="1.0" encoding="UTF-8"?>
<gpx creator="StravaGPX" version="1.1" xmlns="http://www.topografix.com/GPX/1/1" xmlns:xsi="http://www.w3.org/2001/XMLSchema-instance" xsi:schemaLocation="http://www.topografix.com/GPX/1/1 http://www.topografix.com/GPX/1/1/gpx.xsd http://www.garmin.com/xmlschemas/GpxExtensions/v3 http://www.garmin.com/xmlschemas/GpxExtensionsv3.xsd http://www.garmin.com/xmlschemas/TrackPointExtension/v1 http://www.garmin.com/xmlschemas/TrackPointExtensionv1.xsd" xmlns:gpxtpx="http://www.garmin.com/xmlschemas/TrackPointExtension/v1" xmlns:gpxx="http://www.garmin.com/xmlschemas/GpxExtensions/v3">
 <metadata>
  <time>2026-07-31T00:25:53Z</time>
 </metadata>
 <trk>
  <name>Morning Run</name>
  <type>running</type>
  <trkseg>
   <trkpt lat="12.9221440" lon="77.5197370">
    <ele>839.6</ele>
    <time>2026-07-31T00:25:53Z</time>
    <extensions>
     <gpxtpx:TrackPointExtension>
      <gpxtpx:atemp>29</gpxtpx:atemp>
      <gpxtpx:hr>114</gpxtpx:hr>
      <gpxtpx:cad>48</gpxtpx:cad>
     </gpxtpx:TrackPointExtension>
    </extensions>
   </trkpt>
   <trkpt lat="12.9221690" lon="77.5197860">
    <ele>839.6</ele>
    <time>2026-07-31T00:25:54Z</time>
    <extensions>
     <gpxtpx:TrackPointExtension>
      <gpxtpx:atemp>29</gpxtpx:atemp>
      <gpxtpx:hr>114</gpxtpx:hr>
      <gpxtpx:cad>48</gpxtpx:cad>
     </gpxtpx:TrackPointExtension>
    </extensions>
   </trkpt>
   <trkpt lat="12.9221940" lon="77.5198350">
    <ele>839.6</ele>
    <time>2026-07-31T00:25:55Z</time>
    <extensions>
     <gpxtpx:TrackPointExtension>
      <gpxtpx:atemp>29</gpxtpx:atemp>
      <gpxtpx:hr>113</gpxtpx:hr>
      <gpxtpx:cad>49</gpxtpx:cad>
     </gpxtpx:TrackPointExtension>
    </extensions>
   </trkpt>
   <trkpt lat="12.9222160" lon="77.5198920">
    <ele>839.6</ele>
    <time>2026-07-31T00:25:56Z</time>
    <extensions>
     <gpxtpx:TrackPointExtension>
      <gpxtpx:atemp>29</gpxtpx:atemp>
      <gpxtpx:hr>113</gpxtpx:hr>
      <gpxtpx:cad>49</gpxtpx:cad>
     </gpxtpx:TrackPointExtension>
    </extensions>
   </trkpt>
   <trkpt lat="12.9222640" lon="77.5199790">
    <ele>839.6</ele>
    <time>2026-07-31T00:25:58Z</time>
    <extensions>
     <gpxtpx:TrackPointExtension>
      <gpxtpx:atemp>29</gpxtpx:atemp>
      <gpxtpx:hr>111</gpxtpx:hr>
      <gpxtpx:cad>49</gpxtpx:cad>
     </gpxtpx:TrackPointExtension>
    </extensions>
   </trkpt>
   <trkpt lat="12.9223660" lon="77.5201280">
    <ele>840.2</ele>
    <time>2026-07-31T00:26:06Z</time>
    <extensions>
     <gpxtpx:TrackPointExtension>
      <gpxtpx:atemp>29</gpxtpx:atemp>
      <gpxtpx:hr>112</gpxtpx:hr>
      <gpxtpx:cad>80</gpxtpx:cad>
     </gpxtpx:TrackPointExtension>
    </extensions>
   </trkpt>
   <trkpt lat="12.9223930" lon="77.5201290">
    <ele>840.4</ele>
    <time>2026-07-31T00:26:07Z</time>
    <extensions>
     <gpxtpx:TrackPointExtension>
      <gpxtpx:atemp>29</gpxtpx:atemp>
      <gpxtpx:hr>113</gpxtpx:hr>
      <gpxtpx:cad>80</gpxtpx:cad>
     </gpxtpx:TrackPointExtension>
    </extensions>
   </trkpt>
   <trkpt lat="12.9224330" lon="77.5201390">
    <ele>840.8</ele>
    <time>2026-07-31T00:26:09Z</time>
    <extensions>
     <gpxtpx:TrackPointExtension>
      <gpxtpx:atemp>29</gpxtpx:atemp>
      <gpxtpx:hr>114</gpxtpx:hr>
      <gpxtpx:cad>81</gpxtpx:cad>
     </gpxtpx:TrackPointExtension>
    </extensions>
   </trkpt>
   <trkpt lat="12.9224540" lon="77.5201610">
    <ele>841.0</ele>
    <time>2026-07-31T00:26:10Z</time>
    <extensions>
     <gpxtpx:TrackPointExtension>
      <gpxtpx:atemp>29</gpxtpx:atemp>
      <gpxtpx:hr>114</gpxtpx:hr>
      <gpxtpx:cad>81</gpxtpx:cad>
     </gpxtpx:TrackPointExtension>
    </extensions>
   </trkpt>
   <trkpt lat="12.9224560" lon="77.5202030">
    <ele>841.4</ele>
    <time>2026-07-31T00:26:12Z</time>
    <extensions>
     <gpxtpx:TrackPointExtension>
      <gpxtpx:atemp>29</gpxtpx:atemp>
      <gpxtpx:hr>115</gpxtpx:hr>
      <gpxtpx:cad>81</gpxtpx:cad>
     </gpxtpx:TrackPointExtension>
    </extensions>
   </trkpt>
   <trkpt lat="12.9224330" lon="77.5202430">
    <ele>841.8</ele>
    <time>2026-07-31T00:26:14Z</time>
    <extensions>
     <gpxtpx:TrackPointExtension>
      <gpxtpx:atemp>29</gpxtpx:atemp>
      <gpxtpx:hr>116</gpxtpx:hr>
      <gpxtpx:cad>81</gpxtpx:cad>
     </gpxtpx:TrackPointExtension>
    </extensions>
   </trkpt>
   <trkpt lat="12.9224170" lon="77.5202620">
    <ele>841.8</ele>
    <time>2026-07-31T00:26:15Z</time>
    <extensions>
     <gpxtpx:TrackPointExtension>
      <gpxtpx:atemp>29</gpxtpx:atemp>
      <gpxtpx:hr>117</gpxtpx:hr>
      <gpxtpx:cad>81</gpxtpx:cad>
     </gpxtpx:TrackPointExtension>
    </extensions>
   </trkpt>
   <trkpt lat="12.9223870" lon="77.5203290">
    <ele>842.2</ele>
    <time>2026-07-31T00:26:18Z</time>
    <extensions>
     <gpxtpx:TrackPointExtension>
      <gpxtpx:atemp>29</gpxtpx:atemp>
      <gpxtpx:hr>117</gpxtpx:hr>
      <gpxtpx:cad>81</gpxtpx:cad>
     </gpxtpx:TrackPointExtension>
    </extensions>
   </trkpt>
   <trkpt lat="12.9223840" lon="77.5203500">
    <ele>842.4</ele>
    <time>2026-07-31T00:26:19Z</time>
    <extensions>
     <gpxtpx:TrackPointExtension>
      <gpxtpx:atemp>29</gpxtpx:atemp>
      <gpxtpx:hr>119</gpxtpx:hr>
      <gpxtpx:cad>80</gpxtpx:cad>
     </gpxtpx:TrackPointExtension>
    </extensions>
   </trkpt>
   <trkpt lat="12.9223700" lon="77.5204280">
    <ele>843.0</ele>
    <time>2026-07-31T00:26:22Z</time>
    <extensions>
     <gpxtpx:TrackPointExtension>
      <gpxtpx:atemp>29</gpxtpx:atemp>
      <gpxtpx:hr>120</gpxtpx:hr>
      <gpxtpx:cad>80</gpxtpx:cad>
     </gpxtpx:TrackPointExtension>
    </extensions>
   </trkpt>
   <trkpt lat="12.9223690" lon="77.5204890">
    <ele>843.4</ele>
    <time>2026-07-31T00:26:24Z</time>
    <extensions>
     <gpxtpx:TrackPointExtension>
      <gpxtpx:atemp>29</gpxtpx:atemp>
      <gpxtpx:hr>122</gpxtpx:hr>
      <gpxtpx:cad>78</gpxtpx:cad>
     </gpxtpx:TrackPointExtension>
    </extensions>
   </trkpt>
   <trkpt lat="12.9223760" lon="77.5205280">
    <ele>843.6</ele>
    <time>2026-07-31T00:26:26Z</time>
    <extensions>
     <gpxtpx:TrackPointExtension>
      <gpxtpx:atemp>29</gpxtpx:atemp>
      <gpxtpx:hr>124</gpxtpx:hr>
      <gpxtpx:cad>78</gpxtpx:cad>
     </gpxtpx:TrackPointExtension>
    </extensions>
   </trkpt>
   <trkpt lat="12.9224900" lon="77.5205820">
    <ele>843.8</ele>
    <time>2026-07-31T00:26:30Z</time>
    <extensions>
     <gpxtpx:TrackPointExtension>
      <gpxtpx:atemp>29</gpxtpx:atemp>
      <gpxtpx:hr>126</gpxtpx:hr>
      <gpxtpx:cad>79</gpxtpx:cad>
     </gpxtpx:TrackPointExtension>
    </extensions>
   </trkpt>
   <trkpt lat="12.9225390" lon="77.5206090">
    <ele>844.0</ele>
    <time>2026-07-31T00:26:32Z</time>
    <extensions>
     <gpxtpx:TrackPointExtension>
      <gpxtpx:atemp>29</gpxtpx:atemp>
      <gpxtpx:hr>130</gpxtpx:hr>
      <gpxtpx:cad>80</gpxtpx:cad>
     </gpxtpx:TrackPointExtension>
    </extensions>
   </trkpt>
   <trkpt lat="12.9226130" lon="77.5206550">
    <ele>843.8</ele>
    <time>2026-07-31T00:26:35Z</time>
    <extensions>
     <gpxtpx:TrackPointExtension>
      <gpxtpx:atemp>28</gpxtpx:atemp>
      <gpxtpx:hr>129</gpxtpx:hr>
      <gpxtpx:cad>81</gpxtpx:cad>
     </gpxtpx:TrackPointExtension>
    </extensions>
   </trkpt>
   <trkpt lat="12.9227440" lon="77.5207830">
    <ele>843.8</ele>
    <time>2026-07-31T00:26:40Z</time>
    <extensions>
     <gpxtpx:TrackPointExtension>
      <gpxtpx:atemp>28</gpxtpx:atemp>
      <gpxtpx:hr>130</gpxtpx:hr>
      <gpxtpx:cad>81</gpxtpx:cad>
     </gpxtpx:TrackPointExtension>
    </extensions>
   </trkpt>
   <trkpt lat="12.9227670" lon="77.5208170">
    <ele>844.0</ele>
    <time>2026-07-31T00:26:41Z</time>
    <extensions>
     <gpxtpx:TrackPointExtension>
      <gpxtpx:atemp>28</gpxtpx:atemp>
      <gpxtpx:hr>129</gpxtpx:hr>
      <gpxtpx:cad>81</gpxtpx:cad>
     </gpxtpx:TrackPointExtension>
    </extensions>
   </trkpt>
   <trkpt lat="12.9227830" lon="77.5208390">
    <ele>844.0</ele>
    <time>2026-07-31T00:26:42Z</time>
    <extensions>
     <gpxtpx:TrackPointExtension>
      <gpxtpx:atemp>28</gpxtpx:atemp>
      <gpxtpx:hr>130</gpxtpx:hr>
      <gpxtpx:cad>80</gpxtpx:cad>
     </gpxtpx:TrackPointExtension>
    </extensions>
   </trkpt>
   <trkpt lat="12.9227920" lon="77.5208680">
    <ele>844.0</ele>
    <time>2026-07-31T00:26:43Z</time>
    <extensions>
     <gpxtpx:TrackPointExtension>
      <gpxtpx:atemp>28</gpxtpx:atemp>
      <gpxtpx:hr>130</gpxtpx:hr>
      <gpxtpx:cad>79</gpxtpx:cad>
     </gpxtpx:TrackPointExtension>
    </extensions>
   </trkpt>
   <trkpt lat="12.9228100" lon="77.5209050">
    <ele>844.2</ele>
    <time>2026-07-31T00:26:45Z</time>
    <extensions>
     <gpxtpx:TrackPointExtension>
      <gpxtpx:atemp>28</gpxtpx:atemp>
      <gpxtpx:hr>131</gpxtpx:hr>
      <gpxtpx:cad>79</gpxtpx:cad>
     </gpxtpx:TrackPointExtension>
    </extensions>
   </trkpt>
   <trkpt lat="12.9228310" lon="77.5209220">
    <ele>844.2</ele>
    <time>2026-07-31T00:26:46Z</time>
    <extensions>
     <gpxtpx:TrackPointExtension>
      <gpxtpx:atemp>28</gpxtpx:atemp>
      <gpxtpx:hr>131</gpxtpx:hr>
      <gpxtpx:cad>79</gpxtpx:cad>
     </gpxtpx:TrackPointExtension>
    </extensions>
   </trkpt>
   <trkpt lat="12.9229570" lon="77.5209910">
    <ele>844.6</ele>
    <time>2026-07-31T00:26:50Z</time>
    <extensions>
     <gpxtpx:TrackPointExtension>
      <gpxtpx:atemp>28</gpxtpx:atemp>
      <gpxtpx:hr>132</gpxtpx:hr>
      <gpxtpx:cad>80</gpxtpx:cad>
     </gpxtpx:TrackPointExtension>
    </extensions>
   </trkpt>
   <trkpt lat="12.9230000" lon="77.5210180">
    <ele>845.0</ele>
    <time>2026-07-31T00:26:52Z</time>
    <extensions>
     <gpxtpx:TrackPointExtension>
      <gpxtpx:atemp>28</gpxtpx:atemp>
      <gpxtpx:hr>133</gpxtpx:hr>
      <gpxtpx:cad>79</gpxtpx:cad>
     </gpxtpx:TrackPointExtension>
    </extensions>
   </trkpt>
   <trkpt lat="12.9230140" lon="77.5210260">
    <ele>845.2</ele>
    <time>2026-07-31T00:26:53Z</time>
    <extensions>
     <gpxtpx:TrackPointExtension>
      <gpxtpx:atemp>28</gpxtpx:atemp>
      <gpxtpx:hr>134</gpxtpx:hr>
      <gpxtpx:cad>79</gpxtpx:cad>
     </gpxtpx:TrackPointExtension>
    </extensions>
   </trkpt>
   <trkpt lat="12.9230460" lon="77.5210490">
    <ele>845.6</ele>
    <time>2026-07-31T00:26:55Z</time>
    <extensions>
     <gpxtpx:TrackPointExtension>
      <gpxtpx:atemp>28</gpxtpx:atemp>
      <gpxtpx:hr>132</gpxtpx:hr>
      <gpxtpx:cad>77</gpxtpx:cad>
     </gpxtpx:TrackPointExtension>
    </extensions>
   </trkpt>
   <trkpt lat="12.9231140" lon="77.5211060">
    <ele>846.0</ele>
    <time>2026-07-31T00:26:58Z</time>
    <extensions>
     <gpxtpx:TrackPointExtension>
      <gpxtpx:atemp>29</gpxtpx:atemp>
      <gpxtpx:hr>136</gpxtpx:hr>
      <gpxtpx:cad>75</gpxtpx:cad>
     </gpxtpx:TrackPointExtension>
    </extensions>
   </trkpt>
   <trkpt lat="12.9231440" lon="77.5211240">
    <ele>846.2</ele>
    <time>2026-07-31T00:26:59Z</time>
    <extensions>
     <gpxtpx:TrackPointExtension>
      <gpxtpx:atemp>28</gpxtpx:atemp>
      <gpxtpx:hr>136</gpxtpx:hr>
      <gpxtpx:cad>75</gpxtpx:cad>
     </gpxtpx:TrackPointExtension>
    </extensions>
   </trkpt>
   <trkpt lat="12.9231940" lon="77.5211360">
    <ele>846.4</ele>
    <time>2026-07-31T00:27:01Z</time>
    <extensions>
     <gpxtpx:TrackPointExtension>
      <gpxtpx:atemp>28</gpxtpx:atemp>
      <gpxtpx:hr>137</gpxtpx:hr>
      <gpxtpx:cad>76</gpxtpx:cad>
     </gpxtpx:TrackPointExtension>
    </extensions>
   </trkpt>
   <trkpt lat="12.9233000" lon="77.5211530">
    <ele>847.2</ele>
    <time>2026-07-31T00:27:06Z</time>
    <extensions>
     <gpxtpx:TrackPointExtension>
      <gpxtpx:atemp>28</gpxtpx:atemp>
      <gpxtpx:hr>139</gpxtpx:hr>
      <gpxtpx:cad>76</gpxtpx:cad>
     </gpxtpx:TrackPointExtension>
    </extensions>
   </trkpt>
   <trkpt lat="12.9233730" lon="77.5211840">
    <ele>847.6</ele>
    <time>2026-07-31T00:27:09Z</time>
    <extensions>
     <gpxtpx:TrackPointExtension>
      <gpxtpx:atemp>28</gpxtpx:atemp>
      <gpxtpx:hr>140</gpxtpx:hr>
      <gpxtpx:cad>76</gpxtpx:cad>
     </gpxtpx:TrackPointExtension>
    </extensions>
   </trkpt>
   <trkpt lat="12.9235040" lon="77.5212260">
    <ele>847.8</ele>
    <time>2026-07-31T00:27:14Z</time>
    <extensions>
     <gpxtpx:TrackPointExtension>
      <gpxtpx:atemp>28</gpxtpx:atemp>
      <gpxtpx:hr>143</gpxtpx:hr>
      <gpxtpx:cad>79</gpxtpx:cad>
     </gpxtpx:TrackPointExtension>
    </extensions>
   </trkpt>
   <trkpt lat="12.9235900" lon="77.5212530">
    <ele>848.0</ele>
    <time>2026-07-31T00:27:18Z</time>
    <extensions>
     <gpxtpx:TrackPointExtension>
      <gpxtpx:atemp>28</gpxtpx:atemp>
      <gpxtpx:hr>142</gpxtpx:hr>
      <gpxtpx:cad>78</gpxtpx:cad>
     </gpxtpx:TrackPointExtension>
    </extensions>
   </trkpt>
   <trkpt lat="12.9236340" lon="77.5212870">
    <ele>848.2</ele>
    <time>2026-07-31T00:27:20Z</time>
    <extensions>
     <gpxtpx:TrackPointExtension>
      <gpxtpx:atemp>28</gpxtpx:atemp>
      <gpxtpx:hr>143</gpxtpx:hr>
      <gpxtpx:cad>78</gpxtpx:cad>
     </gpxtpx:TrackPointExtension>
    </extensions>
   </trkpt>
   <trkpt lat="12.9237570" lon="77.5213490">
    <ele>849.0</ele>
    <time>2026-07-31T00:27:26Z</time>
    <extensions>
     <gpxtpx:TrackPointExtension>
      <gpxtpx:atemp>28</gpxtpx:atemp>
      <gpxtpx:hr>143</gpxtpx:hr>
      <gpxtpx:cad>77</gpxtpx:cad>
     </gpxtpx:TrackPointExtension>
    </extensions>
   </trkpt>
   <trkpt lat="12.9237950" lon="77.5213390">
    <ele>849.2</ele>
    <time>2026-07-31T00:27:28Z</time>
    <extensions>
     <gpxtpx:TrackPointExtension>
      <gpxtpx:atemp>28</gpxtpx:atemp>
      <gpxtpx:hr>142</gpxtpx:hr>
      <gpxtpx:cad>78</gpxtpx:cad>
     </gpxtpx:TrackPointExtension>
    </extensions>
   </trkpt>
   <trkpt lat="12.9238020" lon="77.5213400">
    <ele>849.4</ele>
    <time>2026-07-31T00:27:30Z</time>
    <extensions>
     <gpxtpx:TrackPointExtension>
      <gpxtpx:atemp>28</gpxtpx:atemp>
      <gpxtpx:hr>141</gpxtpx:hr>
      <gpxtpx:cad>76</gpxtpx:cad>
     </gpxtpx:TrackPointExtension>
    </extensions>
   </trkpt>
   <trkpt lat="12.9238330" lon="77.5213480">
    <ele>849.6</ele>
    <time>2026-07-31T00:27:37Z</time>
    <extensions>
     <gpxtpx:TrackPointExtension>
      <gpxtpx:atemp>28</gpxtpx:atemp>
      <gpxtpx:hr>140</gpxtpx:hr>
      <gpxtpx:cad>0</gpxtpx:cad>
     </gpxtpx:TrackPointExtension>
    </extensions>
   </trkpt>
   <trkpt lat="12.9239200" lon="77.5214150">
    <ele>849.6</ele>
    <time>2026-07-31T00:27:42Z</time>
    <extensions>
     <gpxtpx:TrackPointExtension>
      <gpxtpx:atemp>28</gpxtpx:atemp>
      <gpxtpx:hr>139</gpxtpx:hr>
      <gpxtpx:cad>81</gpxtpx:cad>
     </gpxtpx:TrackPointExtension>
    </extensions>
   </trkpt>
   <trkpt lat="12.9240300" lon="77.5215080">
    <ele>850.0</ele>
    <time>2026-07-31T00:27:47Z</time>
    <extensions>
     <gpxtpx:TrackPointExtension>
      <gpxtpx:atemp>28</gpxtpx:atemp>
      <gpxtpx:hr>139</gpxtpx:hr>
      <gpxtpx:cad>81</gpxtpx:cad>
     </gpxtpx:TrackPointExtension>
    </extensions>
   </trkpt>
   <trkpt lat="12.9241320" lon="77.5215540">
    <ele>850.2</ele>
    <time>2026-07-31T00:27:51Z</time>
    <extensions>
     <gpxtpx:TrackPointExtension>
      <gpxtpx:atemp>28</gpxtpx:atemp>
      <gpxtpx:hr>140</gpxtpx:hr>
      <gpxtpx:cad>81</gpxtpx:cad>
     </gpxtpx:TrackPointExtension>
    </extensions>
   </trkpt>
   <trkpt lat="12.9242290" lon="77.5215670">
    <ele>850.0</ele>
    <time>2026-07-31T00:27:55Z</time>
    <extensions>
     <gpxtpx:TrackPointExtension>
      <gpxtpx:atemp>28</gpxtpx:atemp>
      <gpxtpx:hr>143</gpxtpx:hr>
      <gpxtpx:cad>80</gpxtpx:cad>
     </gpxtpx:TrackPointExtension>
    </extensions>
   </trkpt>
   <trkpt lat="12.9242530" lon="77.5215750">
    <ele>850.0</ele>
    <time>2026-07-31T00:27:56Z</time>
    <extensions>
     <gpxtpx:TrackPointExtension>
      <gpxtpx:atemp>28</gpxtpx:atemp>
      <gpxtpx:hr>144</gpxtpx:hr>
      <gpxtpx:cad>80</gpxtpx:cad>
     </gpxtpx:TrackPointExtension>
    </extensions>
   </trkpt>
   <trkpt lat="12.9242680" lon="77.5215850">
    <ele>850.0</ele>
    <time>2026-07-31T00:27:57Z</time>
    <extensions>
     <gpxtpx:TrackPointExtension>
      <gpxtpx:atemp>28</gpxtpx:atemp>
      <gpxtpx:hr>145</gpxtpx:hr>
      <gpxtpx:cad>80</gpxtpx:cad>
     </gpxtpx:TrackPointExtension>
    </extensions>
   </trkpt>
   <trkpt lat="12.9243450" lon="77.5216090">
    <ele>850.0</ele>
    <time>2026-07-31T00:28:00Z</time>
    <extensions>
     <gpxtpx:TrackPointExtension>
      <gpxtpx:atemp>28</gpxtpx:atemp>
      <gpxtpx:hr>146</gpxtpx:hr>
      <gpxtpx:cad>80</gpxtpx:cad>
     </gpxtpx:TrackPointExtension>
    </extensions>
   </trkpt>
   <trkpt lat="12.9243620" lon="77.5216290">
    <ele>850.0</ele>
    <time>2026-07-31T00:28:01Z</time>
    <extensions>
     <gpxtpx:TrackPointExtension>
      <gpxtpx:atemp>28</gpxtpx:atemp>
      <gpxtpx:hr>146</gpxtpx:hr>
      <gpxtpx:cad>80</gpxtpx:cad>
     </gpxtpx:TrackPointExtension>
    </extensions>
   </trkpt>
   <trkpt lat="12.9244180" lon="77.5216970">
    <ele>850.0</ele>
    <time>2026-07-31T00:28:04Z</time>
    <extensions>
     <gpxtpx:TrackPointExtension>
      <gpxtpx:atemp>28</gpxtpx:atemp>
      <gpxtpx:hr>147</gpxtpx:hr>
      <gpxtpx:cad>81</gpxtpx:cad>
     </gpxtpx:TrackPointExtension>
    </extensions>
   </trkpt>
   <trkpt lat="12.9244340" lon="77.5217120">
    <ele>850.0</ele>
    <time>2026-07-31T00:28:05Z</time>
    <extensions>
     <gpxtpx:TrackPointExtension>
      <gpxtpx:atemp>28</gpxtpx:atemp>
      <gpxtpx:hr>147</gpxtpx:hr>
      <gpxtpx:cad>81</gpxtpx:cad>
     </gpxtpx:TrackPointExtension>
    </extensions>
   </trkpt>
   <trkpt lat="12.9245130" lon="77.5217330">
    <ele>850.0</ele>
    <time>2026-07-31T00:28:08Z</time>
    <extensions>
     <gpxtpx:TrackPointExtension>
      <gpxtpx:atemp>28</gpxtpx:atemp>
      <gpxtpx:hr>147</gpxtpx:hr>
      <gpxtpx:cad>82</gpxtpx:cad>
     </gpxtpx:TrackPointExtension>
    </extensions>
   </trkpt>
   <trkpt lat="12.9246140" lon="77.5217540">
    <ele>850.2</ele>
    <time>2026-07-31T00:28:12Z</time>
    <extensions>
     <gpxtpx:TrackPointExtension>
      <gpxtpx:atemp>28</gpxtpx:atemp>
      <gpxtpx:hr>147</gpxtpx:hr>
      <gpxtpx:cad>81</gpxtpx:cad>
     </gpxtpx:TrackPointExtension>
    </extensions>
   </trkpt>
   <trkpt lat="12.9247610" lon="77.5217970">
    <ele>849.8</ele>
    <time>2026-07-31T00:28:19Z</time>
    <extensions>
     <gpxtpx:TrackPointExtension>
      <gpxtpx:atemp>28</gpxtpx:atemp>
      <gpxtpx:hr>145</gpxtpx:hr>
      <gpxtpx:cad>82</gpxtpx:cad>
     </gpxtpx:TrackPointExtension>
    </extensions>
   </trkpt>
   <trkpt lat="12.9248210" lon="77.5218030">
    <ele>849.8</ele>
    <time>2026-07-31T00:28:22Z</time>
    <extensions>
     <gpxtpx:TrackPointExtension>
      <gpxtpx:atemp>28</gpxtpx:atemp>
      <gpxtpx:hr>148</gpxtpx:hr>
      <gpxtpx:cad>82</gpxtpx:cad>
     </gpxtpx:TrackPointExtension>
    </extensions>
   </trkpt>
   <trkpt lat="12.9249120" lon="77.5218450">
    <ele>849.6</ele>
    <time>2026-07-31T00:28:25Z</time>
    <extensions>
     <gpxtpx:TrackPointExtension>
      <gpxtpx:atemp>28</gpxtpx:atemp>
      <gpxtpx:hr>147</gpxtpx:hr>
      <gpxtpx:cad>81</gpxtpx:cad>
     </gpxtpx:TrackPointExtension>
    </extensions>
   </trkpt>
   <trkpt lat="12.9250270" lon="77.5218690">
    <ele>849.2</ele>
    <time>2026-07-31T00:28:29Z</time>
    <extensions>
     <gpxtpx:TrackPointExtension>
      <gpxtpx:atemp>28</gpxtpx:atemp>
      <gpxtpx:hr>145</gpxtpx:hr>
      <gpxtpx:cad>81</gpxtpx:cad>
     </gpxtpx:TrackPointExtension>
    </extensions>
   </trkpt>
   <trkpt lat="12.9250400" lon="77.5218740">
    <ele>849.2</ele>
    <time>2026-07-31T00:28:30Z</time>
    <extensions>
     <gpxtpx:TrackPointExtension>
      <gpxtpx:atemp>28</gpxtpx:atemp>
      <gpxtpx:hr>144</gpxtpx:hr>
      <gpxtpx:cad>80</gpxtpx:cad>
     </gpxtpx:TrackPointExtension>
    </extensions>
   </trkpt>
   <trkpt lat="12.9252060" lon="77.5218940">
    <ele>849.2</ele>
    <time>2026-07-31T00:28:36Z</time>
    <extensions>
     <gpxtpx:TrackPointExtension>
      <gpxtpx:atemp>28</gpxtpx:atemp>
      <gpxtpx:hr>142</gpxtpx:hr>
      <gpxtpx:cad>80</gpxtpx:cad>
     </gpxtpx:TrackPointExtension>
    </extensions>
   </trkpt>
   <trkpt lat="12.9252330" lon="77.5219140">
    <ele>849.2</ele>
    <time>2026-07-31T00:28:37Z</time>
    <extensions>
     <gpxtpx:TrackPointExtension>
      <gpxtpx:atemp>28</gpxtpx:atemp>
      <gpxtpx:hr>144</gpxtpx:hr>
      <gpxtpx:cad>80</gpxtpx:cad>
     </gpxtpx:TrackPointExtension>
    </extensions>
   </trkpt>
   <trkpt lat="12.9253050" lon="77.5219330">
    <ele>849.0</ele>
    <time>2026-07-31T00:28:41Z</time>
    <extensions>
     <gpxtpx:TrackPointExtension>
      <gpxtpx:atemp>28</gpxtpx:atemp>
      <gpxtpx:hr>145</gpxtpx:hr>
      <gpxtpx:cad>81</gpxtpx:cad>
     </gpxtpx:TrackPointExtension>
    </extensions>
   </trkpt>
   <trkpt lat="12.9254750" lon="77.5219840">
    <ele>849.4</ele>
    <time>2026-07-31T00:28:47Z</time>
    <extensions>
     <gpxtpx:TrackPointExtension>
      <gpxtpx:atemp>28</gpxtpx:atemp>
      <gpxtpx:hr>145</gpxtpx:hr>
      <gpxtpx:cad>81</gpxtpx:cad>
     </gpxtpx:TrackPointExtension>
    </extensions>
   </trkpt>
   <trkpt lat="12.9256360" lon="77.5220450">
    <ele>849.2</ele>
    <time>2026-07-31T00:28:53Z</time>
    <extensions>
     <gpxtpx:TrackPointExtension>
      <gpxtpx:atemp>28</gpxtpx:atemp>
      <gpxtpx:hr>144</gpxtpx:hr>
      <gpxtpx:cad>80</gpxtpx:cad>
     </gpxtpx:TrackPointExtension>
    </extensions>
   </trkpt>
   <trkpt lat="12.9257930" lon="77.5221240">
    <ele>849.0</ele>
    <time>2026-07-31T00:28:59Z</time>
    <extensions>
     <gpxtpx:TrackPointExtension>
      <gpxtpx:atemp>28</gpxtpx:atemp>
      <gpxtpx:hr>146</gpxtpx:hr>
      <gpxtpx:cad>80</gpxtpx:cad>
     </gpxtpx:TrackPointExtension>
    </extensions>
   </trkpt>
   <trkpt lat="12.9258330" lon="77.5221220">
    <ele>849.0</ele>
    <time>2026-07-31T00:29:01Z</time>
    <extensions>
     <gpxtpx:TrackPointExtension>
      <gpxtpx:atemp>28</gpxtpx:atemp>
      <gpxtpx:hr>147</gpxtpx:hr>
      <gpxtpx:cad>80</gpxtpx:cad>
     </gpxtpx:TrackPointExtension>
    </extensions>
   </trkpt>
   <trkpt lat="12.9258690" lon="77.5220950">
    <ele>848.8</ele>
    <time>2026-07-31T00:29:03Z</time>
    <extensions>
     <gpxtpx:TrackPointExtension>
      <gpxtpx:atemp>28</gpxtpx:atemp>
      <gpxtpx:hr>147</gpxtpx:hr>
      <gpxtpx:cad>79</gpxtpx:cad>
     </gpxtpx:TrackPointExtension>
    </extensions>
   </trkpt>
   <trkpt lat="12.9258990" lon="77.5219810">
    <ele>848.2</ele>
    <time>2026-07-31T00:29:07Z</time>
    <extensions>
     <gpxtpx:TrackPointExtension>
      <gpxtpx:atemp>27</gpxtpx:atemp>
      <gpxtpx:hr>147</gpxtpx:hr>
      <gpxtpx:cad>80</gpxtpx:cad>
     </gpxtpx:TrackPointExtension>
    </extensions>
   </trkpt>
   <trkpt lat="12.9259910" lon="77.5218450">
    <ele>847.6</ele>
    <time>2026-07-31T00:29:12Z</time>
    <extensions>
     <gpxtpx:TrackPointExtension>
      <gpxtpx:atemp>28</gpxtpx:atemp>
      <gpxtpx:hr>147</gpxtpx:hr>
      <gpxtpx:cad>81</gpxtpx:cad>
     </gpxtpx:TrackPointExtension>
    </extensions>
   </trkpt>
   <trkpt lat="12.9260120" lon="77.5217880">
    <ele>847.2</ele>
    <time>2026-07-31T00:29:14Z</time>
    <extensions>
     <gpxtpx:TrackPointExtension>
      <gpxtpx:atemp>27</gpxtpx:atemp>
      <gpxtpx:hr>149</gpxtpx:hr>
      <gpxtpx:cad>81</gpxtpx:cad>
     </gpxtpx:TrackPointExtension>
    </extensions>
   </trkpt>
   <trkpt lat="12.9260300" lon="77.5216750">
    <ele>846.6</ele>
    <time>2026-07-31T00:29:18Z</time>
    <extensions>
     <gpxtpx:TrackPointExtension>
      <gpxtpx:atemp>27</gpxtpx:atemp>
      <gpxtpx:hr>150</gpxtpx:hr>
      <gpxtpx:cad>82</gpxtpx:cad>
     </gpxtpx:TrackPointExtension>
    </extensions>
   </trkpt>
   <trkpt lat="12.9260280" lon="77.5216140">
    <ele>846.6</ele>
    <time>2026-07-31T00:29:20Z</time>
    <extensions>
     <gpxtpx:TrackPointExtension>
      <gpxtpx:atemp>27</gpxtpx:atemp>
      <gpxtpx:hr>148</gpxtpx:hr>
      <gpxtpx:cad>81</gpxtpx:cad>
     </gpxtpx:TrackPointExtension>
    </extensions>
   </trkpt>
   <trkpt lat="12.9260610" lon="77.5215210">
    <ele>846.2</ele>
    <time>2026-07-31T00:29:24Z</time>
    <extensions>
     <gpxtpx:TrackPointExtension>
      <gpxtpx:atemp>27</gpxtpx:atemp>
      <gpxtpx:hr>146</gpxtpx:hr>
      <gpxtpx:cad>80</gpxtpx:cad>
     </gpxtpx:TrackPointExtension>
    </extensions>
   </trkpt>
   <trkpt lat="12.9261430" lon="77.5213810">
    <ele>845.4</ele>
    <time>2026-07-31T00:29:31Z</time>
    <extensions>
     <gpxtpx:TrackPointExtension>
      <gpxtpx:atemp>27</gpxtpx:atemp>
      <gpxtpx:hr>144</gpxtpx:hr>
      <gpxtpx:cad>79</gpxtpx:cad>
     </gpxtpx:TrackPointExtension>
    </extensions>
   </trkpt>
   <trkpt lat="12.9261790" lon="77.5213260">
    <ele>845.0</ele>
    <time>2026-07-31T00:29:36Z</time>
    <extensions>
     <gpxtpx:TrackPointExtension>
      <gpxtpx:atemp>27</gpxtpx:atemp>
      <gpxtpx:hr>143</gpxtpx:hr>
      <gpxtpx:cad>78</gpxtpx:cad>
     </gpxtpx:TrackPointExtension>
    </extensions>
   </trkpt>
   <trkpt lat="12.9261930" lon="77.5213100">
    <ele>844.8</ele>
    <time>2026-07-31T00:29:37Z</time>
    <extensions>
     <gpxtpx:TrackPointExtension>
      <gpxtpx:atemp>27</gpxtpx:atemp>
      <gpxtpx:hr>143</gpxtpx:hr>
      <gpxtpx:cad>78</gpxtpx:cad>
     </gpxtpx:TrackPointExtension>
    </extensions>
   </trkpt>
   <trkpt lat="12.9261990" lon="77.5212870">
    <ele>844.8</ele>
    <time>2026-07-31T00:29:38Z</time>
    <extensions>
     <gpxtpx:TrackPointExtension>
      <gpxtpx:atemp>27</gpxtpx:atemp>
      <gpxtpx:hr>144</gpxtpx:hr>
      <gpxtpx:cad>78</gpxtpx:cad>
     </gpxtpx:TrackPointExtension>
    </extensions>
   </trkpt>
   <trkpt lat="12.9262490" lon="77.5212060">
    <ele>844.2</ele>
    <time>2026-07-31T00:29:42Z</time>
    <extensions>
     <gpxtpx:TrackPointExtension>
      <gpxtpx:atemp>27</gpxtpx:atemp>
      <gpxtpx:hr>144</gpxtpx:hr>
      <gpxtpx:cad>77</gpxtpx:cad>
     </gpxtpx:TrackPointExtension>
    </extensions>
   </trkpt>
   <trkpt lat="12.9262580" lon="77.5211430">
    <ele>843.8</ele>
    <time>2026-07-31T00:29:44Z</time>
    <extensions>
     <gpxtpx:TrackPointExtension>
      <gpxtpx:atemp>27</gpxtpx:atemp>
      <gpxtpx:hr>143</gpxtpx:hr>
      <gpxtpx:cad>77</gpxtpx:cad>
     </gpxtpx:TrackPointExtension>
    </extensions>
   </trkpt>
   <trkpt lat="12.9262730" lon="77.5210350">
    <ele>843.2</ele>
    <time>2026-07-31T00:29:47Z</time>
    <extensions>
     <gpxtpx:TrackPointExtension>
      <gpxtpx:atemp>27</gpxtpx:atemp>
      <gpxtpx:hr>142</gpxtpx:hr>
      <gpxtpx:cad>77</gpxtpx:cad>
     </gpxtpx:TrackPointExtension>
    </extensions>
   </trkpt>
   <trkpt lat="12.9262760" lon="77.5209990">
    <ele>843.2</ele>
    <time>2026-07-31T00:29:48Z</time>
    <extensions>
     <gpxtpx:TrackPointExtension>
      <gpxtpx:atemp>27</gpxtpx:atemp>
      <gpxtpx:hr>144</gpxtpx:hr>
      <gpxtpx:cad>77</gpxtpx:cad>
     </gpxtpx:TrackPointExtension>
    </extensions>
   </trkpt>
   <trkpt lat="12.9262850" lon="77.5209170">
    <ele>842.8</ele>
    <time>2026-07-31T00:29:50Z</time>
    <extensions>
     <gpxtpx:TrackPointExtension>
      <gpxtpx:atemp>27</gpxtpx:atemp>
      <gpxtpx:hr>143</gpxtpx:hr>
      <gpxtpx:cad>77</gpxtpx:cad>
     </gpxtpx:TrackPointExtension>
    </extensions>
   </trkpt>
   <trkpt lat="12.9263010" lon="77.5207630">
    <ele>841.8</ele>
    <time>2026-07-31T00:29:55Z</time>
    <extensions>
     <gpxtpx:TrackPointExtension>
      <gpxtpx:atemp>27</gpxtpx:atemp>
      <gpxtpx:hr>144</gpxtpx:hr>
      <gpxtpx:cad>78</gpxtpx:cad>
     </gpxtpx:TrackPointExtension>
    </extensions>
   </trkpt>
   <trkpt lat="12.9263040" lon="77.5207280">
    <ele>841.6</ele>
    <time>2026-07-31T00:29:57Z</time>
    <extensions>
     <gpxtpx:TrackPointExtension>
      <gpxtpx:atemp>27</gpxtpx:atemp>
      <gpxtpx:hr>145</gpxtpx:hr>
      <gpxtpx:cad>79</gpxtpx:cad>
     </gpxtpx:TrackPointExtension>
    </extensions>
   </trkpt>
   <trkpt lat="12.9263310" lon="77.5205950">
    <ele>841.0</ele>
    <time>2026-07-31T00:30:02Z</time>
    <extensions>
     <gpxtpx:TrackPointExtension>
      <gpxtpx:atemp>27</gpxtpx:atemp>
      <gpxtpx:hr>144</gpxtpx:hr>
      <gpxtpx:cad>78</gpxtpx:cad>
     </gpxtpx:TrackPointExtension>
    </extensions>
   </trkpt>
   <trkpt lat="12.9263980" lon="77.5204140">
    <ele>841.0</ele>
    <time>2026-07-31T00:30:09Z</time>
    <extensions>
     <gpxtpx:TrackPointExtension>
      <gpxtpx:atemp>27</gpxtpx:atemp>
      <gpxtpx:hr>144</gpxtpx:hr>
      <gpxtpx:cad>78</gpxtpx:cad>
     </gpxtpx:TrackPointExtension>
    </extensions>
   </trkpt>
   <trkpt lat="12.9264150" lon="77.5203770">
    <ele>841.0</ele>
    <time>2026-07-31T00:30:11Z</time>
    <extensions>
     <gpxtpx:TrackPointExtension>
      <gpxtpx:atemp>27</gpxtpx:atemp>
      <gpxtpx:hr>145</gpxtpx:hr>
      <gpxtpx:cad>78</gpxtpx:cad>
     </gpxtpx:TrackPointExtension>
    </extensions>
   </trkpt>
   <trkpt lat="12.9264860" lon="77.5202360">
    <ele>841.2</ele>
    <time>2026-07-31T00:30:18Z</time>
    <extensions>
     <gpxtpx:TrackPointExtension>
      <gpxtpx:atemp>27</gpxtpx:atemp>
      <gpxtpx:hr>144</gpxtpx:hr>
      <gpxtpx:cad>78</gpxtpx:cad>
     </gpxtpx:TrackPointExtension>
    </extensions>
   </trkpt>
   <trkpt lat="12.9264870" lon="77.5202090">
    <ele>841.2</ele>
    <time>2026-07-31T00:30:19Z</time>
    <extensions>
     <gpxtpx:TrackPointExtension>
      <gpxtpx:atemp>27</gpxtpx:atemp>
      <gpxtpx:hr>142</gpxtpx:hr>
      <gpxtpx:cad>78</gpxtpx:cad>
     </gpxtpx:TrackPointExtension>
    </extensions>
   </trkpt>
   <trkpt lat="12.9265360" lon="77.5200860">
    <ele>842.2</ele>
    <time>2026-07-31T00:30:24Z</time>
    <extensions>
     <gpxtpx:TrackPointExtension>
      <gpxtpx:atemp>27</gpxtpx:atemp>
      <gpxtpx:hr>144</gpxtpx:hr>
      <gpxtpx:cad>75</gpxtpx:cad>
     </gpxtpx:TrackPointExtension>
    </extensions>
   </trkpt>
   <trkpt lat="12.9265680" lon="77.5199800">
    <ele>842.8</ele>
    <time>2026-07-31T00:30:28Z</time>
    <extensions>
     <gpxtpx:TrackPointExtension>
      <gpxtpx:atemp>27</gpxtpx:atemp>
      <gpxtpx:hr>145</gpxtpx:hr>
      <gpxtpx:cad>74</gpxtpx:cad>
     </gpxtpx:TrackPointExtension>
    </extensions>
   </trkpt>
   <trkpt lat="12.9265850" lon="77.5198930">
    <ele>843.2</ele>
    <time>2026-07-31T00:30:32Z</time>
    <extensions>
     <gpxtpx:TrackPointExtension>
      <gpxtpx:atemp>27</gpxtpx:atemp>
      <gpxtpx:hr>148</gpxtpx:hr>
      <gpxtpx:cad>75</gpxtpx:cad>
     </gpxtpx:TrackPointExtension>
    </extensions>
   </trkpt>
   <trkpt lat="12.9265840" lon="77.5198470">
    <ele>843.4</ele>
    <time>2026-07-31T00:30:34Z</time>
    <extensions>
     <gpxtpx:TrackPointExtension>
      <gpxtpx:atemp>27</gpxtpx:atemp>
      <gpxtpx:hr>148</gpxtpx:hr>
      <gpxtpx:cad>76</gpxtpx:cad>
     </gpxtpx:TrackPointExtension>
    </extensions>
   </trkpt>
   <trkpt lat="12.9265930" lon="77.5198020">
    <ele>843.6</ele>
    <time>2026-07-31T00:30:37Z</time>
    <extensions>
     <gpxtpx:TrackPointExtension>
      <gpxtpx:atemp>27</gpxtpx:atemp>
      <gpxtpx:hr>148</gpxtpx:hr>
      <gpxtpx:cad>75</gpxtpx:cad>
     </gpxtpx:TrackPointExtension>
    </extensions>
   </trkpt>
   <trkpt lat="12.9265960" lon="77.5197990">
    <ele>843.8</ele>
    <time>2026-07-31T00:30:38Z</time>
    <extensions>
     <gpxtpx:TrackPointExtension>
      <gpxtpx:atemp>27</gpxtpx:atemp>
      <gpxtpx:hr>151</gpxtpx:hr>
      <gpxtpx:cad>76</gpxtpx:cad>
     </gpxtpx:TrackPointExtension>
    </extensions>
   </trkpt>
   <trkpt lat="12.9265990" lon="77.5197890">
    <ele>843.8</ele>
    <time>2026-07-31T00:30:39Z</time>
    <extensions>
     <gpxtpx:TrackPointExtension>
      <gpxtpx:atemp>27</gpxtpx:atemp>
      <gpxtpx:hr>151</gpxtpx:hr>
      <gpxtpx:cad>77</gpxtpx:cad>
     </gpxtpx:TrackPointExtension>
    </extensions>
   </trkpt>
   <trkpt lat="12.9265950" lon="77.5196750">
    <ele>844.8</ele>
    <time>2026-07-31T00:30:44Z</time>
    <extensions>
     <gpxtpx:TrackPointExtension>
      <gpxtpx:atemp>27</gpxtpx:atemp>
      <gpxtpx:hr>148</gpxtpx:hr>
      <gpxtpx:cad>75</gpxtpx:cad>
     </gpxtpx:TrackPointExtension>
    </extensions>
   </trkpt>
   <trkpt lat="12.9266040" lon="77.5196440">
    <ele>845.0</ele>
    <time>2026-07-31T00:30:45Z</time>
    <extensions>
     <gpxtpx:TrackPointExtension>
      <gpxtpx:atemp>27</gpxtpx:atemp>
      <gpxtpx:hr>148</gpxtpx:hr>
      <gpxtpx:cad>75</gpxtpx:cad>
     </gpxtpx:TrackPointExtension>
    </extensions>
   </trkpt>
   <trkpt lat="12.9266580" lon="77.5194750">
    <ele>846.0</ele>
    <time>2026-07-31T00:30:52Z</time>
    <extensions>
     <gpxtpx:TrackPointExtension>
      <gpxtpx:atemp>27</gpxtpx:atemp>
      <gpxtpx:hr>151</gpxtpx:hr>
      <gpxtpx:cad>74</gpxtpx:cad>
     </gpxtpx:TrackPointExtension>
    </extensions>
   </trkpt>
   <trkpt lat="12.9267150" lon="77.5193210">
    <ele>846.6</ele>
    <time>2026-07-31T00:30:59Z</time>
    <extensions>
     <gpxtpx:TrackPointExtension>
      <gpxtpx:atemp>27</gpxtpx:atemp>
      <gpxtpx:hr>152</gpxtpx:hr>
      <gpxtpx:cad>75</gpxtpx:cad>
     </gpxtpx:TrackPointExtension>
    </extensions>
   </trkpt>
   <trkpt lat="12.9267530" lon="77.5192570">
    <ele>847.0</ele>
    <time>2026-07-31T00:31:03Z</time>
    <extensions>
     <gpxtpx:TrackPointExtension>
      <gpxtpx:atemp>27</gpxtpx:atemp>
      <gpxtpx:hr>155</gpxtpx:hr>
      <gpxtpx:cad>76</gpxtpx:cad>
     </gpxtpx:TrackPointExtension>
    </extensions>
   </trkpt>
   <trkpt lat="12.9267610" lon="77.5192420">
    <ele>847.0</ele>
    <time>2026-07-31T00:31:04Z</time>
    <extensions>
     <gpxtpx:TrackPointExtension>
      <gpxtpx:atemp>27</gpxtpx:atemp>
      <gpxtpx:hr>153</gpxtpx:hr>
      <gpxtpx:cad>76</gpxtpx:cad>
     </gpxtpx:TrackPointExtension>
    </extensions>
   </trkpt>
   <trkpt lat="12.9267960" lon="77.5192100">
    <ele>847.2</ele>
    <time>2026-07-31T00:31:07Z</time>
    <extensions>
     <gpxtpx:TrackPointExtension>
      <gpxtpx:atemp>26</gpxtpx:atemp>
      <gpxtpx:hr>155</gpxtpx:hr>
      <gpxtpx:cad>76</gpxtpx:cad>
     </gpxtpx:TrackPointExtension>
    </extensions>
   </trkpt>
   <trkpt lat="12.9268040" lon="77.5191700">
    <ele>847.2</ele>
    <time>2026-07-31T00:31:09Z</time>
    <extensions>
     <gpxtpx:TrackPointExtension>
      <gpxtpx:atemp>26</gpxtpx:atemp>
      <gpxtpx:hr>155</gpxtpx:hr>
      <gpxtpx:cad>76</gpxtpx:cad>
     </gpxtpx:TrackPointExtension>
    </extensions>
   </trkpt>
   <trkpt lat="12.9268060" lon="77.5191190">
    <ele>847.2</ele>
    <time>2026-07-31T00:31:12Z</time>
    <extensions>
     <gpxtpx:TrackPointExtension>
      <gpxtpx:atemp>26</gpxtpx:atemp>
      <gpxtpx:hr>155</gpxtpx:hr>
      <gpxtpx:cad>77</gpxtpx:cad>
     </gpxtpx:TrackPointExtension>
    </extensions>
   </trkpt>
   <trkpt lat="12.9268130" lon="77.5190760">
    <ele>847.4</ele>
    <time>2026-07-31T00:31:14Z</time>
    <extensions>
     <gpxtpx:TrackPointExtension>
      <gpxtpx:atemp>27</gpxtpx:atemp>
      <gpxtpx:hr>155</gpxtpx:hr>
      <gpxtpx:cad>75</gpxtpx:cad>
     </gpxtpx:TrackPointExtension>
    </extensions>
   </trkpt>
   <trkpt lat="12.9268310" lon="77.5189770">
    <ele>847.4</ele>
    <time>2026-07-31T00:31:17Z</time>
    <extensions>
     <gpxtpx:TrackPointExtension>
      <gpxtpx:atemp>26</gpxtpx:atemp>
      <gpxtpx:hr>157</gpxtpx:hr>
      <gpxtpx:cad>77</gpxtpx:cad>
     </gpxtpx:TrackPointExtension>
    </extensions>
   </trkpt>
   <trkpt lat="12.9268450" lon="77.5189540">
    <ele>847.6</ele>
    <time>2026-07-31T00:31:18Z</time>
    <extensions>
     <gpxtpx:TrackPointExtension>
      <gpxtpx:atemp>26</gpxtpx:atemp>
      <gpxtpx:hr>154</gpxtpx:hr>
      <gpxtpx:cad>77</gpxtpx:cad>
     </gpxtpx:TrackPointExtension>
    </extensions>
   </trkpt>
   <trkpt lat="12.9268730" lon="77.5188910">
    <ele>847.6</ele>
    <time>2026-07-31T00:31:20Z</time>
    <extensions>
     <gpxtpx:TrackPointExtension>
      <gpxtpx:atemp>26</gpxtpx:atemp>
      <gpxtpx:hr>157</gpxtpx:hr>
      <gpxtpx:cad>76</gpxtpx:cad>
     </gpxtpx:TrackPointExtension>
    </extensions>
   </trkpt>
   <trkpt lat="12.9269060" lon="77.5187920">
    <ele>847.4</ele>
    <time>2026-07-31T00:31:24Z</time>
    <extensions>
     <gpxtpx:TrackPointExtension>
      <gpxtpx:atemp>26</gpxtpx:atemp>
      <gpxtpx:hr>156</gpxtpx:hr>
      <gpxtpx:cad>77</gpxtpx:cad>
     </gpxtpx:TrackPointExtension>
    </extensions>
   </trkpt>
   <trkpt lat="12.9269690" lon="77.5186610">
    <ele>847.8</ele>
    <time>2026-07-31T00:31:31Z</time>
    <extensions>
     <gpxtpx:TrackPointExtension>
      <gpxtpx:atemp>26</gpxtpx:atemp>
      <gpxtpx:hr>157</gpxtpx:hr>
      <gpxtpx:cad>77</gpxtpx:cad>
     </gpxtpx:TrackPointExtension>
    </extensions>
   </trkpt>
   <trkpt lat="12.9269830" lon="77.5186170">
    <ele>848.0</ele>
    <time>2026-07-31T00:31:33Z</time>
    <extensions>
     <gpxtpx:TrackPointExtension>
      <gpxtpx:atemp>26</gpxtpx:atemp>
      <gpxtpx:hr>158</gpxtpx:hr>
      <gpxtpx:cad>78</gpxtpx:cad>
     </gpxtpx:TrackPointExtension>
    </extensions>
   </trkpt>
   <trkpt lat="12.9269910" lon="77.5185750">
    <ele>848.0</ele>
    <time>2026-07-31T00:31:35Z</time>
    <extensions>
     <gpxtpx:TrackPointExtension>
      <gpxtpx:atemp>26</gpxtpx:atemp>
      <gpxtpx:hr>159</gpxtpx:hr>
      <gpxtpx:cad>78</gpxtpx:cad>
     </gpxtpx:TrackPointExtension>
    </extensions>
   </trkpt>
   <trkpt lat="12.9269960" lon="77.5185540">
    <ele>848.0</ele>
    <time>2026-07-31T00:31:36Z</time>
    <extensions>
     <gpxtpx:TrackPointExtension>
      <gpxtpx:atemp>26</gpxtpx:atemp>
      <gpxtpx:hr>158</gpxtpx:hr>
      <gpxtpx:cad>78</gpxtpx:cad>
     </gpxtpx:TrackPointExtension>
    </extensions>
   </trkpt>
   <trkpt lat="12.9270050" lon="77.5185410">
    <ele>848.0</ele>
    <time>2026-07-31T00:31:37Z</time>
    <extensions>
     <gpxtpx:TrackPointExtension>
      <gpxtpx:atemp>26</gpxtpx:atemp>
      <gpxtpx:hr>157</gpxtpx:hr>
      <gpxtpx:cad>78</gpxtpx:cad>
     </gpxtpx:TrackPointExtension>
    </extensions>
   </trkpt>
   <trkpt lat="12.9270170" lon="77.5185280">
    <ele>847.8</ele>
    <time>2026-07-31T00:31:38Z</time>
    <extensions>
     <gpxtpx:TrackPointExtension>
      <gpxtpx:atemp>26</gpxtpx:atemp>
      <gpxtpx:hr>153</gpxtpx:hr>
      <gpxtpx:cad>78</gpxtpx:cad>
     </gpxtpx:TrackPointExtension>
    </extensions>
   </trkpt>
   <trkpt lat="12.9270230" lon="77.5185050">
    <ele>847.8</ele>
    <time>2026-07-31T00:31:39Z</time>
    <extensions>
     <gpxtpx:TrackPointExtension>
      <gpxtpx:atemp>26</gpxtpx:atemp>
      <gpxtpx:hr>152</gpxtpx:hr>
      <gpxtpx:cad>78</gpxtpx:cad>
     </gpxtpx:TrackPointExtension>
    </extensions>
   </trkpt>
   <trkpt lat="12.9270310" lon="77.5184840">
    <ele>847.8</ele>
    <time>2026-07-31T00:31:40Z</time>
    <extensions>
     <gpxtpx:TrackPointExtension>
      <gpxtpx:atemp>26</gpxtpx:atemp>
      <gpxtpx:hr>152</gpxtpx:hr>
      <gpxtpx:cad>78</gpxtpx:cad>
     </gpxtpx:TrackPointExtension>
    </extensions>
   </trkpt>
   <trkpt lat="12.9271050" lon="77.5183760">
    <ele>847.6</ele>
    <time>2026-07-31T00:31:46Z</time>
    <extensions>
     <gpxtpx:TrackPointExtension>
      <gpxtpx:atemp>26</gpxtpx:atemp>
      <gpxtpx:hr>152</gpxtpx:hr>
      <gpxtpx:cad>78</gpxtpx:cad>
     </gpxtpx:TrackPointExtension>
    </extensions>
   </trkpt>
   <trkpt lat="12.9271480" lon="77.5182940">
    <ele>847.8</ele>
    <time>2026-07-31T00:31:51Z</time>
    <extensions>
     <gpxtpx:TrackPointExtension>
      <gpxtpx:atemp>26</gpxtpx:atemp>
      <gpxtpx:hr>152</gpxtpx:hr>
      <gpxtpx:cad>78</gpxtpx:cad>
     </gpxtpx:TrackPointExtension>
    </extensions>
   </trkpt>
   <trkpt lat="12.9271940" lon="77.5181730">
    <ele>847.8</ele>
    <time>2026-07-31T00:31:56Z</time>
    <extensions>
     <gpxtpx:TrackPointExtension>
      <gpxtpx:atemp>26</gpxtpx:atemp>
      <gpxtpx:hr>151</gpxtpx:hr>
      <gpxtpx:cad>77</gpxtpx:cad>
     </gpxtpx:TrackPointExtension>
    </extensions>
   </trkpt>
   <trkpt lat="12.9272530" lon="77.5180100">
    <ele>847.4</ele>
    <time>2026-07-31T00:32:03Z</time>
    <extensions>
     <gpxtpx:TrackPointExtension>
      <gpxtpx:atemp>26</gpxtpx:atemp>
      <gpxtpx:hr>149</gpxtpx:hr>
      <gpxtpx:cad>75</gpxtpx:cad>
     </gpxtpx:TrackPointExtension>
    </extensions>
   </trkpt>
   <trkpt lat="12.9273080" lon="77.5179540">
    <ele>847.4</ele>
    <time>2026-07-31T00:32:08Z</time>
    <extensions>
     <gpxtpx:TrackPointExtension>
      <gpxtpx:atemp>26</gpxtpx:atemp>
      <gpxtpx:hr>148</gpxtpx:hr>
      <gpxtpx:cad>76</gpxtpx:cad>
     </gpxtpx:TrackPointExtension>
    </extensions>
   </trkpt>
   <trkpt lat="12.9273270" lon="77.5179430">
    <ele>847.4</ele>
    <time>2026-07-31T00:32:09Z</time>
    <extensions>
     <gpxtpx:TrackPointExtension>
      <gpxtpx:atemp>26</gpxtpx:atemp>
      <gpxtpx:hr>147</gpxtpx:hr>
      <gpxtpx:cad>78</gpxtpx:cad>
     </gpxtpx:TrackPointExtension>
    </extensions>
   </trkpt>
   <trkpt lat="12.9273390" lon="77.5178980">
    <ele>847.2</ele>
    <time>2026-07-31T00:32:11Z</time>
    <extensions>
     <gpxtpx:TrackPointExtension>
      <gpxtpx:atemp>26</gpxtpx:atemp>
      <gpxtpx:hr>146</gpxtpx:hr>
      <gpxtpx:cad>77</gpxtpx:cad>
     </gpxtpx:TrackPointExtension>
    </extensions>
   </trkpt>
   <trkpt lat="12.9273660" lon="77.5178610">
    <ele>847.2</ele>
    <time>2026-07-31T00:32:13Z</time>
    <extensions>
     <gpxtpx:TrackPointExtension>
      <gpxtpx:atemp>26</gpxtpx:atemp>
      <gpxtpx:hr>146</gpxtpx:hr>
      <gpxtpx:cad>77</gpxtpx:cad>
     </gpxtpx:TrackPointExtension>
    </extensions>
   </trkpt>
   <trkpt lat="12.9273880" lon="77.5178210">
    <ele>847.0</ele>
    <time>2026-07-31T00:32:15Z</time>
    <extensions>
     <gpxtpx:TrackPointExtension>
      <gpxtpx:atemp>26</gpxtpx:atemp>
      <gpxtpx:hr>146</gpxtpx:hr>
      <gpxtpx:cad>77</gpxtpx:cad>
     </gpxtpx:TrackPointExtension>
    </extensions>
   </trkpt>
   <trkpt lat="12.9274010" lon="77.5177110">
    <ele>847.0</ele>
    <time>2026-07-31T00:32:18Z</time>
    <extensions>
     <gpxtpx:TrackPointExtension>
      <gpxtpx:atemp>26</gpxtpx:atemp>
      <gpxtpx:hr>145</gpxtpx:hr>
      <gpxtpx:cad>78</gpxtpx:cad>
     </gpxtpx:TrackPointExtension>
    </extensions>
   </trkpt>
   <trkpt lat="12.9274500" lon="77.5175320">
    <ele>847.2</ele>
    <time>2026-07-31T00:32:25Z</time>
    <extensions>
     <gpxtpx:TrackPointExtension>
      <gpxtpx:atemp>26</gpxtpx:atemp>
      <gpxtpx:hr>145</gpxtpx:hr>
      <gpxtpx:cad>77</gpxtpx:cad>
     </gpxtpx:TrackPointExtension>
    </extensions>
   </trkpt>
   <trkpt lat="12.9274670" lon="77.5175100">
    <ele>847.2</ele>
    <time>2026-07-31T00:32:26Z</time>
    <extensions>
     <gpxtpx:TrackPointExtension>
      <gpxtpx:atemp>26</gpxtpx:atemp>
      <gpxtpx:hr>145</gpxtpx:hr>
      <gpxtpx:cad>77</gpxtpx:cad>
     </gpxtpx:TrackPointExtension>
    </extensions>
   </trkpt>
   <trkpt lat="12.9275420" lon="77.5173380">
    <ele>847.4</ele>
    <time>2026-07-31T00:32:33Z</time>
    <extensions>
     <gpxtpx:TrackPointExtension>
      <gpxtpx:atemp>26</gpxtpx:atemp>
      <gpxtpx:hr>141</gpxtpx:hr>
      <gpxtpx:cad>77</gpxtpx:cad>
     </gpxtpx:TrackPointExtension>
    </extensions>
   </trkpt>
   <trkpt lat="12.9276490" lon="77.5172050">
    <ele>847.2</ele>
    <time>2026-07-31T00:32:39Z</time>
    <extensions>
     <gpxtpx:TrackPointExtension>
      <gpxtpx:atemp>26</gpxtpx:atemp>
      <gpxtpx:hr>143</gpxtpx:hr>
      <gpxtpx:cad>78</gpxtpx:cad>
     </gpxtpx:TrackPointExtension>
    </extensions>
   </trkpt>
   <trkpt lat="12.9277520" lon="77.5171030">
    <ele>847.2</ele>
    <time>2026-07-31T00:32:45Z</time>
    <extensions>
     <gpxtpx:TrackPointExtension>
      <gpxtpx:atemp>26</gpxtpx:atemp>
      <gpxtpx:hr>143</gpxtpx:hr>
      <gpxtpx:cad>78</gpxtpx:cad>
     </gpxtpx:TrackPointExtension>
    </extensions>
   </trkpt>
   <trkpt lat="12.9278240" lon="77.5169810">
    <ele>847.2</ele>
    <time>2026-07-31T00:32:51Z</time>
    <extensions>
     <gpxtpx:TrackPointExtension>
      <gpxtpx:atemp>26</gpxtpx:atemp>
      <gpxtpx:hr>145</gpxtpx:hr>
      <gpxtpx:cad>77</gpxtpx:cad>
     </gpxtpx:TrackPointExtension>
    </extensions>
   </trkpt>
   <trkpt lat="12.9278560" lon="77.5168430">
    <ele>847.2</ele>
    <time>2026-07-31T00:32:57Z</time>
    <extensions>
     <gpxtpx:TrackPointExtension>
      <gpxtpx:atemp>26</gpxtpx:atemp>
      <gpxtpx:hr>144</gpxtpx:hr>
      <gpxtpx:cad>78</gpxtpx:cad>
     </gpxtpx:TrackPointExtension>
    </extensions>
   </trkpt>
   <trkpt lat="12.9279240" lon="77.5167170">
    <ele>847.4</ele>
    <time>2026-07-31T00:33:03Z</time>
    <extensions>
     <gpxtpx:TrackPointExtension>
      <gpxtpx:atemp>26</gpxtpx:atemp>
      <gpxtpx:hr>146</gpxtpx:hr>
      <gpxtpx:cad>79</gpxtpx:cad>
     </gpxtpx:TrackPointExtension>
    </extensions>
   </trkpt>
   <trkpt lat="12.9280290" lon="77.5165300">
    <ele>847.2</ele>
    <time>2026-07-31T00:33:10Z</time>
    <extensions>
     <gpxtpx:TrackPointExtension>
      <gpxtpx:atemp>26</gpxtpx:atemp>
      <gpxtpx:hr>145</gpxtpx:hr>
      <gpxtpx:cad>79</gpxtpx:cad>
     </gpxtpx:TrackPointExtension>
    </extensions>
   </trkpt>
   <trkpt lat="12.9280580" lon="77.5164850">
    <ele>847.4</ele>
    <time>2026-07-31T00:33:12Z</time>
    <extensions>
     <gpxtpx:TrackPointExtension>
      <gpxtpx:atemp>26</gpxtpx:atemp>
      <gpxtpx:hr>144</gpxtpx:hr>
      <gpxtpx:cad>78</gpxtpx:cad>
     </gpxtpx:TrackPointExtension>
    </extensions>
   </trkpt>
   <trkpt lat="12.9281570" lon="77.5163780">
    <ele>847.6</ele>
    <time>2026-07-31T00:33:20Z</time>
    <extensions>
     <gpxtpx:TrackPointExtension>
      <gpxtpx:atemp>26</gpxtpx:atemp>
      <gpxtpx:hr>145</gpxtpx:hr>
      <gpxtpx:cad>77</gpxtpx:cad>
     </gpxtpx:TrackPointExtension>
    </extensions>
   </trkpt>
   <trkpt lat="12.9281930" lon="77.5163060">
    <ele>847.8</ele>
    <time>2026-07-31T00:33:26Z</time>
    <extensions>
     <gpxtpx:TrackPointExtension>
      <gpxtpx:atemp>26</gpxtpx:atemp>
      <gpxtpx:hr>146</gpxtpx:hr>
      <gpxtpx:cad>53</gpxtpx:cad>
     </gpxtpx:TrackPointExtension>
    </extensions>
   </trkpt>
   <trkpt lat="12.9282110" lon="77.5162390">
    <ele>847.6</ele>
    <time>2026-07-31T00:33:30Z</time>
    <extensions>
     <gpxtpx:TrackPointExtension>
      <gpxtpx:atemp>26</gpxtpx:atemp>
      <gpxtpx:hr>145</gpxtpx:hr>
      <gpxtpx:cad>54</gpxtpx:cad>
     </gpxtpx:TrackPointExtension>
    </extensions>
   </trkpt>
   <trkpt lat="12.9282270" lon="77.5161820">
    <ele>847.8</ele>
    <time>2026-07-31T00:33:34Z</time>
    <extensions>
     <gpxtpx:TrackPointExtension>
      <gpxtpx:atemp>26</gpxtpx:atemp>
      <gpxtpx:hr>145</gpxtpx:hr>
      <gpxtpx:cad>53</gpxtpx:cad>
     </gpxtpx:TrackPointExtension>
    </extensions>
   </trkpt>
   <trkpt lat="12.9282500" lon="77.5161340">
    <ele>848.0</ele>
    <time>2026-07-31T00:33:38Z</time>
    <extensions>
     <gpxtpx:TrackPointExtension>
      <gpxtpx:atemp>26</gpxtpx:atemp>
      <gpxtpx:hr>142</gpxtpx:hr>
      <gpxtpx:cad>52</gpxtpx:cad>
     </gpxtpx:TrackPointExtension>
    </extensions>
   </trkpt>
   <trkpt lat="12.9283170" lon="77.5161060">
    <ele>847.8</ele>
    <time>2026-07-31T00:33:42Z</time>
    <extensions>
     <gpxtpx:TrackPointExtension>
      <gpxtpx:atemp>26</gpxtpx:atemp>
      <gpxtpx:hr>139</gpxtpx:hr>
      <gpxtpx:cad>52</gpxtpx:cad>
     </gpxtpx:TrackPointExtension>
    </extensions>
   </trkpt>
   <trkpt lat="12.9283290" lon="77.5160920">
    <ele>847.8</ele>
    <time>2026-07-31T00:33:43Z</time>
    <extensions>
     <gpxtpx:TrackPointExtension>
      <gpxtpx:atemp>26</gpxtpx:atemp>
      <gpxtpx:hr>139</gpxtpx:hr>
      <gpxtpx:cad>52</gpxtpx:cad>
     </gpxtpx:TrackPointExtension>
    </extensions>
   </trkpt>
   <trkpt lat="12.9283510" lon="77.5159930">
    <ele>847.6</ele>
    <time>2026-07-31T00:33:50Z</time>
    <extensions>
     <gpxtpx:TrackPointExtension>
      <gpxtpx:atemp>26</gpxtpx:atemp>
      <gpxtpx:hr>137</gpxtpx:hr>
      <gpxtpx:cad>52</gpxtpx:cad>
     </gpxtpx:TrackPointExtension>
    </extensions>
   </trkpt>
   <trkpt lat="12.9283700" lon="77.5159800">
    <ele>847.6</ele>
    <time>2026-07-31T00:33:52Z</time>
    <extensions>
     <gpxtpx:TrackPointExtension>
      <gpxtpx:atemp>26</gpxtpx:atemp>
      <gpxtpx:hr>138</gpxtpx:hr>
      <gpxtpx:cad>52</gpxtpx:cad>
     </gpxtpx:TrackPointExtension>
    </extensions>
   </trkpt>
   <trkpt lat="12.9283960" lon="77.5159520">
    <ele>847.4</ele>
    <time>2026-07-31T00:33:55Z</time>
    <extensions>
     <gpxtpx:TrackPointExtension>
      <gpxtpx:atemp>26</gpxtpx:atemp>
      <gpxtpx:hr>137</gpxtpx:hr>
      <gpxtpx:cad>51</gpxtpx:cad>
     </gpxtpx:TrackPointExtension>
    </extensions>
   </trkpt>
   <trkpt lat="12.9284000" lon="77.5159380">
    <ele>847.4</ele>
    <time>2026-07-31T00:33:56Z</time>
    <extensions>
     <gpxtpx:TrackPointExtension>
      <gpxtpx:atemp>26</gpxtpx:atemp>
      <gpxtpx:hr>137</gpxtpx:hr>
      <gpxtpx:cad>53</gpxtpx:cad>
     </gpxtpx:TrackPointExtension>
    </extensions>
   </trkpt>
   <trkpt lat="12.9284250" lon="77.5159080">
    <ele>847.6</ele>
    <time>2026-07-31T00:33:59Z</time>
    <extensions>
     <gpxtpx:TrackPointExtension>
      <gpxtpx:atemp>26</gpxtpx:atemp>
      <gpxtpx:hr>137</gpxtpx:hr>
      <gpxtpx:cad>53</gpxtpx:cad>
     </gpxtpx:TrackPointExtension>
    </extensions>
   </trkpt>
   <trkpt lat="12.9284500" lon="77.5158820">
    <ele>847.6</ele>
    <time>2026-07-31T00:34:01Z</time>
    <extensions>
     <gpxtpx:TrackPointExtension>
      <gpxtpx:atemp>26</gpxtpx:atemp>
      <gpxtpx:hr>141</gpxtpx:hr>
      <gpxtpx:cad>53</gpxtpx:cad>
     </gpxtpx:TrackPointExtension>
    </extensions>
   </trkpt>
   <trkpt lat="12.9284590" lon="77.5158620">
    <ele>847.6</ele>
    <time>2026-07-31T00:34:02Z</time>
    <extensions>
     <gpxtpx:TrackPointExtension>
      <gpxtpx:atemp>26</gpxtpx:atemp>
      <gpxtpx:hr>142</gpxtpx:hr>
      <gpxtpx:cad>53</gpxtpx:cad>
     </gpxtpx:TrackPointExtension>
    </extensions>
   </trkpt>
   <trkpt lat="12.9284820" lon="77.5158320">
    <ele>847.6</ele>
    <time>2026-07-31T00:34:04Z</time>
    <extensions>
     <gpxtpx:TrackPointExtension>
      <gpxtpx:atemp>26</gpxtpx:atemp>
      <gpxtpx:hr>143</gpxtpx:hr>
      <gpxtpx:cad>53</gpxtpx:cad>
     </gpxtpx:TrackPointExtension>
    </extensions>
   </trkpt>
   <trkpt lat="12.9285200" lon="77.5157690">
    <ele>847.4</ele>
    <time>2026-07-31T00:34:07Z</time>
    <extensions>
     <gpxtpx:TrackPointExtension>
      <gpxtpx:atemp>26</gpxtpx:atemp>
      <gpxtpx:hr>143</gpxtpx:hr>
      <gpxtpx:cad>82</gpxtpx:cad>
     </gpxtpx:TrackPointExtension>
    </extensions>
   </trkpt>
   <trkpt lat="12.9286290" lon="77.5156460">
    <ele>847.2</ele>
    <time>2026-07-31T00:34:13Z</time>
    <extensions>
     <gpxtpx:TrackPointExtension>
      <gpxtpx:atemp>26</gpxtpx:atemp>
      <gpxtpx:hr>142</gpxtpx:hr>
      <gpxtpx:cad>82</gpxtpx:cad>
     </gpxtpx:TrackPointExtension>
    </extensions>
   </trkpt>
   <trkpt lat="12.9287290" lon="77.5155740">
    <ele>846.4</ele>
    <time>2026-07-31T00:34:18Z</time>
    <extensions>
     <gpxtpx:TrackPointExtension>
      <gpxtpx:atemp>26</gpxtpx:atemp>
      <gpxtpx:hr>141</gpxtpx:hr>
      <gpxtpx:cad>82</gpxtpx:cad>
     </gpxtpx:TrackPointExtension>
    </extensions>
   </trkpt>
   <trkpt lat="12.9287510" lon="77.5155610">
    <ele>846.0</ele>
    <time>2026-07-31T00:34:19Z</time>
    <extensions>
     <gpxtpx:TrackPointExtension>
      <gpxtpx:atemp>26</gpxtpx:atemp>
      <gpxtpx:hr>141</gpxtpx:hr>
      <gpxtpx:cad>82</gpxtpx:cad>
     </gpxtpx:TrackPointExtension>
    </extensions>
   </trkpt>
   <trkpt lat="12.9288520" lon="77.5154630">
    <ele>845.0</ele>
    <time>2026-07-31T00:34:24Z</time>
    <extensions>
     <gpxtpx:TrackPointExtension>
      <gpxtpx:atemp>26</gpxtpx:atemp>
      <gpxtpx:hr>139</gpxtpx:hr>
      <gpxtpx:cad>82</gpxtpx:cad>
     </gpxtpx:TrackPointExtension>
    </extensions>
   </trkpt>
   <trkpt lat="12.9288730" lon="77.5154360">
    <ele>845.0</ele>
    <time>2026-07-31T00:34:25Z</time>
    <extensions>
     <gpxtpx:TrackPointExtension>
      <gpxtpx:atemp>26</gpxtpx:atemp>
      <gpxtpx:hr>139</gpxtpx:hr>
      <gpxtpx:cad>82</gpxtpx:cad>
     </gpxtpx:TrackPointExtension>
    </extensions>
   </trkpt>
   <trkpt lat="12.9289130" lon="77.5153800">
    <ele>844.8</ele>
    <time>2026-07-31T00:34:27Z</time>
    <extensions>
     <gpxtpx:TrackPointExtension>
      <gpxtpx:atemp>26</gpxtpx:atemp>
      <gpxtpx:hr>142</gpxtpx:hr>
      <gpxtpx:cad>81</gpxtpx:cad>
     </gpxtpx:TrackPointExtension>
    </extensions>
   </trkpt>
   <trkpt lat="12.9289800" lon="77.5153230">
    <ele>844.4</ele>
    <time>2026-07-31T00:34:30Z</time>
    <extensions>
     <gpxtpx:TrackPointExtension>
      <gpxtpx:atemp>26</gpxtpx:atemp>
      <gpxtpx:hr>143</gpxtpx:hr>
      <gpxtpx:cad>81</gpxtpx:cad>
     </gpxtpx:TrackPointExtension>
    </extensions>
   </trkpt>
   <trkpt lat="12.9290370" lon="77.5152830">
    <ele>843.8</ele>
    <time>2026-07-31T00:34:32Z</time>
    <extensions>
     <gpxtpx:TrackPointExtension>
      <gpxtpx:atemp>26</gpxtpx:atemp>
      <gpxtpx:hr>143</gpxtpx:hr>
      <gpxtpx:cad>81</gpxtpx:cad>
     </gpxtpx:TrackPointExtension>
    </extensions>
   </trkpt>
   <trkpt lat="12.9290870" lon="77.5151890">
    <ele>843.2</ele>
    <time>2026-07-31T00:34:36Z</time>
    <extensions>
     <gpxtpx:TrackPointExtension>
      <gpxtpx:atemp>26</gpxtpx:atemp>
      <gpxtpx:hr>145</gpxtpx:hr>
      <gpxtpx:cad>81</gpxtpx:cad>
     </gpxtpx:TrackPointExtension>
    </extensions>
   </trkpt>
   <trkpt lat="12.9291570" lon="77.5151050">
    <ele>842.8</ele>
    <time>2026-07-31T00:34:40Z</time>
    <extensions>
     <gpxtpx:TrackPointExtension>
      <gpxtpx:atemp>26</gpxtpx:atemp>
      <gpxtpx:hr>146</gpxtpx:hr>
      <gpxtpx:cad>81</gpxtpx:cad>
     </gpxtpx:TrackPointExtension>
    </extensions>
   </trkpt>
   <trkpt lat="12.9291790" lon="77.5150810">
    <ele>842.6</ele>
    <time>2026-07-31T00:34:41Z</time>
    <extensions>
     <gpxtpx:TrackPointExtension>
      <gpxtpx:atemp>26</gpxtpx:atemp>
      <gpxtpx:hr>146</gpxtpx:hr>
      <gpxtpx:cad>81</gpxtpx:cad>
     </gpxtpx:TrackPointExtension>
    </extensions>
   </trkpt>
   <trkpt lat="12.9291910" lon="77.5150440">
    <ele>842.4</ele>
    <time>2026-07-31T00:34:42Z</time>
    <extensions>
     <gpxtpx:TrackPointExtension>
      <gpxtpx:atemp>26</gpxtpx:atemp>
      <gpxtpx:hr>146</gpxtpx:hr>
      <gpxtpx:cad>81</gpxtpx:cad>
     </gpxtpx:TrackPointExtension>
    </extensions>
   </trkpt>
   <trkpt lat="12.9292410" lon="77.5149310">
    <ele>841.8</ele>
    <time>2026-07-31T00:34:46Z</time>
    <extensions>
     <gpxtpx:TrackPointExtension>
      <gpxtpx:atemp>26</gpxtpx:atemp>
      <gpxtpx:hr>147</gpxtpx:hr>
      <gpxtpx:cad>81</gpxtpx:cad>
     </gpxtpx:TrackPointExtension>
    </extensions>
   </trkpt>
   <trkpt lat="12.9292550" lon="77.5148960">
    <ele>841.4</ele>
    <time>2026-07-31T00:34:47Z</time>
    <extensions>
     <gpxtpx:TrackPointExtension>
      <gpxtpx:atemp>26</gpxtpx:atemp>
      <gpxtpx:hr>145</gpxtpx:hr>
      <gpxtpx:cad>80</gpxtpx:cad>
     </gpxtpx:TrackPointExtension>
    </extensions>
   </trkpt>
   <trkpt lat="12.9292870" lon="77.5148470">
    <ele>840.8</ele>
    <time>2026-07-31T00:34:49Z</time>
    <extensions>
     <gpxtpx:TrackPointExtension>
      <gpxtpx:atemp>26</gpxtpx:atemp>
      <gpxtpx:hr>148</gpxtpx:hr>
      <gpxtpx:cad>80</gpxtpx:cad>
     </gpxtpx:TrackPointExtension>
    </extensions>
   </trkpt>
   <trkpt lat="12.9292940" lon="77.5148260">
    <ele>840.4</ele>
    <time>2026-07-31T00:34:50Z</time>
    <extensions>
     <gpxtpx:TrackPointExtension>
      <gpxtpx:atemp>25</gpxtpx:atemp>
      <gpxtpx:hr>147</gpxtpx:hr>
      <gpxtpx:cad>80</gpxtpx:cad>
     </gpxtpx:TrackPointExtension>
    </extensions>
   </trkpt>
   <trkpt lat="12.9293100" lon="77.5148090">
    <ele>840.2</ele>
    <time>2026-07-31T00:34:51Z</time>
    <extensions>
     <gpxtpx:TrackPointExtension>
      <gpxtpx:atemp>26</gpxtpx:atemp>
      <gpxtpx:hr>148</gpxtpx:hr>
      <gpxtpx:cad>80</gpxtpx:cad>
     </gpxtpx:TrackPointExtension>
    </extensions>
   </trkpt>
   <trkpt lat="12.9293950" lon="77.5147280">
    <ele>839.4</ele>
    <time>2026-07-31T00:34:56Z</time>
    <extensions>
     <gpxtpx:TrackPointExtension>
      <gpxtpx:atemp>26</gpxtpx:atemp>
      <gpxtpx:hr>147</gpxtpx:hr>
      <gpxtpx:cad>79</gpxtpx:cad>
     </gpxtpx:TrackPointExtension>
    </extensions>
   </trkpt>
   <trkpt lat="12.9294160" lon="77.5147040">
    <ele>839.2</ele>
    <time>2026-07-31T00:34:57Z</time>
    <extensions>
     <gpxtpx:TrackPointExtension>
      <gpxtpx:atemp>26</gpxtpx:atemp>
      <gpxtpx:hr>148</gpxtpx:hr>
      <gpxtpx:cad>79</gpxtpx:cad>
     </gpxtpx:TrackPointExtension>
    </extensions>
   </trkpt>
   <trkpt lat="12.9294760" lon="77.5146870">
    <ele>839.0</ele>
    <time>2026-07-31T00:34:59Z</time>
    <extensions>
     <gpxtpx:TrackPointExtension>
      <gpxtpx:atemp>26</gpxtpx:atemp>
      <gpxtpx:hr>148</gpxtpx:hr>
      <gpxtpx:cad>78</gpxtpx:cad>
     </gpxtpx:TrackPointExtension>
    </extensions>
   </trkpt>
   <trkpt lat="12.9295380" lon="77.5147020">
    <ele>838.6</ele>
    <time>2026-07-31T00:35:01Z</time>
    <extensions>
     <gpxtpx:TrackPointExtension>
      <gpxtpx:atemp>25</gpxtpx:atemp>
      <gpxtpx:hr>150</gpxtpx:hr>
      <gpxtpx:cad>77</gpxtpx:cad>
     </gpxtpx:TrackPointExtension>
    </extensions>
   </trkpt>
   <trkpt lat="12.9296310" lon="77.5147100">
    <ele>838.2</ele>
    <time>2026-07-31T00:35:04Z</time>
    <extensions>
     <gpxtpx:TrackPointExtension>
      <gpxtpx:atemp>26</gpxtpx:atemp>
      <gpxtpx:hr>150</gpxtpx:hr>
      <gpxtpx:cad>77</gpxtpx:cad>
     </gpxtpx:TrackPointExtension>
    </extensions>
   </trkpt>
   <trkpt lat="12.9297690" lon="77.5147700">
    <ele>837.8</ele>
    <time>2026-07-31T00:35:08Z</time>
    <extensions>
     <gpxtpx:TrackPointExtension>
      <gpxtpx:atemp>26</gpxtpx:atemp>
      <gpxtpx:hr>150</gpxtpx:hr>
      <gpxtpx:cad>78</gpxtpx:cad>
     </gpxtpx:TrackPointExtension>
    </extensions>
   </trkpt>
   <trkpt lat="12.9298550" lon="77.5147910">
    <ele>837.2</ele>
    <time>2026-07-31T00:35:12Z</time>
    <extensions>
     <gpxtpx:TrackPointExtension>
      <gpxtpx:atemp>25</gpxtpx:atemp>
      <gpxtpx:hr>148</gpxtpx:hr>
      <gpxtpx:cad>77</gpxtpx:cad>
     </gpxtpx:TrackPointExtension>
    </extensions>
   </trkpt>
   <trkpt lat="12.9299180" lon="77.5148070">
    <ele>836.8</ele>
    <time>2026-07-31T00:35:16Z</time>
    <extensions>
     <gpxtpx:TrackPointExtension>
      <gpxtpx:atemp>25</gpxtpx:atemp>
      <gpxtpx:hr>149</gpxtpx:hr>
      <gpxtpx:cad>77</gpxtpx:cad>
     </gpxtpx:TrackPointExtension>
    </extensions>
   </trkpt>
   <trkpt lat="12.9300660" lon="77.5148770">
    <ele>836.6</ele>
    <time>2026-07-31T00:35:22Z</time>
    <extensions>
     <gpxtpx:TrackPointExtension>
      <gpxtpx:atemp>25</gpxtpx:atemp>
      <gpxtpx:hr>149</gpxtpx:hr>
      <gpxtpx:cad>79</gpxtpx:cad>
     </gpxtpx:TrackPointExtension>
    </extensions>
   </trkpt>
   <trkpt lat="12.9301850" lon="77.5149050">
    <ele>836.2</ele>
    <time>2026-07-31T00:35:27Z</time>
    <extensions>
     <gpxtpx:TrackPointExtension>
      <gpxtpx:atemp>25</gpxtpx:atemp>
      <gpxtpx:hr>149</gpxtpx:hr>
      <gpxtpx:cad>79</gpxtpx:cad>
     </gpxtpx:TrackPointExtension>
    </extensions>
   </trkpt>
   <trkpt lat="12.9302170" lon="77.5149050">
    <ele>836.2</ele>
    <time>2026-07-31T00:35:28Z</time>
    <extensions>
     <gpxtpx:TrackPointExtension>
      <gpxtpx:atemp>25</gpxtpx:atemp>
      <gpxtpx:hr>149</gpxtpx:hr>
      <gpxtpx:cad>79</gpxtpx:cad>
     </gpxtpx:TrackPointExtension>
    </extensions>
   </trkpt>
   <trkpt lat="12.9302950" lon="77.5149340">
    <ele>836.4</ele>
    <time>2026-07-31T00:35:33Z</time>
    <extensions>
     <gpxtpx:TrackPointExtension>
      <gpxtpx:atemp>25</gpxtpx:atemp>
      <gpxtpx:hr>149</gpxtpx:hr>
      <gpxtpx:cad>79</gpxtpx:cad>
     </gpxtpx:TrackPointExtension>
    </extensions>
   </trkpt>
   <trkpt lat="12.9304590" lon="77.5149520">
    <ele>835.6</ele>
    <time>2026-07-31T00:35:39Z</time>
    <extensions>
     <gpxtpx:TrackPointExtension>
      <gpxtpx:atemp>25</gpxtpx:atemp>
      <gpxtpx:hr>150</gpxtpx:hr>
      <gpxtpx:cad>76</gpxtpx:cad>
     </gpxtpx:TrackPointExtension>
    </extensions>
   </trkpt>
   <trkpt lat="12.9306030" lon="77.5150310">
    <ele>835.4</ele>
    <time>2026-07-31T00:35:45Z</time>
    <extensions>
     <gpxtpx:TrackPointExtension>
      <gpxtpx:atemp>25</gpxtpx:atemp>
      <gpxtpx:hr>152</gpxtpx:hr>
      <gpxtpx:cad>78</gpxtpx:cad>
     </gpxtpx:TrackPointExtension>
    </extensions>
   </trkpt>
   <trkpt lat="12.9306460" lon="77.5150470">
    <ele>835.2</ele>
    <time>2026-07-31T00:35:47Z</time>
    <extensions>
     <gpxtpx:TrackPointExtension>
      <gpxtpx:atemp>25</gpxtpx:atemp>
      <gpxtpx:hr>152</gpxtpx:hr>
      <gpxtpx:cad>78</gpxtpx:cad>
     </gpxtpx:TrackPointExtension>
    </extensions>
   </trkpt>
   <trkpt lat="12.9306900" lon="77.5150720">
    <ele>835.2</ele>
    <time>2026-07-31T00:35:49Z</time>
    <extensions>
     <gpxtpx:TrackPointExtension>
      <gpxtpx:atemp>25</gpxtpx:atemp>
      <gpxtpx:hr>153</gpxtpx:hr>
      <gpxtpx:cad>75</gpxtpx:cad>
     </gpxtpx:TrackPointExtension>
    </extensions>
   </trkpt>
   <trkpt lat="12.9308340" lon="77.5151140">
    <ele>834.8</ele>
    <time>2026-07-31T00:35:56Z</time>
    <extensions>
     <gpxtpx:TrackPointExtension>
      <gpxtpx:atemp>25</gpxtpx:atemp>
      <gpxtpx:hr>153</gpxtpx:hr>
      <gpxtpx:cad>77</gpxtpx:cad>
     </gpxtpx:TrackPointExtension>
    </extensions>
   </trkpt>
   <trkpt lat="12.9309890" lon="77.5151670">
    <ele>834.6</ele>
    <time>2026-07-31T00:36:03Z</time>
    <extensions>
     <gpxtpx:TrackPointExtension>
      <gpxtpx:atemp>25</gpxtpx:atemp>
      <gpxtpx:hr>155</gpxtpx:hr>
      <gpxtpx:cad>78</gpxtpx:cad>
     </gpxtpx:TrackPointExtension>
    </extensions>
   </trkpt>
   <trkpt lat="12.9311900" lon="77.5151980">
    <ele>834.8</ele>
    <time>2026-07-31T00:36:10Z</time>
    <extensions>
     <gpxtpx:TrackPointExtension>
      <gpxtpx:atemp>25</gpxtpx:atemp>
      <gpxtpx:hr>157</gpxtpx:hr>
      <gpxtpx:cad>78</gpxtpx:cad>
     </gpxtpx:TrackPointExtension>
    </extensions>
   </trkpt>
   <trkpt lat="12.9312110" lon="77.5152150">
    <ele>834.6</ele>
    <time>2026-07-31T00:36:11Z</time>
    <extensions>
     <gpxtpx:TrackPointExtension>
      <gpxtpx:atemp>25</gpxtpx:atemp>
      <gpxtpx:hr>158</gpxtpx:hr>
      <gpxtpx:cad>78</gpxtpx:cad>
     </gpxtpx:TrackPointExtension>
    </extensions>
   </trkpt>
   <trkpt lat="12.9313330" lon="77.5153200">
    <ele>834.6</ele>
    <time>2026-07-31T00:36:20Z</time>
    <extensions>
     <gpxtpx:TrackPointExtension>
      <gpxtpx:atemp>25</gpxtpx:atemp>
      <gpxtpx:hr>159</gpxtpx:hr>
      <gpxtpx:cad>0</gpxtpx:cad>
     </gpxtpx:TrackPointExtension>
    </extensions>
   </trkpt>
   <trkpt lat="12.9313930" lon="77.5153690">
    <ele>834.8</ele>
    <time>2026-07-31T00:36:27Z</time>
    <extensions>
     <gpxtpx:TrackPointExtension>
      <gpxtpx:atemp>25</gpxtpx:atemp>
      <gpxtpx:hr>159</gpxtpx:hr>
      <gpxtpx:cad>51</gpxtpx:cad>
     </gpxtpx:TrackPointExtension>
    </extensions>
   </trkpt>
   <trkpt lat="12.9314920" lon="77.5154520">
    <ele>834.2</ele>
    <time>2026-07-31T00:36:33Z</time>
    <extensions>
     <gpxtpx:TrackPointExtension>
      <gpxtpx:atemp>25</gpxtpx:atemp>
      <gpxtpx:hr>156</gpxtpx:hr>
      <gpxtpx:cad>81</gpxtpx:cad>
     </gpxtpx:TrackPointExtension>
    </extensions>
   </trkpt>
   <trkpt lat="12.9316450" lon="77.5155290">
    <ele>834.2</ele>
    <time>2026-07-31T00:36:39Z</time>
    <extensions>
     <gpxtpx:TrackPointExtension>
      <gpxtpx:atemp>25</gpxtpx:atemp>
      <gpxtpx:hr>154</gpxtpx:hr>
      <gpxtpx:cad>80</gpxtpx:cad>
     </gpxtpx:TrackPointExtension>
    </extensions>
   </trkpt>
   <trkpt lat="12.9316750" lon="77.5155430">
    <ele>834.0</ele>
    <time>2026-07-31T00:36:40Z</time>
    <extensions>
     <gpxtpx:TrackPointExtension>
      <gpxtpx:atemp>25</gpxtpx:atemp>
      <gpxtpx:hr>155</gpxtpx:hr>
      <gpxtpx:cad>79</gpxtpx:cad>
     </gpxtpx:TrackPointExtension>
    </extensions>
   </trkpt>
   <trkpt lat="12.9318180" lon="77.5156380">
    <ele>833.8</ele>
    <time>2026-07-31T00:36:46Z</time>
    <extensions>
     <gpxtpx:TrackPointExtension>
      <gpxtpx:atemp>25</gpxtpx:atemp>
      <gpxtpx:hr>156</gpxtpx:hr>
      <gpxtpx:cad>79</gpxtpx:cad>
     </gpxtpx:TrackPointExtension>
    </extensions>
   </trkpt>
   <trkpt lat="12.9319860" lon="77.5157080">
    <ele>833.4</ele>
    <time>2026-07-31T00:36:53Z</time>
    <extensions>
     <gpxtpx:TrackPointExtension>
      <gpxtpx:atemp>25</gpxtpx:atemp>
      <gpxtpx:hr>158</gpxtpx:hr>
      <gpxtpx:cad>80</gpxtpx:cad>
     </gpxtpx:TrackPointExtension>
    </extensions>
   </trkpt>
   <trkpt lat="12.9321550" lon="77.5158210">
    <ele>833.2</ele>
    <time>2026-07-31T00:36:59Z</time>
    <extensions>
     <gpxtpx:TrackPointExtension>
      <gpxtpx:atemp>25</gpxtpx:atemp>
      <gpxtpx:hr>158</gpxtpx:hr>
      <gpxtpx:cad>80</gpxtpx:cad>
     </gpxtpx:TrackPointExtension>
    </extensions>
   </trkpt>
   <trkpt lat="12.9321870" lon="77.5158350">
    <ele>833.2</ele>
    <time>2026-07-31T00:37:00Z</time>
    <extensions>
     <gpxtpx:TrackPointExtension>
      <gpxtpx:atemp>25</gpxtpx:atemp>
      <gpxtpx:hr>158</gpxtpx:hr>
      <gpxtpx:cad>80</gpxtpx:cad>
     </gpxtpx:TrackPointExtension>
    </extensions>
   </trkpt>
   <trkpt lat="12.9322080" lon="77.5158440">
    <ele>833.0</ele>
    <time>2026-07-31T00:37:01Z</time>
    <extensions>
     <gpxtpx:TrackPointExtension>
      <gpxtpx:atemp>25</gpxtpx:atemp>
      <gpxtpx:hr>159</gpxtpx:hr>
      <gpxtpx:cad>80</gpxtpx:cad>
     </gpxtpx:TrackPointExtension>
    </extensions>
   </trkpt>
   <trkpt lat="12.9323430" lon="77.5159020">
    <ele>832.8</ele>
    <time>2026-07-31T00:37:06Z</time>
    <extensions>
     <gpxtpx:TrackPointExtension>
      <gpxtpx:atemp>25</gpxtpx:atemp>
      <gpxtpx:hr>156</gpxtpx:hr>
      <gpxtpx:cad>79</gpxtpx:cad>
     </gpxtpx:TrackPointExtension>
    </extensions>
   </trkpt>
   <trkpt lat="12.9324410" lon="77.5159540">
    <ele>832.6</ele>
    <time>2026-07-31T00:37:10Z</time>
    <extensions>
     <gpxtpx:TrackPointExtension>
      <gpxtpx:atemp>25</gpxtpx:atemp>
      <gpxtpx:hr>153</gpxtpx:hr>
      <gpxtpx:cad>80</gpxtpx:cad>
     </gpxtpx:TrackPointExtension>
    </extensions>
   </trkpt>
   <trkpt lat="12.9325680" lon="77.5160640">
    <ele>832.6</ele>
    <time>2026-07-31T00:37:18Z</time>
    <extensions>
     <gpxtpx:TrackPointExtension>
      <gpxtpx:atemp>25</gpxtpx:atemp>
      <gpxtpx:hr>152</gpxtpx:hr>
      <gpxtpx:cad>80</gpxtpx:cad>
     </gpxtpx:TrackPointExtension>
    </extensions>
   </trkpt>
   <trkpt lat="12.9326500" lon="77.5161810">
    <ele>832.2</ele>
    <time>2026-07-31T00:37:24Z</time>
    <extensions>
     <gpxtpx:TrackPointExtension>
      <gpxtpx:atemp>25</gpxtpx:atemp>
      <gpxtpx:hr>151</gpxtpx:hr>
      <gpxtpx:cad>78</gpxtpx:cad>
     </gpxtpx:TrackPointExtension>
    </extensions>
   </trkpt>
   <trkpt lat="12.9326680" lon="77.5161960">
    <ele>832.0</ele>
    <time>2026-07-31T00:37:25Z</time>
    <extensions>
     <gpxtpx:TrackPointExtension>
      <gpxtpx:atemp>25</gpxtpx:atemp>
      <gpxtpx:hr>149</gpxtpx:hr>
      <gpxtpx:cad>76</gpxtpx:cad>
     </gpxtpx:TrackPointExtension>
    </extensions>
   </trkpt>
   <trkpt lat="12.9328110" lon="77.5162700">
    <ele>831.6</ele>
    <time>2026-07-31T00:37:31Z</time>
    <extensions>
     <gpxtpx:TrackPointExtension>
      <gpxtpx:atemp>25</gpxtpx:atemp>
      <gpxtpx:hr>152</gpxtpx:hr>
      <gpxtpx:cad>78</gpxtpx:cad>
     </gpxtpx:TrackPointExtension>
    </extensions>
   </trkpt>
   <trkpt lat="12.9328490" lon="77.5163030">
    <ele>831.4</ele>
    <time>2026-07-31T00:37:33Z</time>
    <extensions>
     <gpxtpx:TrackPointExtension>
      <gpxtpx:atemp>25</gpxtpx:atemp>
      <gpxtpx:hr>154</gpxtpx:hr>
      <gpxtpx:cad>79</gpxtpx:cad>
     </gpxtpx:TrackPointExtension>
    </extensions>
   </trkpt>
   <trkpt lat="12.9329760" lon="77.5164340">
    <ele>831.0</ele>
    <time>2026-07-31T00:37:40Z</time>
    <extensions>
     <gpxtpx:TrackPointExtension>
      <gpxtpx:atemp>25</gpxtpx:atemp>
      <gpxtpx:hr>153</gpxtpx:hr>
      <gpxtpx:cad>79</gpxtpx:cad>
     </gpxtpx:TrackPointExtension>
    </extensions>
   </trkpt>
   <trkpt lat="12.9330540" lon="77.5165290">
    <ele>831.0</ele>
    <time>2026-07-31T00:37:45Z</time>
    <extensions>
     <gpxtpx:TrackPointExtension>
      <gpxtpx:atemp>25</gpxtpx:atemp>
      <gpxtpx:hr>153</gpxtpx:hr>
      <gpxtpx:cad>79</gpxtpx:cad>
     </gpxtpx:TrackPointExtension>
    </extensions>
   </trkpt>
   <trkpt lat="12.9331310" lon="77.5165770">
    <ele>830.6</ele>
    <time>2026-07-31T00:37:49Z</time>
    <extensions>
     <gpxtpx:TrackPointExtension>
      <gpxtpx:atemp>25</gpxtpx:atemp>
      <gpxtpx:hr>152</gpxtpx:hr>
      <gpxtpx:cad>78</gpxtpx:cad>
     </gpxtpx:TrackPointExtension>
    </extensions>
   </trkpt>
   <trkpt lat="12.9332360" lon="77.5166530">
    <ele>830.0</ele>
    <time>2026-07-31T00:37:54Z</time>
    <extensions>
     <gpxtpx:TrackPointExtension>
      <gpxtpx:atemp>25</gpxtpx:atemp>
      <gpxtpx:hr>155</gpxtpx:hr>
      <gpxtpx:cad>79</gpxtpx:cad>
     </gpxtpx:TrackPointExtension>
    </extensions>
   </trkpt>
   <trkpt lat="12.9332520" lon="77.5166660">
    <ele>829.8</ele>
    <time>2026-07-31T00:37:55Z</time>
    <extensions>
     <gpxtpx:TrackPointExtension>
      <gpxtpx:atemp>25</gpxtpx:atemp>
      <gpxtpx:hr>155</gpxtpx:hr>
      <gpxtpx:cad>79</gpxtpx:cad>
     </gpxtpx:TrackPointExtension>
    </extensions>
   </trkpt>
   <trkpt lat="12.9332930" lon="77.5166950">
    <ele>829.6</ele>
    <time>2026-07-31T00:37:57Z</time>
    <extensions>
     <gpxtpx:TrackPointExtension>
      <gpxtpx:atemp>25</gpxtpx:atemp>
      <gpxtpx:hr>155</gpxtpx:hr>
      <gpxtpx:cad>79</gpxtpx:cad>
     </gpxtpx:TrackPointExtension>
    </extensions>
   </trkpt>
   <trkpt lat="12.9333800" lon="77.5167410">
    <ele>829.4</ele>
    <time>2026-07-31T00:38:01Z</time>
    <extensions>
     <gpxtpx:TrackPointExtension>
      <gpxtpx:atemp>25</gpxtpx:atemp>
      <gpxtpx:hr>158</gpxtpx:hr>
      <gpxtpx:cad>78</gpxtpx:cad>
     </gpxtpx:TrackPointExtension>
    </extensions>
   </trkpt>
   <trkpt lat="12.9334510" lon="77.5167770">
    <ele>829.2</ele>
    <time>2026-07-31T00:38:04Z</time>
    <extensions>
     <gpxtpx:TrackPointExtension>
      <gpxtpx:atemp>25</gpxtpx:atemp>
      <gpxtpx:hr>158</gpxtpx:hr>
      <gpxtpx:cad>78</gpxtpx:cad>
     </gpxtpx:TrackPointExtension>
    </extensions>
   </trkpt>
   <trkpt lat="12.9335040" lon="77.5168010">
    <ele>828.8</ele>
    <time>2026-07-31T00:38:06Z</time>
    <extensions>
     <gpxtpx:TrackPointExtension>
      <gpxtpx:atemp>25</gpxtpx:atemp>
      <gpxtpx:hr>158</gpxtpx:hr>
      <gpxtpx:cad>79</gpxtpx:cad>
     </gpxtpx:TrackPointExtension>
    </extensions>
   </trkpt>
   <trkpt lat="12.9336590" lon="77.5168790">
    <ele>828.4</ele>
    <time>2026-07-31T00:38:12Z</time>
    <extensions>
     <gpxtpx:TrackPointExtension>
      <gpxtpx:atemp>25</gpxtpx:atemp>
      <gpxtpx:hr>157</gpxtpx:hr>
      <gpxtpx:cad>79</gpxtpx:cad>
     </gpxtpx:TrackPointExtension>
    </extensions>
   </trkpt>
   <trkpt lat="12.9337670" lon="77.5169500">
    <ele>827.8</ele>
    <time>2026-07-31T00:38:18Z</time>
    <extensions>
     <gpxtpx:TrackPointExtension>
      <gpxtpx:atemp>25</gpxtpx:atemp>
      <gpxtpx:hr>158</gpxtpx:hr>
      <gpxtpx:cad>78</gpxtpx:cad>
     </gpxtpx:TrackPointExtension>
    </extensions>
   </trkpt>
   <trkpt lat="12.9338460" lon="77.5170040">
    <ele>827.2</ele>
    <time>2026-07-31T00:38:21Z</time>
    <extensions>
     <gpxtpx:TrackPointExtension>
      <gpxtpx:atemp>25</gpxtpx:atemp>
      <gpxtpx:hr>155</gpxtpx:hr>
      <gpxtpx:cad>78</gpxtpx:cad>
     </gpxtpx:TrackPointExtension>
    </extensions>
   </trkpt>
   <trkpt lat="12.9339220" lon="77.5170480">
    <ele>826.6</ele>
    <time>2026-07-31T00:38:24Z</time>
    <extensions>
     <gpxtpx:TrackPointExtension>
      <gpxtpx:atemp>25</gpxtpx:atemp>
      <gpxtpx:hr>158</gpxtpx:hr>
      <gpxtpx:cad>78</gpxtpx:cad>
     </gpxtpx:TrackPointExtension>
    </extensions>
   </trkpt>
   <trkpt lat="12.9340780" lon="77.5171500">
    <ele>826.0</ele>
    <time>2026-07-31T00:38:30Z</time>
    <extensions>
     <gpxtpx:TrackPointExtension>
      <gpxtpx:atemp>25</gpxtpx:atemp>
      <gpxtpx:hr>158</gpxtpx:hr>
      <gpxtpx:cad>79</gpxtpx:cad>
     </gpxtpx:TrackPointExtension>
    </extensions>
   </trkpt>
   <trkpt lat="12.9341010" lon="77.5171670">
    <ele>826.0</ele>
    <time>2026-07-31T00:38:31Z</time>
    <extensions>
     <gpxtpx:TrackPointExtension>
      <gpxtpx:atemp>25</gpxtpx:atemp>
      <gpxtpx:hr>160</gpxtpx:hr>
      <gpxtpx:cad>79</gpxtpx:cad>
     </gpxtpx:TrackPointExtension>
    </extensions>
   </trkpt>
   <trkpt lat="12.9342250" lon="77.5173120">
    <ele>825.6</ele>
    <time>2026-07-31T00:38:40Z</time>
    <extensions>
     <gpxtpx:TrackPointExtension>
      <gpxtpx:atemp>25</gpxtpx:atemp>
      <gpxtpx:hr>162</gpxtpx:hr>
      <gpxtpx:cad>78</gpxtpx:cad>
     </gpxtpx:TrackPointExtension>
    </extensions>
   </trkpt>
   <trkpt lat="12.9342520" lon="77.5173490">
    <ele>825.6</ele>
    <time>2026-07-31T00:38:42Z</time>
    <extensions>
     <gpxtpx:TrackPointExtension>
      <gpxtpx:atemp>25</gpxtpx:atemp>
      <gpxtpx:hr>161</gpxtpx:hr>
      <gpxtpx:cad>79</gpxtpx:cad>
     </gpxtpx:TrackPointExtension>
    </extensions>
   </trkpt>
   <trkpt lat="12.9342730" lon="77.5173600">
    <ele>825.4</ele>
    <time>2026-07-31T00:38:43Z</time>
    <extensions>
     <gpxtpx:TrackPointExtension>
      <gpxtpx:atemp>25</gpxtpx:atemp>
      <gpxtpx:hr>161</gpxtpx:hr>
      <gpxtpx:cad>79</gpxtpx:cad>
     </gpxtpx:TrackPointExtension>
    </extensions>
   </trkpt>
   <trkpt lat="12.9344230" lon="77.5174590">
    <ele>825.4</ele>
    <time>2026-07-31T00:38:50Z</time>
    <extensions>
     <gpxtpx:TrackPointExtension>
      <gpxtpx:atemp>25</gpxtpx:atemp>
      <gpxtpx:hr>160</gpxtpx:hr>
      <gpxtpx:cad>78</gpxtpx:cad>
     </gpxtpx:TrackPointExtension>
    </extensions>
   </trkpt>
   <trkpt lat="12.9345590" lon="77.5175400">
    <ele>825.6</ele>
    <time>2026-07-31T00:38:56Z</time>
    <extensions>
     <gpxtpx:TrackPointExtension>
      <gpxtpx:atemp>25</gpxtpx:atemp>
      <gpxtpx:hr>160</gpxtpx:hr>
      <gpxtpx:cad>79</gpxtpx:cad>
     </gpxtpx:TrackPointExtension>
    </extensions>
   </trkpt>
   <trkpt lat="12.9346560" lon="77.5176680">
    <ele>825.2</ele>
    <time>2026-07-31T00:39:03Z</time>
    <extensions>
     <gpxtpx:TrackPointExtension>
      <gpxtpx:atemp>25</gpxtpx:atemp>
      <gpxtpx:hr>159</gpxtpx:hr>
      <gpxtpx:cad>78</gpxtpx:cad>
     </gpxtpx:TrackPointExtension>
    </extensions>
   </trkpt>
   <trkpt lat="12.9347920" lon="77.5178110">
    <ele>825.8</ele>
    <time>2026-07-31T00:39:11Z</time>
    <extensions>
     <gpxtpx:TrackPointExtension>
      <gpxtpx:atemp>25</gpxtpx:atemp>
      <gpxtpx:hr>159</gpxtpx:hr>
      <gpxtpx:cad>77</gpxtpx:cad>
     </gpxtpx:TrackPointExtension>
    </extensions>
   </trkpt>
   <trkpt lat="12.9348080" lon="77.5178530">
    <ele>825.8</ele>
    <time>2026-07-31T00:39:13Z</time>
    <extensions>
     <gpxtpx:TrackPointExtension>
      <gpxtpx:atemp>25</gpxtpx:atemp>
      <gpxtpx:hr>159</gpxtpx:hr>
      <gpxtpx:cad>77</gpxtpx:cad>
     </gpxtpx:TrackPointExtension>
    </extensions>
   </trkpt>
   <trkpt lat="12.9348170" lon="77.5178760">
    <ele>825.8</ele>
    <time>2026-07-31T00:39:14Z</time>
    <extensions>
     <gpxtpx:TrackPointExtension>
      <gpxtpx:atemp>25</gpxtpx:atemp>
      <gpxtpx:hr>162</gpxtpx:hr>
      <gpxtpx:cad>77</gpxtpx:cad>
     </gpxtpx:TrackPointExtension>
    </extensions>
   </trkpt>
   <trkpt lat="12.9348950" lon="77.5179900">
    <ele>825.8</ele>
    <time>2026-07-31T00:39:22Z</time>
    <extensions>
     <gpxtpx:TrackPointExtension>
      <gpxtpx:atemp>25</gpxtpx:atemp>
      <gpxtpx:hr>163</gpxtpx:hr>
      <gpxtpx:cad>77</gpxtpx:cad>
     </gpxtpx:TrackPointExtension>
    </extensions>
   </trkpt>
   <trkpt lat="12.9349930" lon="77.5181510">
    <ele>825.6</ele>
    <time>2026-07-31T00:39:30Z</time>
    <extensions>
     <gpxtpx:TrackPointExtension>
      <gpxtpx:atemp>25</gpxtpx:atemp>
      <gpxtpx:hr>165</gpxtpx:hr>
      <gpxtpx:cad>77</gpxtpx:cad>
     </gpxtpx:TrackPointExtension>
    </extensions>
   </trkpt>
   <trkpt lat="12.9350090" lon="77.5181690">
    <ele>825.6</ele>
    <time>2026-07-31T00:39:31Z</time>
    <extensions>
     <gpxtpx:TrackPointExtension>
      <gpxtpx:atemp>25</gpxtpx:atemp>
      <gpxtpx:hr>164</gpxtpx:hr>
      <gpxtpx:cad>77</gpxtpx:cad>
     </gpxtpx:TrackPointExtension>
    </extensions>
   </trkpt>
   <trkpt lat="12.9351280" lon="77.5183090">
    <ele>826.0</ele>
    <time>2026-07-31T00:39:39Z</time>
    <extensions>
     <gpxtpx:TrackPointExtension>
      <gpxtpx:atemp>25</gpxtpx:atemp>
      <gpxtpx:hr>163</gpxtpx:hr>
      <gpxtpx:cad>77</gpxtpx:cad>
     </gpxtpx:TrackPointExtension>
    </extensions>
   </trkpt>
   <trkpt lat="12.9351410" lon="77.5183160">
    <ele>826.0</ele>
    <time>2026-07-31T00:39:40Z</time>
    <extensions>
     <gpxtpx:TrackPointExtension>
      <gpxtpx:atemp>25</gpxtpx:atemp>
      <gpxtpx:hr>163</gpxtpx:hr>
      <gpxtpx:cad>77</gpxtpx:cad>
     </gpxtpx:TrackPointExtension>
    </extensions>
   </trkpt>
   <trkpt lat="12.9352630" lon="77.5183650">
    <ele>825.8</ele>
    <time>2026-07-31T00:39:46Z</time>
    <extensions>
     <gpxtpx:TrackPointExtension>
      <gpxtpx:atemp>24</gpxtpx:atemp>
      <gpxtpx:hr>163</gpxtpx:hr>
      <gpxtpx:cad>77</gpxtpx:cad>
     </gpxtpx:TrackPointExtension>
    </extensions>
   </trkpt>
   <trkpt lat="12.9354200" lon="77.5184110">
    <ele>825.4</ele>
    <time>2026-07-31T00:39:53Z</time>
    <extensions>
     <gpxtpx:TrackPointExtension>
      <gpxtpx:atemp>25</gpxtpx:atemp>
      <gpxtpx:hr>160</gpxtpx:hr>
      <gpxtpx:cad>77</gpxtpx:cad>
     </gpxtpx:TrackPointExtension>
    </extensions>
   </trkpt>
   <trkpt lat="12.9354640" lon="77.5184110">
    <ele>825.4</ele>
    <time>2026-07-31T00:39:55Z</time>
    <extensions>
     <gpxtpx:TrackPointExtension>
      <gpxtpx:atemp>25</gpxtpx:atemp>
      <gpxtpx:hr>162</gpxtpx:hr>
      <gpxtpx:cad>77</gpxtpx:cad>
     </gpxtpx:TrackPointExtension>
    </extensions>
   </trkpt>
   <trkpt lat="12.9356270" lon="77.5184580">
    <ele>825.2</ele>
    <time>2026-07-31T00:40:03Z</time>
    <extensions>
     <gpxtpx:TrackPointExtension>
      <gpxtpx:atemp>25</gpxtpx:atemp>
      <gpxtpx:hr>164</gpxtpx:hr>
      <gpxtpx:cad>76</gpxtpx:cad>
     </gpxtpx:TrackPointExtension>
    </extensions>
   </trkpt>
   <trkpt lat="12.9357040" lon="77.5184870">
    <ele>825.2</ele>
    <time>2026-07-31T00:40:07Z</time>
    <extensions>
     <gpxtpx:TrackPointExtension>
      <gpxtpx:atemp>25</gpxtpx:atemp>
      <gpxtpx:hr>160</gpxtpx:hr>
      <gpxtpx:cad>78</gpxtpx:cad>
     </gpxtpx:TrackPointExtension>
    </extensions>
   </trkpt>
   <trkpt lat="12.9357380" lon="77.5185000">
    <ele>825.0</ele>
    <time>2026-07-31T00:40:10Z</time>
    <extensions>
     <gpxtpx:TrackPointExtension>
      <gpxtpx:atemp>25</gpxtpx:atemp>
      <gpxtpx:hr>162</gpxtpx:hr>
      <gpxtpx:cad>78</gpxtpx:cad>
     </gpxtpx:TrackPointExtension>
    </extensions>
   </trkpt>
   <trkpt lat="12.9357740" lon="77.5185070">
    <ele>824.8</ele>
    <time>2026-07-31T00:40:14Z</time>
    <extensions>
     <gpxtpx:TrackPointExtension>
      <gpxtpx:atemp>25</gpxtpx:atemp>
      <gpxtpx:hr>165</gpxtpx:hr>
      <gpxtpx:cad>53</gpxtpx:cad>
     </gpxtpx:TrackPointExtension>
    </extensions>
   </trkpt>
   <trkpt lat="12.9358090" lon="77.5185150">
    <ele>824.8</ele>
    <time>2026-07-31T00:40:17Z</time>
    <extensions>
     <gpxtpx:TrackPointExtension>
      <gpxtpx:atemp>25</gpxtpx:atemp>
      <gpxtpx:hr>167</gpxtpx:hr>
      <gpxtpx:cad>51</gpxtpx:cad>
     </gpxtpx:TrackPointExtension>
    </extensions>
   </trkpt>
   <trkpt lat="12.9358280" lon="77.5185110">
    <ele>824.6</ele>
    <time>2026-07-31T00:40:19Z</time>
    <extensions>
     <gpxtpx:TrackPointExtension>
      <gpxtpx:atemp>25</gpxtpx:atemp>
      <gpxtpx:hr>167</gpxtpx:hr>
      <gpxtpx:cad>50</gpxtpx:cad>
     </gpxtpx:TrackPointExtension>
    </extensions>
   </trkpt>
   <trkpt lat="12.9358800" lon="77.5185430">
    <ele>824.6</ele>
    <time>2026-07-31T00:40:23Z</time>
    <extensions>
     <gpxtpx:TrackPointExtension>
      <gpxtpx:atemp>25</gpxtpx:atemp>
      <gpxtpx:hr>168</gpxtpx:hr>
      <gpxtpx:cad>51</gpxtpx:cad>
     </gpxtpx:TrackPointExtension>
    </extensions>
   </trkpt>
   <trkpt lat="12.9359500" lon="77.5185330">
    <ele>824.4</ele>
    <time>2026-07-31T00:40:29Z</time>
    <extensions>
     <gpxtpx:TrackPointExtension>
      <gpxtpx:atemp>24</gpxtpx:atemp>
      <gpxtpx:hr>168</gpxtpx:hr>
      <gpxtpx:cad>52</gpxtpx:cad>
     </gpxtpx:TrackPointExtension>
    </extensions>
   </trkpt>
   <trkpt lat="12.9359620" lon="77.5185190">
    <ele>824.4</ele>
    <time>2026-07-31T00:40:31Z</time>
    <extensions>
     <gpxtpx:TrackPointExtension>
      <gpxtpx:atemp>25</gpxtpx:atemp>
      <gpxtpx:hr>171</gpxtpx:hr>
      <gpxtpx:cad>53</gpxtpx:cad>
     </gpxtpx:TrackPointExtension>
    </extensions>
   </trkpt>
   <trkpt lat="12.9359830" lon="77.5184990">
    <ele>824.4</ele>
    <time>2026-07-31T00:40:33Z</time>
    <extensions>
     <gpxtpx:TrackPointExtension>
      <gpxtpx:atemp>25</gpxtpx:atemp>
      <gpxtpx:hr>175</gpxtpx:hr>
      <gpxtpx:cad>54</gpxtpx:cad>
     </gpxtpx:TrackPointExtension>
    </extensions>
   </trkpt>
   <trkpt lat="12.9360070" lon="77.5184730">
    <ele>824.2</ele>
    <time>2026-07-31T00:40:36Z</time>
    <extensions>
     <gpxtpx:TrackPointExtension>
      <gpxtpx:atemp>25</gpxtpx:atemp>
      <gpxtpx:hr>177</gpxtpx:hr>
      <gpxtpx:cad>53</gpxtpx:cad>
     </gpxtpx:TrackPointExtension>
    </extensions>
   </trkpt>
   <trkpt lat="12.9360300" lon="77.5184100">
    <ele>823.8</ele>
    <time>2026-07-31T00:40:40Z</time>
    <extensions>
     <gpxtpx:TrackPointExtension>
      <gpxtpx:atemp>24</gpxtpx:atemp>
      <gpxtpx:hr>177</gpxtpx:hr>
      <gpxtpx:cad>76</gpxtpx:cad>
     </gpxtpx:TrackPointExtension>
    </extensions>
   </trkpt>
   <trkpt lat="12.9360650" lon="77.5183540">
    <ele>823.8</ele>
    <time>2026-07-31T00:40:43Z</time>
    <extensions>
     <gpxtpx:TrackPointExtension>
      <gpxtpx:atemp>25</gpxtpx:atemp>
      <gpxtpx:hr>176</gpxtpx:hr>
      <gpxtpx:cad>75</gpxtpx:cad>
     </gpxtpx:TrackPointExtension>
    </extensions>
   </trkpt>
   <trkpt lat="12.9361790" lon="77.5182560">
    <ele>823.4</ele>
    <time>2026-07-31T00:40:49Z</time>
    <extensions>
     <gpxtpx:TrackPointExtension>
      <gpxtpx:atemp>24</gpxtpx:atemp>
      <gpxtpx:hr>174</gpxtpx:hr>
      <gpxtpx:cad>79</gpxtpx:cad>
     </gpxtpx:TrackPointExtension>
    </extensions>
   </trkpt>
   <trkpt lat="12.9361930" lon="77.5182430">
    <ele>823.4</ele>
    <time>2026-07-31T00:40:50Z</time>
    <extensions>
     <gpxtpx:TrackPointExtension>
      <gpxtpx:atemp>24</gpxtpx:atemp>
      <gpxtpx:hr>175</gpxtpx:hr>
      <gpxtpx:cad>79</gpxtpx:cad>
     </gpxtpx:TrackPointExtension>
    </extensions>
   </trkpt>
   <trkpt lat="12.9361940" lon="77.5181720">
    <ele>823.4</ele>
    <time>2026-07-31T00:40:55Z</time>
    <extensions>
     <gpxtpx:TrackPointExtension>
      <gpxtpx:atemp>24</gpxtpx:atemp>
      <gpxtpx:hr>175</gpxtpx:hr>
      <gpxtpx:cad>0</gpxtpx:cad>
     </gpxtpx:TrackPointExtension>
    </extensions>
   </trkpt>
   <trkpt lat="12.9361970" lon="77.5181410">
    <ele>823.2</ele>
    <time>2026-07-31T00:40:56Z</time>
    <extensions>
     <gpxtpx:TrackPointExtension>
      <gpxtpx:atemp>25</gpxtpx:atemp>
      <gpxtpx:hr>175</gpxtpx:hr>
      <gpxtpx:cad>0</gpxtpx:cad>
     </gpxtpx:TrackPointExtension>
    </extensions>
   </trkpt>
   <trkpt lat="12.9361920" lon="77.5180140">
    <ele>822.8</ele>
    <time>2026-07-31T00:41:00Z</time>
    <extensions>
     <gpxtpx:TrackPointExtension>
      <gpxtpx:atemp>25</gpxtpx:atemp>
      <gpxtpx:hr>173</gpxtpx:hr>
      <gpxtpx:cad>79</gpxtpx:cad>
     </gpxtpx:TrackPointExtension>
    </extensions>
   </trkpt>
   <trkpt lat="12.9361880" lon="77.5179650">
    <ele>822.4</ele>
    <time>2026-07-31T00:41:02Z</time>
    <extensions>
     <gpxtpx:TrackPointExtension>
      <gpxtpx:atemp>24</gpxtpx:atemp>
      <gpxtpx:hr>174</gpxtpx:hr>
      <gpxtpx:cad>79</gpxtpx:cad>
     </gpxtpx:TrackPointExtension>
    </extensions>
   </trkpt>
   <trkpt lat="12.9361860" lon="77.5179440">
    <ele>822.4</ele>
    <time>2026-07-31T00:41:03Z</time>
    <extensions>
     <gpxtpx:TrackPointExtension>
      <gpxtpx:atemp>24</gpxtpx:atemp>
      <gpxtpx:hr>174</gpxtpx:hr>
      <gpxtpx:cad>79</gpxtpx:cad>
     </gpxtpx:TrackPointExtension>
    </extensions>
   </trkpt>
   <trkpt lat="12.9361940" lon="77.5179030">
    <ele>822.6</ele>
    <time>2026-07-31T00:41:05Z</time>
    <extensions>
     <gpxtpx:TrackPointExtension>
      <gpxtpx:atemp>24</gpxtpx:atemp>
      <gpxtpx:hr>174</gpxtpx:hr>
      <gpxtpx:cad>77</gpxtpx:cad>
     </gpxtpx:TrackPointExtension>
    </extensions>
   </trkpt>
   <trkpt lat="12.9361860" lon="77.5178810">
    <ele>822.6</ele>
    <time>2026-07-31T00:41:06Z</time>
    <extensions>
     <gpxtpx:TrackPointExtension>
      <gpxtpx:atemp>24</gpxtpx:atemp>
      <gpxtpx:hr>176</gpxtpx:hr>
      <gpxtpx:cad>78</gpxtpx:cad>
     </gpxtpx:TrackPointExtension>
    </extensions>
   </trkpt>
   <trkpt lat="12.9361840" lon="77.5177310">
    <ele>822.2</ele>
    <time>2026-07-31T00:41:11Z</time>
    <extensions>
     <gpxtpx:TrackPointExtension>
      <gpxtpx:atemp>24</gpxtpx:atemp>
      <gpxtpx:hr>173</gpxtpx:hr>
      <gpxtpx:cad>79</gpxtpx:cad>
     </gpxtpx:TrackPointExtension>
    </extensions>
   </trkpt>
   <trkpt lat="12.9361760" lon="77.5175810">
    <ele>822.2</ele>
    <time>2026-07-31T00:41:17Z</time>
    <extensions>
     <gpxtpx:TrackPointExtension>
      <gpxtpx:atemp>24</gpxtpx:atemp>
      <gpxtpx:hr>173</gpxtpx:hr>
      <gpxtpx:cad>78</gpxtpx:cad>
     </gpxtpx:TrackPointExtension>
    </extensions>
   </trkpt>
   <trkpt lat="12.9361990" lon="77.5173810">
    <ele>821.6</ele>
    <time>2026-07-31T00:41:24Z</time>
    <extensions>
     <gpxtpx:TrackPointExtension>
      <gpxtpx:atemp>24</gpxtpx:atemp>
      <gpxtpx:hr>171</gpxtpx:hr>
      <gpxtpx:cad>76</gpxtpx:cad>
     </gpxtpx:TrackPointExtension>
    </extensions>
   </trkpt>
   <trkpt lat="12.9362280" lon="77.5172450">
    <ele>821.4</ele>
    <time>2026-07-31T00:41:29Z</time>
    <extensions>
     <gpxtpx:TrackPointExtension>
      <gpxtpx:atemp>24</gpxtpx:atemp>
      <gpxtpx:hr>170</gpxtpx:hr>
      <gpxtpx:cad>75</gpxtpx:cad>
     </gpxtpx:TrackPointExtension>
    </extensions>
   </trkpt>
   <trkpt lat="12.9362180" lon="77.5171890">
    <ele>821.4</ele>
    <time>2026-07-31T00:41:31Z</time>
    <extensions>
     <gpxtpx:TrackPointExtension>
      <gpxtpx:atemp>24</gpxtpx:atemp>
      <gpxtpx:hr>173</gpxtpx:hr>
      <gpxtpx:cad>78</gpxtpx:cad>
     </gpxtpx:TrackPointExtension>
    </extensions>
   </trkpt>
   <trkpt lat="12.9362010" lon="77.5171550">
    <ele>821.2</ele>
    <time>2026-07-31T00:41:32Z</time>
    <extensions>
     <gpxtpx:TrackPointExtension>
      <gpxtpx:atemp>24</gpxtpx:atemp>
      <gpxtpx:hr>171</gpxtpx:hr>
      <gpxtpx:cad>78</gpxtpx:cad>
     </gpxtpx:TrackPointExtension>
    </extensions>
   </trkpt>
   <trkpt lat="12.9361840" lon="77.5170850">
    <ele>821.4</ele>
    <time>2026-07-31T00:41:35Z</time>
    <extensions>
     <gpxtpx:TrackPointExtension>
      <gpxtpx:atemp>24</gpxtpx:atemp>
      <gpxtpx:hr>169</gpxtpx:hr>
      <gpxtpx:cad>78</gpxtpx:cad>
     </gpxtpx:TrackPointExtension>
    </extensions>
   </trkpt>
   <trkpt lat="12.9361940" lon="77.5169130">
    <ele>821.2</ele>
    <time>2026-07-31T00:41:42Z</time>
    <extensions>
     <gpxtpx:TrackPointExtension>
      <gpxtpx:atemp>24</gpxtpx:atemp>
      <gpxtpx:hr>167</gpxtpx:hr>
      <gpxtpx:cad>76</gpxtpx:cad>
     </gpxtpx:TrackPointExtension>
    </extensions>
   </trkpt>
   <trkpt lat="12.9361890" lon="77.5168780">
    <ele>821.2</ele>
    <time>2026-07-31T00:41:44Z</time>
    <extensions>
     <gpxtpx:TrackPointExtension>
      <gpxtpx:atemp>24</gpxtpx:atemp>
      <gpxtpx:hr>167</gpxtpx:hr>
      <gpxtpx:cad>77</gpxtpx:cad>
     </gpxtpx:TrackPointExtension>
    </extensions>
   </trkpt>
   <trkpt lat="12.9361830" lon="77.5167640">
    <ele>821.0</ele>
    <time>2026-07-31T00:41:49Z</time>
    <extensions>
     <gpxtpx:TrackPointExtension>
      <gpxtpx:atemp>24</gpxtpx:atemp>
      <gpxtpx:hr>168</gpxtpx:hr>
      <gpxtpx:cad>77</gpxtpx:cad>
     </gpxtpx:TrackPointExtension>
    </extensions>
   </trkpt>
   <trkpt lat="12.9361930" lon="77.5166840">
    <ele>821.0</ele>
    <time>2026-07-31T00:41:53Z</time>
    <extensions>
     <gpxtpx:TrackPointExtension>
      <gpxtpx:atemp>24</gpxtpx:atemp>
      <gpxtpx:hr>165</gpxtpx:hr>
      <gpxtpx:cad>76</gpxtpx:cad>
     </gpxtpx:TrackPointExtension>
    </extensions>
   </trkpt>
   <trkpt lat="12.9361840" lon="77.5166060">
    <ele>820.8</ele>
    <time>2026-07-31T00:41:57Z</time>
    <extensions>
     <gpxtpx:TrackPointExtension>
      <gpxtpx:atemp>24</gpxtpx:atemp>
      <gpxtpx:hr>164</gpxtpx:hr>
      <gpxtpx:cad>76</gpxtpx:cad>
     </gpxtpx:TrackPointExtension>
    </extensions>
   </trkpt>
   <trkpt lat="12.9361700" lon="77.5164980">
    <ele>820.6</ele>
    <time>2026-07-31T00:42:03Z</time>
    <extensions>
     <gpxtpx:TrackPointExtension>
      <gpxtpx:atemp>24</gpxtpx:atemp>
      <gpxtpx:hr>163</gpxtpx:hr>
      <gpxtpx:cad>78</gpxtpx:cad>
     </gpxtpx:TrackPointExtension>
    </extensions>
   </trkpt>
   <trkpt lat="12.9361750" lon="77.5164200">
    <ele>820.6</ele>
    <time>2026-07-31T00:42:07Z</time>
    <extensions>
     <gpxtpx:TrackPointExtension>
      <gpxtpx:atemp>24</gpxtpx:atemp>
      <gpxtpx:hr>166</gpxtpx:hr>
      <gpxtpx:cad>78</gpxtpx:cad>
     </gpxtpx:TrackPointExtension>
    </extensions>
   </trkpt>
   <trkpt lat="12.9361770" lon="77.5164000">
    <ele>820.6</ele>
    <time>2026-07-31T00:42:08Z</time>
    <extensions>
     <gpxtpx:TrackPointExtension>
      <gpxtpx:atemp>24</gpxtpx:atemp>
      <gpxtpx:hr>163</gpxtpx:hr>
      <gpxtpx:cad>78</gpxtpx:cad>
     </gpxtpx:TrackPointExtension>
    </extensions>
   </trkpt>
   <trkpt lat="12.9361660" lon="77.5163650">
    <ele>820.6</ele>
    <time>2026-07-31T00:42:10Z</time>
    <extensions>
     <gpxtpx:TrackPointExtension>
      <gpxtpx:atemp>24</gpxtpx:atemp>
      <gpxtpx:hr>162</gpxtpx:hr>
      <gpxtpx:cad>76</gpxtpx:cad>
     </gpxtpx:TrackPointExtension>
    </extensions>
   </trkpt>
   <trkpt lat="12.9360930" lon="77.5161650">
    <ele>820.4</ele>
    <time>2026-07-31T00:42:17Z</time>
    <extensions>
     <gpxtpx:TrackPointExtension>
      <gpxtpx:atemp>24</gpxtpx:atemp>
      <gpxtpx:hr>161</gpxtpx:hr>
      <gpxtpx:cad>75</gpxtpx:cad>
     </gpxtpx:TrackPointExtension>
    </extensions>
   </trkpt>
   <trkpt lat="12.9360610" lon="77.5159800">
    <ele>820.4</ele>
    <time>2026-07-31T00:42:23Z</time>
    <extensions>
     <gpxtpx:TrackPointExtension>
      <gpxtpx:atemp>24</gpxtpx:atemp>
      <gpxtpx:hr>162</gpxtpx:hr>
      <gpxtpx:cad>78</gpxtpx:cad>
     </gpxtpx:TrackPointExtension>
    </extensions>
   </trkpt>
   <trkpt lat="12.9360590" lon="77.5159460">
    <ele>820.4</ele>
    <time>2026-07-31T00:42:24Z</time>
    <extensions>
     <gpxtpx:TrackPointExtension>
      <gpxtpx:atemp>24</gpxtpx:atemp>
      <gpxtpx:hr>163</gpxtpx:hr>
      <gpxtpx:cad>78</gpxtpx:cad>
     </gpxtpx:TrackPointExtension>
    </extensions>
   </trkpt>
   <trkpt lat="12.9360600" lon="77.5159120">
    <ele>820.2</ele>
    <time>2026-07-31T00:42:25Z</time>
    <extensions>
     <gpxtpx:TrackPointExtension>
      <gpxtpx:atemp>24</gpxtpx:atemp>
      <gpxtpx:hr>163</gpxtpx:hr>
      <gpxtpx:cad>77</gpxtpx:cad>
     </gpxtpx:TrackPointExtension>
    </extensions>
   </trkpt>
   <trkpt lat="12.9360160" lon="77.5157540">
    <ele>819.8</ele>
    <time>2026-07-31T00:42:32Z</time>
    <extensions>
     <gpxtpx:TrackPointExtension>
      <gpxtpx:atemp>24</gpxtpx:atemp>
      <gpxtpx:hr>163</gpxtpx:hr>
      <gpxtpx:cad>76</gpxtpx:cad>
     </gpxtpx:TrackPointExtension>
    </extensions>
   </trkpt>
   <trkpt lat="12.9360020" lon="77.5157460">
    <ele>819.8</ele>
    <time>2026-07-31T00:42:33Z</time>
    <extensions>
     <gpxtpx:TrackPointExtension>
      <gpxtpx:atemp>24</gpxtpx:atemp>
      <gpxtpx:hr>163</gpxtpx:hr>
      <gpxtpx:cad>75</gpxtpx:cad>
     </gpxtpx:TrackPointExtension>
    </extensions>
   </trkpt>
   <trkpt lat="12.9359960" lon="77.5157080">
    <ele>819.6</ele>
    <time>2026-07-31T00:42:35Z</time>
    <extensions>
     <gpxtpx:TrackPointExtension>
      <gpxtpx:atemp>24</gpxtpx:atemp>
      <gpxtpx:hr>163</gpxtpx:hr>
      <gpxtpx:cad>76</gpxtpx:cad>
     </gpxtpx:TrackPointExtension>
    </extensions>
   </trkpt>
   <trkpt lat="12.9359990" lon="77.5156860">
    <ele>819.6</ele>
    <time>2026-07-31T00:42:36Z</time>
    <extensions>
     <gpxtpx:TrackPointExtension>
      <gpxtpx:atemp>24</gpxtpx:atemp>
      <gpxtpx:hr>163</gpxtpx:hr>
      <gpxtpx:cad>77</gpxtpx:cad>
     </gpxtpx:TrackPointExtension>
    </extensions>
   </trkpt>
   <trkpt lat="12.9360060" lon="77.5156300">
    <ele>819.2</ele>
    <time>2026-07-31T00:42:38Z</time>
    <extensions>
     <gpxtpx:TrackPointExtension>
      <gpxtpx:atemp>24</gpxtpx:atemp>
      <gpxtpx:hr>164</gpxtpx:hr>
      <gpxtpx:cad>77</gpxtpx:cad>
     </gpxtpx:TrackPointExtension>
    </extensions>
   </trkpt>
   <trkpt lat="12.9360060" lon="77.5155190">
    <ele>819.0</ele>
    <time>2026-07-31T00:42:42Z</time>
    <extensions>
     <gpxtpx:TrackPointExtension>
      <gpxtpx:atemp>24</gpxtpx:atemp>
      <gpxtpx:hr>164</gpxtpx:hr>
      <gpxtpx:cad>76</gpxtpx:cad>
     </gpxtpx:TrackPointExtension>
    </extensions>
   </trkpt>
   <trkpt lat="12.9359920" lon="77.5153360">
    <ele>818.4</ele>
    <time>2026-07-31T00:42:49Z</time>
    <extensions>
     <gpxtpx:TrackPointExtension>
      <gpxtpx:atemp>24</gpxtpx:atemp>
      <gpxtpx:hr>167</gpxtpx:hr>
      <gpxtpx:cad>76</gpxtpx:cad>
     </gpxtpx:TrackPointExtension>
    </extensions>
   </trkpt>
   <trkpt lat="12.9359890" lon="77.5153130">
    <ele>818.4</ele>
    <time>2026-07-31T00:42:50Z</time>
    <extensions>
     <gpxtpx:TrackPointExtension>
      <gpxtpx:atemp>24</gpxtpx:atemp>
      <gpxtpx:hr>165</gpxtpx:hr>
      <gpxtpx:cad>76</gpxtpx:cad>
     </gpxtpx:TrackPointExtension>
    </extensions>
   </trkpt>
   <trkpt lat="12.9359530" lon="77.5152320">
    <ele>818.4</ele>
    <time>2026-07-31T00:42:55Z</time>
    <extensions>
     <gpxtpx:TrackPointExtension>
      <gpxtpx:atemp>24</gpxtpx:atemp>
      <gpxtpx:hr>165</gpxtpx:hr>
      <gpxtpx:cad>79</gpxtpx:cad>
     </gpxtpx:TrackPointExtension>
    </extensions>
   </trkpt>
   <trkpt lat="12.9359320" lon="77.5150400">
    <ele>818.2</ele>
    <time>2026-07-31T00:43:04Z</time>
    <extensions>
     <gpxtpx:TrackPointExtension>
      <gpxtpx:atemp>24</gpxtpx:atemp>
      <gpxtpx:hr>166</gpxtpx:hr>
      <gpxtpx:cad>77</gpxtpx:cad>
     </gpxtpx:TrackPointExtension>
    </extensions>
   </trkpt>
   <trkpt lat="12.9359190" lon="77.5149670">
    <ele>818.0</ele>
    <time>2026-07-31T00:43:07Z</time>
    <extensions>
     <gpxtpx:TrackPointExtension>
      <gpxtpx:atemp>24</gpxtpx:atemp>
      <gpxtpx:hr>167</gpxtpx:hr>
      <gpxtpx:cad>77</gpxtpx:cad>
     </gpxtpx:TrackPointExtension>
    </extensions>
   </trkpt>
   <trkpt lat="12.9359090" lon="77.5149470">
    <ele>818.0</ele>
    <time>2026-07-31T00:43:08Z</time>
    <extensions>
     <gpxtpx:TrackPointExtension>
      <gpxtpx:atemp>24</gpxtpx:atemp>
      <gpxtpx:hr>167</gpxtpx:hr>
      <gpxtpx:cad>78</gpxtpx:cad>
     </gpxtpx:TrackPointExtension>
    </extensions>
   </trkpt>
   <trkpt lat="12.9359090" lon="77.5148270">
    <ele>818.0</ele>
    <time>2026-07-31T00:43:14Z</time>
    <extensions>
     <gpxtpx:TrackPointExtension>
      <gpxtpx:atemp>24</gpxtpx:atemp>
      <gpxtpx:hr>169</gpxtpx:hr>
      <gpxtpx:cad>77</gpxtpx:cad>
     </gpxtpx:TrackPointExtension>
    </extensions>
   </trkpt>
   <trkpt lat="12.9358890" lon="77.5146940">
    <ele>817.6</ele>
    <time>2026-07-31T00:43:21Z</time>
    <extensions>
     <gpxtpx:TrackPointExtension>
      <gpxtpx:atemp>24</gpxtpx:atemp>
      <gpxtpx:hr>169</gpxtpx:hr>
      <gpxtpx:cad>78</gpxtpx:cad>
     </gpxtpx:TrackPointExtension>
    </extensions>
   </trkpt>
   <trkpt lat="12.9358670" lon="77.5145920">
    <ele>817.6</ele>
    <time>2026-07-31T00:43:26Z</time>
    <extensions>
     <gpxtpx:TrackPointExtension>
      <gpxtpx:atemp>24</gpxtpx:atemp>
      <gpxtpx:hr>170</gpxtpx:hr>
      <gpxtpx:cad>78</gpxtpx:cad>
     </gpxtpx:TrackPointExtension>
    </extensions>
   </trkpt>
   <trkpt lat="12.9358670" lon="77.5145510">
    <ele>817.4</ele>
    <time>2026-07-31T00:43:28Z</time>
    <extensions>
     <gpxtpx:TrackPointExtension>
      <gpxtpx:atemp>24</gpxtpx:atemp>
      <gpxtpx:hr>171</gpxtpx:hr>
      <gpxtpx:cad>77</gpxtpx:cad>
     </gpxtpx:TrackPointExtension>
    </extensions>
   </trkpt>
   <trkpt lat="12.9358550" lon="77.5145040">
    <ele>817.4</ele>
    <time>2026-07-31T00:43:30Z</time>
    <extensions>
     <gpxtpx:TrackPointExtension>
      <gpxtpx:atemp>24</gpxtpx:atemp>
      <gpxtpx:hr>174</gpxtpx:hr>
      <gpxtpx:cad>78</gpxtpx:cad>
     </gpxtpx:TrackPointExtension>
    </extensions>
   </trkpt>
   <trkpt lat="12.9358750" lon="77.5143960">
    <ele>817.4</ele>
    <time>2026-07-31T00:43:35Z</time>
    <extensions>
     <gpxtpx:TrackPointExtension>
      <gpxtpx:atemp>24</gpxtpx:atemp>
      <gpxtpx:hr>175</gpxtpx:hr>
      <gpxtpx:cad>77</gpxtpx:cad>
     </gpxtpx:TrackPointExtension>
    </extensions>
   </trkpt>
   <trkpt lat="12.9358270" lon="77.5142290">
    <ele>817.2</ele>
    <time>2026-07-31T00:43:42Z</time>
    <extensions>
     <gpxtpx:TrackPointExtension>
      <gpxtpx:atemp>24</gpxtpx:atemp>
      <gpxtpx:hr>177</gpxtpx:hr>
      <gpxtpx:cad>77</gpxtpx:cad>
     </gpxtpx:TrackPointExtension>
    </extensions>
   </trkpt>
   <trkpt lat="12.9358000" lon="77.5141220">
    <ele>817.2</ele>
    <time>2026-07-31T00:43:47Z</time>
    <extensions>
     <gpxtpx:TrackPointExtension>
      <gpxtpx:atemp>24</gpxtpx:atemp>
      <gpxtpx:hr>179</gpxtpx:hr>
      <gpxtpx:cad>76</gpxtpx:cad>
     </gpxtpx:TrackPointExtension>
    </extensions>
   </trkpt>
   <trkpt lat="12.9357940" lon="77.5140730">
    <ele>817.2</ele>
    <time>2026-07-31T00:43:49Z</time>
    <extensions>
     <gpxtpx:TrackPointExtension>
      <gpxtpx:atemp>24</gpxtpx:atemp>
      <gpxtpx:hr>179</gpxtpx:hr>
      <gpxtpx:cad>76</gpxtpx:cad>
     </gpxtpx:TrackPointExtension>
    </extensions>
   </trkpt>
   <trkpt lat="12.9357780" lon="77.5139420">
    <ele>817.4</ele>
    <time>2026-07-31T00:43:55Z</time>
    <extensions>
     <gpxtpx:TrackPointExtension>
      <gpxtpx:atemp>24</gpxtpx:atemp>
      <gpxtpx:hr>180</gpxtpx:hr>
      <gpxtpx:cad>75</gpxtpx:cad>
     </gpxtpx:TrackPointExtension>
    </extensions>
   </trkpt>
   <trkpt lat="12.9357450" lon="77.5138550">
    <ele>817.4</ele>
    <time>2026-07-31T00:43:59Z</time>
    <extensions>
     <gpxtpx:TrackPointExtension>
      <gpxtpx:atemp>24</gpxtpx:atemp>
      <gpxtpx:hr>183</gpxtpx:hr>
      <gpxtpx:cad>77</gpxtpx:cad>
     </gpxtpx:TrackPointExtension>
    </extensions>
   </trkpt>
   <trkpt lat="12.9357030" lon="77.5137450">
    <ele>817.6</ele>
    <time>2026-07-31T00:44:04Z</time>
    <extensions>
     <gpxtpx:TrackPointExtension>
      <gpxtpx:atemp>24</gpxtpx:atemp>
      <gpxtpx:hr>185</gpxtpx:hr>
      <gpxtpx:cad>76</gpxtpx:cad>
     </gpxtpx:TrackPointExtension>
    </extensions>
   </trkpt>
   <trkpt lat="12.9356390" lon="77.5136220">
    <ele>817.6</ele>
    <time>2026-07-31T00:44:11Z</time>
    <extensions>
     <gpxtpx:TrackPointExtension>
      <gpxtpx:atemp>24</gpxtpx:atemp>
      <gpxtpx:hr>184</gpxtpx:hr>
      <gpxtpx:cad>76</gpxtpx:cad>
     </gpxtpx:TrackPointExtension>
    </extensions>
   </trkpt>
   <trkpt lat="12.9356120" lon="77.5135380">
    <ele>817.2</ele>
    <time>2026-07-31T00:44:16Z</time>
    <extensions>
     <gpxtpx:TrackPointExtension>
      <gpxtpx:atemp>24</gpxtpx:atemp>
      <gpxtpx:hr>181</gpxtpx:hr>
      <gpxtpx:cad>77</gpxtpx:cad>
     </gpxtpx:TrackPointExtension>
    </extensions>
   </trkpt>
   <trkpt lat="12.9356010" lon="77.5135060">
    <ele>817.0</ele>
    <time>2026-07-31T00:44:18Z</time>
    <extensions>
     <gpxtpx:TrackPointExtension>
      <gpxtpx:atemp>24</gpxtpx:atemp>
      <gpxtpx:hr>183</gpxtpx:hr>
      <gpxtpx:cad>77</gpxtpx:cad>
     </gpxtpx:TrackPointExtension>
    </extensions>
   </trkpt>
   <trkpt lat="12.9355920" lon="77.5134920">
    <ele>817.0</ele>
    <time>2026-07-31T00:44:19Z</time>
    <extensions>
     <gpxtpx:TrackPointExtension>
      <gpxtpx:atemp>24</gpxtpx:atemp>
      <gpxtpx:hr>180</gpxtpx:hr>
      <gpxtpx:cad>77</gpxtpx:cad>
     </gpxtpx:TrackPointExtension>
    </extensions>
   </trkpt>
   <trkpt lat="12.9355630" lon="77.5134390">
    <ele>817.0</ele>
    <time>2026-07-31T00:44:22Z</time>
    <extensions>
     <gpxtpx:TrackPointExtension>
      <gpxtpx:atemp>24</gpxtpx:atemp>
      <gpxtpx:hr>177</gpxtpx:hr>
      <gpxtpx:cad>78</gpxtpx:cad>
     </gpxtpx:TrackPointExtension>
    </extensions>
   </trkpt>
   <trkpt lat="12.9355500" lon="77.5133850">
    <ele>817.0</ele>
    <time>2026-07-31T00:44:25Z</time>
    <extensions>
     <gpxtpx:TrackPointExtension>
      <gpxtpx:atemp>24</gpxtpx:atemp>
      <gpxtpx:hr>175</gpxtpx:hr>
      <gpxtpx:cad>77</gpxtpx:cad>
     </gpxtpx:TrackPointExtension>
    </extensions>
   </trkpt>
   <trkpt lat="12.9355400" lon="77.5133420">
    <ele>816.8</ele>
    <time>2026-07-31T00:44:27Z</time>
    <extensions>
     <gpxtpx:TrackPointExtension>
      <gpxtpx:atemp>24</gpxtpx:atemp>
      <gpxtpx:hr>175</gpxtpx:hr>
      <gpxtpx:cad>76</gpxtpx:cad>
     </gpxtpx:TrackPointExtension>
    </extensions>
   </trkpt>
   <trkpt lat="12.9355360" lon="77.5132250">
    <ele>816.6</ele>
    <time>2026-07-31T00:44:32Z</time>
    <extensions>
     <gpxtpx:TrackPointExtension>
      <gpxtpx:atemp>24</gpxtpx:atemp>
      <gpxtpx:hr>176</gpxtpx:hr>
      <gpxtpx:cad>75</gpxtpx:cad>
     </gpxtpx:TrackPointExtension>
    </extensions>
   </trkpt>
   <trkpt lat="12.9355280" lon="77.5132090">
    <ele>816.6</ele>
    <time>2026-07-31T00:44:33Z</time>
    <extensions>
     <gpxtpx:TrackPointExtension>
      <gpxtpx:atemp>24</gpxtpx:atemp>
      <gpxtpx:hr>175</gpxtpx:hr>
      <gpxtpx:cad>75</gpxtpx:cad>
     </gpxtpx:TrackPointExtension>
    </extensions>
   </trkpt>
   <trkpt lat="12.9355200" lon="77.5131900">
    <ele>816.6</ele>
    <time>2026-07-31T00:44:37Z</time>
    <extensions>
     <gpxtpx:TrackPointExtension>
      <gpxtpx:atemp>24</gpxtpx:atemp>
      <gpxtpx:hr>174</gpxtpx:hr>
      <gpxtpx:cad>0</gpxtpx:cad>
     </gpxtpx:TrackPointExtension>
    </extensions>
   </trkpt>
   <trkpt lat="12.9354700" lon="77.5131300">
    <ele>816.8</ele>
    <time>2026-07-31T00:44:43Z</time>
    <extensions>
     <gpxtpx:TrackPointExtension>
      <gpxtpx:atemp>24</gpxtpx:atemp>
      <gpxtpx:hr>174</gpxtpx:hr>
      <gpxtpx:cad>0</gpxtpx:cad>
     </gpxtpx:TrackPointExtension>
    </extensions>
   </trkpt>
   <trkpt lat="12.9354900" lon="77.5131460">
    <ele>816.8</ele>
    <time>2026-07-31T00:44:49Z</time>
    <extensions>
     <gpxtpx:TrackPointExtension>
      <gpxtpx:atemp>24</gpxtpx:atemp>
      <gpxtpx:hr>175</gpxtpx:hr>
      <gpxtpx:cad>0</gpxtpx:cad>
     </gpxtpx:TrackPointExtension>
    </extensions>
   </trkpt>
   <trkpt lat="12.9354830" lon="77.5131300">
    <ele>816.6</ele>
    <time>2026-07-31T00:44:55Z</time>
    <extensions>
     <gpxtpx:TrackPointExtension>
      <gpxtpx:atemp>24</gpxtpx:atemp>
      <gpxtpx:hr>176</gpxtpx:hr>
      <gpxtpx:cad>0</gpxtpx:cad>
     </gpxtpx:TrackPointExtension>
    </extensions>
   </trkpt>
   <trkpt lat="12.9354840" lon="77.5131300">
    <ele>816.8</ele>
    <time>2026-07-31T00:45:03Z</time>
    <extensions>
     <gpxtpx:TrackPointExtension>
      <gpxtpx:atemp>24</gpxtpx:atemp>
      <gpxtpx:hr>176</gpxtpx:hr>
      <gpxtpx:cad>0</gpxtpx:cad>
     </gpxtpx:TrackPointExtension>
    </extensions>
   </trkpt>
   <trkpt lat="12.9355250" lon="77.5131110">
    <ele>816.4</ele>
    <time>2026-07-31T00:45:13Z</time>
    <extensions>
     <gpxtpx:TrackPointExtension>
      <gpxtpx:atemp>24</gpxtpx:atemp>
      <gpxtpx:hr>173</gpxtpx:hr>
      <gpxtpx:cad>0</gpxtpx:cad>
     </gpxtpx:TrackPointExtension>
    </extensions>
   </trkpt>
   <trkpt lat="12.9356770" lon="77.5130180">
    <ele>816.0</ele>
    <time>2026-07-31T00:45:17Z</time>
    <extensions>
     <gpxtpx:TrackPointExtension>
      <gpxtpx:atemp>24</gpxtpx:atemp>
      <gpxtpx:hr>171</gpxtpx:hr>
      <gpxtpx:cad>88</gpxtpx:cad>
     </gpxtpx:TrackPointExtension>
    </extensions>
   </trkpt>
   <trkpt lat="12.9357090" lon="77.5129860">
    <ele>816.0</ele>
    <time>2026-07-31T00:45:18Z</time>
    <extensions>
     <gpxtpx:TrackPointExtension>
      <gpxtpx:atemp>24</gpxtpx:atemp>
      <gpxtpx:hr>171</gpxtpx:hr>
      <gpxtpx:cad>88</gpxtpx:cad>
     </gpxtpx:TrackPointExtension>
    </extensions>
   </trkpt>
   <trkpt lat="12.9358180" lon="77.5128390">
    <ele>816.0</ele>
    <time>2026-07-31T00:45:23Z</time>
    <extensions>
     <gpxtpx:TrackPointExtension>
      <gpxtpx:atemp>24</gpxtpx:atemp>
      <gpxtpx:hr>173</gpxtpx:hr>
      <gpxtpx:cad>83</gpxtpx:cad>
     </gpxtpx:TrackPointExtension>
    </extensions>
   </trkpt>
   <trkpt lat="12.9359690" lon="77.5127790">
    <ele>816.2</ele>
    <time>2026-07-31T00:45:28Z</time>
    <extensions>
     <gpxtpx:TrackPointExtension>
      <gpxtpx:atemp>24</gpxtpx:atemp>
      <gpxtpx:hr>173</gpxtpx:hr>
      <gpxtpx:cad>83</gpxtpx:cad>
     </gpxtpx:TrackPointExtension>
    </extensions>
   </trkpt>
   <trkpt lat="12.9361430" lon="77.5127900">
    <ele>815.8</ele>
    <time>2026-07-31T00:45:33Z</time>
    <extensions>
     <gpxtpx:TrackPointExtension>
      <gpxtpx:atemp>24</gpxtpx:atemp>
      <gpxtpx:hr>176</gpxtpx:hr>
      <gpxtpx:cad>82</gpxtpx:cad>
     </gpxtpx:TrackPointExtension>
    </extensions>
   </trkpt>
   <trkpt lat="12.9361680" lon="77.5127840">
    <ele>815.8</ele>
    <time>2026-07-31T00:45:34Z</time>
    <extensions>
     <gpxtpx:TrackPointExtension>
      <gpxtpx:atemp>24</gpxtpx:atemp>
      <gpxtpx:hr>176</gpxtpx:hr>
      <gpxtpx:cad>82</gpxtpx:cad>
     </gpxtpx:TrackPointExtension>
    </extensions>
   </trkpt>
   <trkpt lat="12.9361850" lon="77.5127680">
    <ele>815.8</ele>
    <time>2026-07-31T00:45:35Z</time>
    <extensions>
     <gpxtpx:TrackPointExtension>
      <gpxtpx:atemp>24</gpxtpx:atemp>
      <gpxtpx:hr>176</gpxtpx:hr>
      <gpxtpx:cad>82</gpxtpx:cad>
     </gpxtpx:TrackPointExtension>
    </extensions>
   </trkpt>
   <trkpt lat="12.9362120" lon="77.5127040">
    <ele>815.8</ele>
    <time>2026-07-31T00:45:40Z</time>
    <extensions>
     <gpxtpx:TrackPointExtension>
      <gpxtpx:atemp>24</gpxtpx:atemp>
      <gpxtpx:hr>179</gpxtpx:hr>
      <gpxtpx:cad>81</gpxtpx:cad>
     </gpxtpx:TrackPointExtension>
    </extensions>
   </trkpt>
   <trkpt lat="12.9362240" lon="77.5127040">
    <ele>815.8</ele>
    <time>2026-07-31T00:45:41Z</time>
    <extensions>
     <gpxtpx:TrackPointExtension>
      <gpxtpx:atemp>24</gpxtpx:atemp>
      <gpxtpx:hr>179</gpxtpx:hr>
      <gpxtpx:cad>81</gpxtpx:cad>
     </gpxtpx:TrackPointExtension>
    </extensions>
   </trkpt>
   <trkpt lat="12.9362380" lon="77.5126810">
    <ele>815.6</ele>
    <time>2026-07-31T00:45:44Z</time>
    <extensions>
     <gpxtpx:TrackPointExtension>
      <gpxtpx:atemp>24</gpxtpx:atemp>
      <gpxtpx:hr>181</gpxtpx:hr>
      <gpxtpx:cad>0</gpxtpx:cad>
     </gpxtpx:TrackPointExtension>
    </extensions>
   </trkpt>
   <trkpt lat="12.9362510" lon="77.5126800">
    <ele>815.6</ele>
    <time>2026-07-31T00:45:46Z</time>
    <extensions>
     <gpxtpx:TrackPointExtension>
      <gpxtpx:atemp>24</gpxtpx:atemp>
      <gpxtpx:hr>181</gpxtpx:hr>
      <gpxtpx:cad>52</gpxtpx:cad>
     </gpxtpx:TrackPointExtension>
    </extensions>
   </trkpt>
   <trkpt lat="12.9362810" lon="77.5126680">
    <ele>815.4</ele>
    <time>2026-07-31T00:45:50Z</time>
    <extensions>
     <gpxtpx:TrackPointExtension>
      <gpxtpx:atemp>24</gpxtpx:atemp>
      <gpxtpx:hr>179</gpxtpx:hr>
      <gpxtpx:cad>49</gpxtpx:cad>
     </gpxtpx:TrackPointExtension>
    </extensions>
   </trkpt>
   <trkpt lat="12.9363030" lon="77.5126500">
    <ele>815.2</ele>
    <time>2026-07-31T00:45:56Z</time>
    <extensions>
     <gpxtpx:TrackPointExtension>
      <gpxtpx:atemp>24</gpxtpx:atemp>
      <gpxtpx:hr>177</gpxtpx:hr>
      <gpxtpx:cad>46</gpxtpx:cad>
     </gpxtpx:TrackPointExtension>
    </extensions>
   </trkpt>
   <trkpt lat="12.9363030" lon="77.5126420">
    <ele>815.2</ele>
    <time>2026-07-31T00:45:57Z</time>
    <extensions>
     <gpxtpx:TrackPointExtension>
      <gpxtpx:atemp>24</gpxtpx:atemp>
      <gpxtpx:hr>177</gpxtpx:hr>
      <gpxtpx:cad>46</gpxtpx:cad>
     </gpxtpx:TrackPointExtension>
    </extensions>
   </trkpt>
   <trkpt lat="12.9363090" lon="77.5126380">
    <ele>815.4</ele>
    <time>2026-07-31T00:45:58Z</time>
    <extensions>
     <gpxtpx:TrackPointExtension>
      <gpxtpx:atemp>24</gpxtpx:atemp>
      <gpxtpx:hr>177</gpxtpx:hr>
      <gpxtpx:cad>46</gpxtpx:cad>
     </gpxtpx:TrackPointExtension>
    </extensions>
   </trkpt>
   <trkpt lat="12.9363640" lon="77.5125750">
    <ele>815.4</ele>
    <time>2026-07-31T00:46:02Z</time>
    <extensions>
     <gpxtpx:TrackPointExtension>
      <gpxtpx:atemp>24</gpxtpx:atemp>
      <gpxtpx:hr>176</gpxtpx:hr>
      <gpxtpx:cad>79</gpxtpx:cad>
     </gpxtpx:TrackPointExtension>
    </extensions>
   </trkpt>
   <trkpt lat="12.9364800" lon="77.5124680">
    <ele>815.6</ele>
    <time>2026-07-31T00:46:08Z</time>
    <extensions>
     <gpxtpx:TrackPointExtension>
      <gpxtpx:atemp>24</gpxtpx:atemp>
      <gpxtpx:hr>176</gpxtpx:hr>
      <gpxtpx:cad>79</gpxtpx:cad>
     </gpxtpx:TrackPointExtension>
    </extensions>
   </trkpt>
   <trkpt lat="12.9366310" lon="77.5123370">
    <ele>816.0</ele>
    <time>2026-07-31T00:46:15Z</time>
    <extensions>
     <gpxtpx:TrackPointExtension>
      <gpxtpx:atemp>24</gpxtpx:atemp>
      <gpxtpx:hr>173</gpxtpx:hr>
      <gpxtpx:cad>79</gpxtpx:cad>
     </gpxtpx:TrackPointExtension>
    </extensions>
   </trkpt>
   <trkpt lat="12.9367480" lon="77.5122370">
    <ele>816.4</ele>
    <time>2026-07-31T00:46:21Z</time>
    <extensions>
     <gpxtpx:TrackPointExtension>
      <gpxtpx:atemp>24</gpxtpx:atemp>
      <gpxtpx:hr>172</gpxtpx:hr>
      <gpxtpx:cad>79</gpxtpx:cad>
     </gpxtpx:TrackPointExtension>
    </extensions>
   </trkpt>
   <trkpt lat="12.9368450" lon="77.5121520">
    <ele>817.2</ele>
    <time>2026-07-31T00:46:26Z</time>
    <extensions>
     <gpxtpx:TrackPointExtension>
      <gpxtpx:atemp>24</gpxtpx:atemp>
      <gpxtpx:hr>170</gpxtpx:hr>
      <gpxtpx:cad>78</gpxtpx:cad>
     </gpxtpx:TrackPointExtension>
    </extensions>
   </trkpt>
   <trkpt lat="12.9368710" lon="77.5121180">
    <ele>817.4</ele>
    <time>2026-07-31T00:46:28Z</time>
    <extensions>
     <gpxtpx:TrackPointExtension>
      <gpxtpx:atemp>24</gpxtpx:atemp>
      <gpxtpx:hr>173</gpxtpx:hr>
      <gpxtpx:cad>78</gpxtpx:cad>
     </gpxtpx:TrackPointExtension>
    </extensions>
   </trkpt>
   <trkpt lat="12.9368740" lon="77.5120920">
    <ele>817.4</ele>
    <time>2026-07-31T00:46:29Z</time>
    <extensions>
     <gpxtpx:TrackPointExtension>
      <gpxtpx:atemp>24</gpxtpx:atemp>
      <gpxtpx:hr>173</gpxtpx:hr>
      <gpxtpx:cad>79</gpxtpx:cad>
     </gpxtpx:TrackPointExtension>
    </extensions>
   </trkpt>
   <trkpt lat="12.9369100" lon="77.5120260">
    <ele>817.6</ele>
    <time>2026-07-31T00:46:32Z</time>
    <extensions>
     <gpxtpx:TrackPointExtension>
      <gpxtpx:atemp>24</gpxtpx:atemp>
      <gpxtpx:hr>174</gpxtpx:hr>
      <gpxtpx:cad>78</gpxtpx:cad>
     </gpxtpx:TrackPointExtension>
    </extensions>
   </trkpt>
   <trkpt lat="12.9369440" lon="77.5119800">
    <ele>817.8</ele>
    <time>2026-07-31T00:46:34Z</time>
    <extensions>
     <gpxtpx:TrackPointExtension>
      <gpxtpx:atemp>24</gpxtpx:atemp>
      <gpxtpx:hr>175</gpxtpx:hr>
      <gpxtpx:cad>78</gpxtpx:cad>
     </gpxtpx:TrackPointExtension>
    </extensions>
   </trkpt>
   <trkpt lat="12.9369680" lon="77.5119140">
    <ele>818.2</ele>
    <time>2026-07-31T00:46:37Z</time>
    <extensions>
     <gpxtpx:TrackPointExtension>
      <gpxtpx:atemp>24</gpxtpx:atemp>
      <gpxtpx:hr>178</gpxtpx:hr>
      <gpxtpx:cad>78</gpxtpx:cad>
     </gpxtpx:TrackPointExtension>
    </extensions>
   </trkpt>
   <trkpt lat="12.9369630" lon="77.5118970">
    <ele>818.4</ele>
    <time>2026-07-31T00:46:38Z</time>
    <extensions>
     <gpxtpx:TrackPointExtension>
      <gpxtpx:atemp>24</gpxtpx:atemp>
      <gpxtpx:hr>179</gpxtpx:hr>
      <gpxtpx:cad>78</gpxtpx:cad>
     </gpxtpx:TrackPointExtension>
    </extensions>
   </trkpt>
   <trkpt lat="12.9369580" lon="77.5118890">
    <ele>818.6</ele>
    <time>2026-07-31T00:46:39Z</time>
    <extensions>
     <gpxtpx:TrackPointExtension>
      <gpxtpx:atemp>24</gpxtpx:atemp>
      <gpxtpx:hr>180</gpxtpx:hr>
      <gpxtpx:cad>78</gpxtpx:cad>
     </gpxtpx:TrackPointExtension>
    </extensions>
   </trkpt>
   <trkpt lat="12.9369610" lon="77.5119000">
    <ele>818.8</ele>
    <time>2026-07-31T00:46:42Z</time>
    <extensions>
     <gpxtpx:TrackPointExtension>
      <gpxtpx:atemp>24</gpxtpx:atemp>
      <gpxtpx:hr>183</gpxtpx:hr>
      <gpxtpx:cad>78</gpxtpx:cad>
     </gpxtpx:TrackPointExtension>
    </extensions>
   </trkpt>
   <trkpt lat="12.9369610" lon="77.5119070">
    <ele>818.8</ele>
    <time>2026-07-31T00:46:43Z</time>
    <extensions>
     <gpxtpx:TrackPointExtension>
      <gpxtpx:atemp>24</gpxtpx:atemp>
      <gpxtpx:hr>183</gpxtpx:hr>
      <gpxtpx:cad>59</gpxtpx:cad>
     </gpxtpx:TrackPointExtension>
    </extensions>
   </trkpt>
   <trkpt lat="12.9369540" lon="77.5118950">
    <ele>818.8</ele>
    <time>2026-07-31T00:46:45Z</time>
    <extensions>
     <gpxtpx:TrackPointExtension>
      <gpxtpx:atemp>24</gpxtpx:atemp>
      <gpxtpx:hr>184</gpxtpx:hr>
      <gpxtpx:cad>56</gpxtpx:cad>
     </gpxtpx:TrackPointExtension>
    </extensions>
   </trkpt>
   <trkpt lat="12.9369860" lon="77.5118620">
    <ele>819.0</ele>
    <time>2026-07-31T00:46:48Z</time>
    <extensions>
     <gpxtpx:TrackPointExtension>
      <gpxtpx:atemp>24</gpxtpx:atemp>
      <gpxtpx:hr>183</gpxtpx:hr>
      <gpxtpx:cad>52</gpxtpx:cad>
     </gpxtpx:TrackPointExtension>
    </extensions>
   </trkpt>
   <trkpt lat="12.9370450" lon="77.5117530">
    <ele>819.2</ele>
    <time>2026-07-31T00:46:56Z</time>
    <extensions>
     <gpxtpx:TrackPointExtension>
      <gpxtpx:atemp>24</gpxtpx:atemp>
      <gpxtpx:hr>182</gpxtpx:hr>
      <gpxtpx:cad>51</gpxtpx:cad>
     </gpxtpx:TrackPointExtension>
    </extensions>
   </trkpt>
   <trkpt lat="12.9370620" lon="77.5117430">
    <ele>819.4</ele>
    <time>2026-07-31T00:46:57Z</time>
    <extensions>
     <gpxtpx:TrackPointExtension>
      <gpxtpx:atemp>24</gpxtpx:atemp>
      <gpxtpx:hr>182</gpxtpx:hr>
      <gpxtpx:cad>51</gpxtpx:cad>
     </gpxtpx:TrackPointExtension>
    </extensions>
   </trkpt>
   <trkpt lat="12.9371110" lon="77.5116730">
    <ele>819.6</ele>
    <time>2026-07-31T00:47:04Z</time>
    <extensions>
     <gpxtpx:TrackPointExtension>
      <gpxtpx:atemp>24</gpxtpx:atemp>
      <gpxtpx:hr>179</gpxtpx:hr>
      <gpxtpx:cad>49</gpxtpx:cad>
     </gpxtpx:TrackPointExtension>
    </extensions>
   </trkpt>
   <trkpt lat="12.9371400" lon="77.5116290">
    <ele>819.8</ele>
    <time>2026-07-31T00:47:10Z</time>
    <extensions>
     <gpxtpx:TrackPointExtension>
      <gpxtpx:atemp>24</gpxtpx:atemp>
      <gpxtpx:hr>177</gpxtpx:hr>
      <gpxtpx:cad>48</gpxtpx:cad>
     </gpxtpx:TrackPointExtension>
    </extensions>
   </trkpt>
   <trkpt lat="12.9371520" lon="77.5116300">
    <ele>819.8</ele>
    <time>2026-07-31T00:47:11Z</time>
    <extensions>
     <gpxtpx:TrackPointExtension>
      <gpxtpx:atemp>24</gpxtpx:atemp>
      <gpxtpx:hr>176</gpxtpx:hr>
      <gpxtpx:cad>48</gpxtpx:cad>
     </gpxtpx:TrackPointExtension>
    </extensions>
   </trkpt>
   <trkpt lat="12.9371760" lon="77.5116230">
    <ele>819.8</ele>
    <time>2026-07-31T00:47:13Z</time>
    <extensions>
     <gpxtpx:TrackPointExtension>
      <gpxtpx:atemp>24</gpxtpx:atemp>
      <gpxtpx:hr>176</gpxtpx:hr>
      <gpxtpx:cad>48</gpxtpx:cad>
     </gpxtpx:TrackPointExtension>
    </extensions>
   </trkpt>
   <trkpt lat="12.9372040" lon="77.5115610">
    <ele>820.2</ele>
    <time>2026-07-31T00:47:18Z</time>
    <extensions>
     <gpxtpx:TrackPointExtension>
      <gpxtpx:atemp>24</gpxtpx:atemp>
      <gpxtpx:hr>175</gpxtpx:hr>
      <gpxtpx:cad>50</gpxtpx:cad>
     </gpxtpx:TrackPointExtension>
    </extensions>
   </trkpt>
   <trkpt lat="12.9372090" lon="77.5115280">
    <ele>820.4</ele>
    <time>2026-07-31T00:47:20Z</time>
    <extensions>
     <gpxtpx:TrackPointExtension>
      <gpxtpx:atemp>24</gpxtpx:atemp>
      <gpxtpx:hr>175</gpxtpx:hr>
      <gpxtpx:cad>50</gpxtpx:cad>
     </gpxtpx:TrackPointExtension>
    </extensions>
   </trkpt>
   <trkpt lat="12.9372250" lon="77.5114740">
    <ele>820.6</ele>
    <time>2026-07-31T00:47:24Z</time>
    <extensions>
     <gpxtpx:TrackPointExtension>
      <gpxtpx:atemp>24</gpxtpx:atemp>
      <gpxtpx:hr>174</gpxtpx:hr>
      <gpxtpx:cad>50</gpxtpx:cad>
     </gpxtpx:TrackPointExtension>
    </extensions>
   </trkpt>
   <trkpt lat="12.9372790" lon="77.5113440">
    <ele>821.4</ele>
    <time>2026-07-31T00:47:33Z</time>
    <extensions>
     <gpxtpx:TrackPointExtension>
      <gpxtpx:atemp>24</gpxtpx:atemp>
      <gpxtpx:hr>175</gpxtpx:hr>
      <gpxtpx:cad>50</gpxtpx:cad>
     </gpxtpx:TrackPointExtension>
    </extensions>
   </trkpt>
   <trkpt lat="12.9373010" lon="77.5113320">
    <ele>821.6</ele>
    <time>2026-07-31T00:47:35Z</time>
    <extensions>
     <gpxtpx:TrackPointExtension>
      <gpxtpx:atemp>24</gpxtpx:atemp>
      <gpxtpx:hr>176</gpxtpx:hr>
      <gpxtpx:cad>51</gpxtpx:cad>
     </gpxtpx:TrackPointExtension>
    </extensions>
   </trkpt>
   <trkpt lat="12.9373030" lon="77.5113190">
    <ele>821.6</ele>
    <time>2026-07-31T00:47:36Z</time>
    <extensions>
     <gpxtpx:TrackPointExtension>
      <gpxtpx:atemp>24</gpxtpx:atemp>
      <gpxtpx:hr>176</gpxtpx:hr>
      <gpxtpx:cad>51</gpxtpx:cad>
     </gpxtpx:TrackPointExtension>
    </extensions>
   </trkpt>
   <trkpt lat="12.9373170" lon="77.5112930">
    <ele>821.8</ele>
    <time>2026-07-31T00:47:39Z</time>
    <extensions>
     <gpxtpx:TrackPointExtension>
      <gpxtpx:atemp>24</gpxtpx:atemp>
      <gpxtpx:hr>173</gpxtpx:hr>
      <gpxtpx:cad>50</gpxtpx:cad>
     </gpxtpx:TrackPointExtension>
    </extensions>
   </trkpt>
   <trkpt lat="12.9373340" lon="77.5112570">
    <ele>822.2</ele>
    <time>2026-07-31T00:47:43Z</time>
    <extensions>
     <gpxtpx:TrackPointExtension>
      <gpxtpx:atemp>24</gpxtpx:atemp>
      <gpxtpx:hr>170</gpxtpx:hr>
      <gpxtpx:cad>50</gpxtpx:cad>
     </gpxtpx:TrackPointExtension>
    </extensions>
   </trkpt>
   <trkpt lat="12.9373450" lon="77.5112060">
    <ele>822.4</ele>
    <time>2026-07-31T00:47:47Z</time>
    <extensions>
     <gpxtpx:TrackPointExtension>
      <gpxtpx:atemp>24</gpxtpx:atemp>
      <gpxtpx:hr>169</gpxtpx:hr>
      <gpxtpx:cad>49</gpxtpx:cad>
     </gpxtpx:TrackPointExtension>
    </extensions>
   </trkpt>
   <trkpt lat="12.9373580" lon="77.5111480">
    <ele>822.6</ele>
    <time>2026-07-31T00:47:52Z</time>
    <extensions>
     <gpxtpx:TrackPointExtension>
      <gpxtpx:atemp>24</gpxtpx:atemp>
      <gpxtpx:hr>168</gpxtpx:hr>
      <gpxtpx:cad>49</gpxtpx:cad>
     </gpxtpx:TrackPointExtension>
    </extensions>
   </trkpt>
   <trkpt lat="12.9373640" lon="77.5110880">
    <ele>822.8</ele>
    <time>2026-07-31T00:47:56Z</time>
    <extensions>
     <gpxtpx:TrackPointExtension>
      <gpxtpx:atemp>24</gpxtpx:atemp>
      <gpxtpx:hr>166</gpxtpx:hr>
      <gpxtpx:cad>48</gpxtpx:cad>
     </gpxtpx:TrackPointExtension>
    </extensions>
   </trkpt>
   <trkpt lat="12.9374080" lon="77.5110370">
    <ele>823.0</ele>
    <time>2026-07-31T00:48:00Z</time>
    <extensions>
     <gpxtpx:TrackPointExtension>
      <gpxtpx:atemp>24</gpxtpx:atemp>
      <gpxtpx:hr>164</gpxtpx:hr>
      <gpxtpx:cad>47</gpxtpx:cad>
     </gpxtpx:TrackPointExtension>
    </extensions>
   </trkpt>
   <trkpt lat="12.9374140" lon="77.5110090">
    <ele>823.2</ele>
    <time>2026-07-31T00:48:03Z</time>
    <extensions>
     <gpxtpx:TrackPointExtension>
      <gpxtpx:atemp>24</gpxtpx:atemp>
      <gpxtpx:hr>164</gpxtpx:hr>
      <gpxtpx:cad>47</gpxtpx:cad>
     </gpxtpx:TrackPointExtension>
    </extensions>
   </trkpt>
   <trkpt lat="12.9374380" lon="77.5109160">
    <ele>823.4</ele>
    <time>2026-07-31T00:48:10Z</time>
    <extensions>
     <gpxtpx:TrackPointExtension>
      <gpxtpx:atemp>24</gpxtpx:atemp>
      <gpxtpx:hr>164</gpxtpx:hr>
      <gpxtpx:cad>48</gpxtpx:cad>
     </gpxtpx:TrackPointExtension>
    </extensions>
   </trkpt>
   <trkpt lat="12.9374460" lon="77.5108980">
    <ele>823.6</ele>
    <time>2026-07-31T00:48:12Z</time>
    <extensions>
     <gpxtpx:TrackPointExtension>
      <gpxtpx:atemp>24</gpxtpx:atemp>
      <gpxtpx:hr>164</gpxtpx:hr>
      <gpxtpx:cad>48</gpxtpx:cad>
     </gpxtpx:TrackPointExtension>
    </extensions>
   </trkpt>
   <trkpt lat="12.9374630" lon="77.5108430">
    <ele>823.8</ele>
    <time>2026-07-31T00:48:17Z</time>
    <extensions>
     <gpxtpx:TrackPointExtension>
      <gpxtpx:atemp>24</gpxtpx:atemp>
      <gpxtpx:hr>164</gpxtpx:hr>
      <gpxtpx:cad>48</gpxtpx:cad>
     </gpxtpx:TrackPointExtension>
    </extensions>
   </trkpt>
   <trkpt lat="12.9375120" lon="77.5107370">
    <ele>824.4</ele>
    <time>2026-07-31T00:48:25Z</time>
    <extensions>
     <gpxtpx:TrackPointExtension>
      <gpxtpx:atemp>24</gpxtpx:atemp>
      <gpxtpx:hr>162</gpxtpx:hr>
      <gpxtpx:cad>50</gpxtpx:cad>
     </gpxtpx:TrackPointExtension>
    </extensions>
   </trkpt>
   <trkpt lat="12.9375340" lon="77.5106920">
    <ele>824.4</ele>
    <time>2026-07-31T00:48:29Z</time>
    <extensions>
     <gpxtpx:TrackPointExtension>
      <gpxtpx:atemp>24</gpxtpx:atemp>
      <gpxtpx:hr>161</gpxtpx:hr>
      <gpxtpx:cad>49</gpxtpx:cad>
     </gpxtpx:TrackPointExtension>
    </extensions>
   </trkpt>
   <trkpt lat="12.9375270" lon="77.5106650">
    <ele>824.4</ele>
    <time>2026-07-31T00:48:32Z</time>
    <extensions>
     <gpxtpx:TrackPointExtension>
      <gpxtpx:atemp>24</gpxtpx:atemp>
      <gpxtpx:hr>160</gpxtpx:hr>
      <gpxtpx:cad>49</gpxtpx:cad>
     </gpxtpx:TrackPointExtension>
    </extensions>
   </trkpt>
   <trkpt lat="12.9375400" lon="77.5106150">
    <ele>824.6</ele>
    <time>2026-07-31T00:48:36Z</time>
    <extensions>
     <gpxtpx:TrackPointExtension>
      <gpxtpx:atemp>24</gpxtpx:atemp>
      <gpxtpx:hr>158</gpxtpx:hr>
      <gpxtpx:cad>48</gpxtpx:cad>
     </gpxtpx:TrackPointExtension>
    </extensions>
   </trkpt>
   <trkpt lat="12.9375480" lon="77.5105700">
    <ele>825.0</ele>
    <time>2026-07-31T00:48:40Z</time>
    <extensions>
     <gpxtpx:TrackPointExtension>
      <gpxtpx:atemp>24</gpxtpx:atemp>
      <gpxtpx:hr>159</gpxtpx:hr>
      <gpxtpx:cad>47</gpxtpx:cad>
     </gpxtpx:TrackPointExtension>
    </extensions>
   </trkpt>
   <trkpt lat="12.9375750" lon="77.5105480">
    <ele>825.2</ele>
    <time>2026-07-31T00:48:43Z</time>
    <extensions>
     <gpxtpx:TrackPointExtension>
      <gpxtpx:atemp>24</gpxtpx:atemp>
      <gpxtpx:hr>158</gpxtpx:hr>
      <gpxtpx:cad>47</gpxtpx:cad>
     </gpxtpx:TrackPointExtension>
    </extensions>
   </trkpt>
   <trkpt lat="12.9376010" lon="77.5104730">
    <ele>825.4</ele>
    <time>2026-07-31T00:48:48Z</time>
    <extensions>
     <gpxtpx:TrackPointExtension>
      <gpxtpx:atemp>24</gpxtpx:atemp>
      <gpxtpx:hr>159</gpxtpx:hr>
      <gpxtpx:cad>48</gpxtpx:cad>
     </gpxtpx:TrackPointExtension>
    </extensions>
   </trkpt>
   <trkpt lat="12.9376200" lon="77.5104210">
    <ele>825.6</ele>
    <time>2026-07-31T00:48:52Z</time>
    <extensions>
     <gpxtpx:TrackPointExtension>
      <gpxtpx:atemp>24</gpxtpx:atemp>
      <gpxtpx:hr>159</gpxtpx:hr>
      <gpxtpx:cad>48</gpxtpx:cad>
     </gpxtpx:TrackPointExtension>
    </extensions>
   </trkpt>
   <trkpt lat="12.9376490" lon="77.5103670">
    <ele>826.0</ele>
    <time>2026-07-31T00:48:57Z</time>
    <extensions>
     <gpxtpx:TrackPointExtension>
      <gpxtpx:atemp>24</gpxtpx:atemp>
      <gpxtpx:hr>158</gpxtpx:hr>
      <gpxtpx:cad>50</gpxtpx:cad>
     </gpxtpx:TrackPointExtension>
    </extensions>
   </trkpt>
   <trkpt lat="12.9376750" lon="77.5102530">
    <ele>826.0</ele>
    <time>2026-07-31T00:49:02Z</time>
    <extensions>
     <gpxtpx:TrackPointExtension>
      <gpxtpx:atemp>24</gpxtpx:atemp>
      <gpxtpx:hr>158</gpxtpx:hr>
      <gpxtpx:cad>82</gpxtpx:cad>
     </gpxtpx:TrackPointExtension>
    </extensions>
   </trkpt>
   <trkpt lat="12.9377050" lon="77.5101920">
    <ele>826.2</ele>
    <time>2026-07-31T00:49:05Z</time>
    <extensions>
     <gpxtpx:TrackPointExtension>
      <gpxtpx:atemp>24</gpxtpx:atemp>
      <gpxtpx:hr>155</gpxtpx:hr>
      <gpxtpx:cad>82</gpxtpx:cad>
     </gpxtpx:TrackPointExtension>
    </extensions>
   </trkpt>
   <trkpt lat="12.9377490" lon="77.5100940">
    <ele>826.8</ele>
    <time>2026-07-31T00:49:09Z</time>
    <extensions>
     <gpxtpx:TrackPointExtension>
      <gpxtpx:atemp>24</gpxtpx:atemp>
      <gpxtpx:hr>157</gpxtpx:hr>
      <gpxtpx:cad>81</gpxtpx:cad>
     </gpxtpx:TrackPointExtension>
    </extensions>
   </trkpt>
   <trkpt lat="12.9378110" lon="77.5099740">
    <ele>827.4</ele>
    <time>2026-07-31T00:49:15Z</time>
    <extensions>
     <gpxtpx:TrackPointExtension>
      <gpxtpx:atemp>24</gpxtpx:atemp>
      <gpxtpx:hr>160</gpxtpx:hr>
      <gpxtpx:cad>81</gpxtpx:cad>
     </gpxtpx:TrackPointExtension>
    </extensions>
   </trkpt>
   <trkpt lat="12.9378590" lon="77.5098930">
    <ele>828.0</ele>
    <time>2026-07-31T00:49:19Z</time>
    <extensions>
     <gpxtpx:TrackPointExtension>
      <gpxtpx:atemp>24</gpxtpx:atemp>
      <gpxtpx:hr>163</gpxtpx:hr>
      <gpxtpx:cad>80</gpxtpx:cad>
     </gpxtpx:TrackPointExtension>
    </extensions>
   </trkpt>
   <trkpt lat="12.9379240" lon="77.5097960">
    <ele>828.6</ele>
    <time>2026-07-31T00:49:25Z</time>
    <extensions>
     <gpxtpx:TrackPointExtension>
      <gpxtpx:atemp>23</gpxtpx:atemp>
      <gpxtpx:hr>168</gpxtpx:hr>
      <gpxtpx:cad>79</gpxtpx:cad>
     </gpxtpx:TrackPointExtension>
    </extensions>
   </trkpt>
   <trkpt lat="12.9379400" lon="77.5097600">
    <ele>828.8</ele>
    <time>2026-07-31T00:49:27Z</time>
    <extensions>
     <gpxtpx:TrackPointExtension>
      <gpxtpx:atemp>24</gpxtpx:atemp>
      <gpxtpx:hr>169</gpxtpx:hr>
      <gpxtpx:cad>80</gpxtpx:cad>
     </gpxtpx:TrackPointExtension>
    </extensions>
   </trkpt>
   <trkpt lat="12.9379440" lon="77.5097370">
    <ele>828.8</ele>
    <time>2026-07-31T00:49:28Z</time>
    <extensions>
     <gpxtpx:TrackPointExtension>
      <gpxtpx:atemp>24</gpxtpx:atemp>
      <gpxtpx:hr>172</gpxtpx:hr>
      <gpxtpx:cad>80</gpxtpx:cad>
     </gpxtpx:TrackPointExtension>
    </extensions>
   </trkpt>
   <trkpt lat="12.9379580" lon="77.5096400">
    <ele>829.0</ele>
    <time>2026-07-31T00:49:32Z</time>
    <extensions>
     <gpxtpx:TrackPointExtension>
      <gpxtpx:atemp>24</gpxtpx:atemp>
      <gpxtpx:hr>172</gpxtpx:hr>
      <gpxtpx:cad>77</gpxtpx:cad>
     </gpxtpx:TrackPointExtension>
    </extensions>
   </trkpt>
   <trkpt lat="12.9379760" lon="77.5096130">
    <ele>829.2</ele>
    <time>2026-07-31T00:49:34Z</time>
    <extensions>
     <gpxtpx:TrackPointExtension>
      <gpxtpx:atemp>24</gpxtpx:atemp>
      <gpxtpx:hr>170</gpxtpx:hr>
      <gpxtpx:cad>76</gpxtpx:cad>
     </gpxtpx:TrackPointExtension>
    </extensions>
   </trkpt>
   <trkpt lat="12.9379870" lon="77.5095950">
    <ele>829.2</ele>
    <time>2026-07-31T00:49:35Z</time>
    <extensions>
     <gpxtpx:TrackPointExtension>
      <gpxtpx:atemp>24</gpxtpx:atemp>
      <gpxtpx:hr>173</gpxtpx:hr>
      <gpxtpx:cad>77</gpxtpx:cad>
     </gpxtpx:TrackPointExtension>
    </extensions>
   </trkpt>
   <trkpt lat="12.9380130" lon="77.5095270">
    <ele>829.4</ele>
    <time>2026-07-31T00:49:39Z</time>
    <extensions>
     <gpxtpx:TrackPointExtension>
      <gpxtpx:atemp>24</gpxtpx:atemp>
      <gpxtpx:hr>174</gpxtpx:hr>
      <gpxtpx:cad>77</gpxtpx:cad>
     </gpxtpx:TrackPointExtension>
    </extensions>
   </trkpt>
   <trkpt lat="12.9380300" lon="77.5095020">
    <ele>829.6</ele>
    <time>2026-07-31T00:49:41Z</time>
    <extensions>
     <gpxtpx:TrackPointExtension>
      <gpxtpx:atemp>24</gpxtpx:atemp>
      <gpxtpx:hr>174</gpxtpx:hr>
      <gpxtpx:cad>77</gpxtpx:cad>
     </gpxtpx:TrackPointExtension>
    </extensions>
   </trkpt>
   <trkpt lat="12.9380830" lon="77.5094260">
    <ele>830.0</ele>
    <time>2026-07-31T00:49:46Z</time>
    <extensions>
     <gpxtpx:TrackPointExtension>
      <gpxtpx:atemp>24</gpxtpx:atemp>
      <gpxtpx:hr>175</gpxtpx:hr>
      <gpxtpx:cad>77</gpxtpx:cad>
     </gpxtpx:TrackPointExtension>
    </extensions>
   </trkpt>
   <trkpt lat="12.9380950" lon="77.5093970">
    <ele>830.2</ele>
    <time>2026-07-31T00:49:48Z</time>
    <extensions>
     <gpxtpx:TrackPointExtension>
      <gpxtpx:atemp>24</gpxtpx:atemp>
      <gpxtpx:hr>175</gpxtpx:hr>
      <gpxtpx:cad>77</gpxtpx:cad>
     </gpxtpx:TrackPointExtension>
    </extensions>
   </trkpt>
   <trkpt lat="12.9381710" lon="77.5092960">
    <ele>830.8</ele>
    <time>2026-07-31T00:49:54Z</time>
    <extensions>
     <gpxtpx:TrackPointExtension>
      <gpxtpx:atemp>24</gpxtpx:atemp>
      <gpxtpx:hr>176</gpxtpx:hr>
      <gpxtpx:cad>77</gpxtpx:cad>
     </gpxtpx:TrackPointExtension>
    </extensions>
   </trkpt>
   <trkpt lat="12.9382040" lon="77.5092540">
    <ele>831.0</ele>
    <time>2026-07-31T00:49:56Z</time>
    <extensions>
     <gpxtpx:TrackPointExtension>
      <gpxtpx:atemp>24</gpxtpx:atemp>
      <gpxtpx:hr>175</gpxtpx:hr>
      <gpxtpx:cad>78</gpxtpx:cad>
     </gpxtpx:TrackPointExtension>
    </extensions>
   </trkpt>
   <trkpt lat="12.9382860" lon="77.5091570">
    <ele>831.8</ele>
    <time>2026-07-31T00:50:02Z</time>
    <extensions>
     <gpxtpx:TrackPointExtension>
      <gpxtpx:atemp>23</gpxtpx:atemp>
      <gpxtpx:hr>177</gpxtpx:hr>
      <gpxtpx:cad>77</gpxtpx:cad>
     </gpxtpx:TrackPointExtension>
    </extensions>
   </trkpt>
   <trkpt lat="12.9383560" lon="77.5090490">
    <ele>832.2</ele>
    <time>2026-07-31T00:50:08Z</time>
    <extensions>
     <gpxtpx:TrackPointExtension>
      <gpxtpx:atemp>24</gpxtpx:atemp>
      <gpxtpx:hr>178</gpxtpx:hr>
      <gpxtpx:cad>77</gpxtpx:cad>
     </gpxtpx:TrackPointExtension>
    </extensions>
   </trkpt>
   <trkpt lat="12.9383880" lon="77.5089910">
    <ele>832.8</ele>
    <time>2026-07-31T00:50:12Z</time>
    <extensions>
     <gpxtpx:TrackPointExtension>
      <gpxtpx:atemp>23</gpxtpx:atemp>
      <gpxtpx:hr>178</gpxtpx:hr>
      <gpxtpx:cad>75</gpxtpx:cad>
     </gpxtpx:TrackPointExtension>
    </extensions>
   </trkpt>
   <trkpt lat="12.9384170" lon="77.5089520">
    <ele>833.0</ele>
    <time>2026-07-31T00:50:16Z</time>
    <extensions>
     <gpxtpx:TrackPointExtension>
      <gpxtpx:atemp>24</gpxtpx:atemp>
      <gpxtpx:hr>178</gpxtpx:hr>
      <gpxtpx:cad>50</gpxtpx:cad>
     </gpxtpx:TrackPointExtension>
    </extensions>
   </trkpt>
   <trkpt lat="12.9384310" lon="77.5089360">
    <ele>833.0</ele>
    <time>2026-07-31T00:50:18Z</time>
    <extensions>
     <gpxtpx:TrackPointExtension>
      <gpxtpx:atemp>24</gpxtpx:atemp>
      <gpxtpx:hr>177</gpxtpx:hr>
      <gpxtpx:cad>50</gpxtpx:cad>
     </gpxtpx:TrackPointExtension>
    </extensions>
   </trkpt>
   <trkpt lat="12.9384380" lon="77.5089270">
    <ele>833.2</ele>
    <time>2026-07-31T00:50:19Z</time>
    <extensions>
     <gpxtpx:TrackPointExtension>
      <gpxtpx:atemp>24</gpxtpx:atemp>
      <gpxtpx:hr>176</gpxtpx:hr>
      <gpxtpx:cad>49</gpxtpx:cad>
     </gpxtpx:TrackPointExtension>
    </extensions>
   </trkpt>
   <trkpt lat="12.9384800" lon="77.5088440">
    <ele>833.4</ele>
    <time>2026-07-31T00:50:26Z</time>
    <extensions>
     <gpxtpx:TrackPointExtension>
      <gpxtpx:atemp>24</gpxtpx:atemp>
      <gpxtpx:hr>175</gpxtpx:hr>
      <gpxtpx:cad>50</gpxtpx:cad>
     </gpxtpx:TrackPointExtension>
    </extensions>
   </trkpt>
   <trkpt lat="12.9385760" lon="77.5087660">
    <ele>834.0</ele>
    <time>2026-07-31T00:50:36Z</time>
    <extensions>
     <gpxtpx:TrackPointExtension>
      <gpxtpx:atemp>24</gpxtpx:atemp>
      <gpxtpx:hr>176</gpxtpx:hr>
      <gpxtpx:cad>48</gpxtpx:cad>
     </gpxtpx:TrackPointExtension>
    </extensions>
   </trkpt>
   <trkpt lat="12.9386000" lon="77.5087540">
    <ele>834.2</ele>
    <time>2026-07-31T00:50:38Z</time>
    <extensions>
     <gpxtpx:TrackPointExtension>
      <gpxtpx:atemp>24</gpxtpx:atemp>
      <gpxtpx:hr>177</gpxtpx:hr>
      <gpxtpx:cad>47</gpxtpx:cad>
     </gpxtpx:TrackPointExtension>
    </extensions>
   </trkpt>
   <trkpt lat="12.9386440" lon="77.5087190">
    <ele>834.4</ele>
    <time>2026-07-31T00:50:43Z</time>
    <extensions>
     <gpxtpx:TrackPointExtension>
      <gpxtpx:atemp>24</gpxtpx:atemp>
      <gpxtpx:hr>178</gpxtpx:hr>
      <gpxtpx:cad>50</gpxtpx:cad>
     </gpxtpx:TrackPointExtension>
    </extensions>
   </trkpt>
   <trkpt lat="12.9386880" lon="77.5086660">
    <ele>834.6</ele>
    <time>2026-07-31T00:50:50Z</time>
    <extensions>
     <gpxtpx:TrackPointExtension>
      <gpxtpx:atemp>24</gpxtpx:atemp>
      <gpxtpx:hr>176</gpxtpx:hr>
      <gpxtpx:cad>48</gpxtpx:cad>
     </gpxtpx:TrackPointExtension>
    </extensions>
   </trkpt>
   <trkpt lat="12.9387580" lon="77.5086040">
    <ele>835.2</ele>
    <time>2026-07-31T00:50:57Z</time>
    <extensions>
     <gpxtpx:TrackPointExtension>
      <gpxtpx:atemp>24</gpxtpx:atemp>
      <gpxtpx:hr>174</gpxtpx:hr>
      <gpxtpx:cad>49</gpxtpx:cad>
     </gpxtpx:TrackPointExtension>
    </extensions>
   </trkpt>
   <trkpt lat="12.9387920" lon="77.5085730">
    <ele>835.2</ele>
    <time>2026-07-31T00:50:59Z</time>
    <extensions>
     <gpxtpx:TrackPointExtension>
      <gpxtpx:atemp>24</gpxtpx:atemp>
      <gpxtpx:hr>173</gpxtpx:hr>
      <gpxtpx:cad>50</gpxtpx:cad>
     </gpxtpx:TrackPointExtension>
    </extensions>
   </trkpt>
   <trkpt lat="12.9388410" lon="77.5085290">
    <ele>835.6</ele>
    <time>2026-07-31T00:51:02Z</time>
    <extensions>
     <gpxtpx:TrackPointExtension>
      <gpxtpx:atemp>24</gpxtpx:atemp>
      <gpxtpx:hr>173</gpxtpx:hr>
      <gpxtpx:cad>80</gpxtpx:cad>
     </gpxtpx:TrackPointExtension>
    </extensions>
   </trkpt>
   <trkpt lat="12.9389400" lon="77.5084280">
    <ele>836.0</ele>
    <time>2026-07-31T00:51:08Z</time>
    <extensions>
     <gpxtpx:TrackPointExtension>
      <gpxtpx:atemp>23</gpxtpx:atemp>
      <gpxtpx:hr>175</gpxtpx:hr>
      <gpxtpx:cad>81</gpxtpx:cad>
     </gpxtpx:TrackPointExtension>
    </extensions>
   </trkpt>
   <trkpt lat="12.9390300" lon="77.5082990">
    <ele>836.2</ele>
    <time>2026-07-31T00:51:14Z</time>
    <extensions>
     <gpxtpx:TrackPointExtension>
      <gpxtpx:atemp>24</gpxtpx:atemp>
      <gpxtpx:hr>176</gpxtpx:hr>
      <gpxtpx:cad>79</gpxtpx:cad>
     </gpxtpx:TrackPointExtension>
    </extensions>
   </trkpt>
   <trkpt lat="12.9390900" lon="77.5082340">
    <ele>836.6</ele>
    <time>2026-07-31T00:51:18Z</time>
    <extensions>
     <gpxtpx:TrackPointExtension>
      <gpxtpx:atemp>23</gpxtpx:atemp>
      <gpxtpx:hr>177</gpxtpx:hr>
      <gpxtpx:cad>79</gpxtpx:cad>
     </gpxtpx:TrackPointExtension>
    </extensions>
   </trkpt>
   <trkpt lat="12.9391870" lon="77.5081330">
    <ele>837.2</ele>
    <time>2026-07-31T00:51:24Z</time>
    <extensions>
     <gpxtpx:TrackPointExtension>
      <gpxtpx:atemp>23</gpxtpx:atemp>
      <gpxtpx:hr>177</gpxtpx:hr>
      <gpxtpx:cad>79</gpxtpx:cad>
     </gpxtpx:TrackPointExtension>
    </extensions>
   </trkpt>
   <trkpt lat="12.9392050" lon="77.5081160">
    <ele>837.4</ele>
    <time>2026-07-31T00:51:25Z</time>
    <extensions>
     <gpxtpx:TrackPointExtension>
      <gpxtpx:atemp>24</gpxtpx:atemp>
      <gpxtpx:hr>177</gpxtpx:hr>
      <gpxtpx:cad>79</gpxtpx:cad>
     </gpxtpx:TrackPointExtension>
    </extensions>
   </trkpt>
   <trkpt lat="12.9393010" lon="77.5080150">
    <ele>838.0</ele>
    <time>2026-07-31T00:51:31Z</time>
    <extensions>
     <gpxtpx:TrackPointExtension>
      <gpxtpx:atemp>24</gpxtpx:atemp>
      <gpxtpx:hr>180</gpxtpx:hr>
      <gpxtpx:cad>80</gpxtpx:cad>
     </gpxtpx:TrackPointExtension>
    </extensions>
   </trkpt>
   <trkpt lat="12.9393140" lon="77.5079950">
    <ele>838.0</ele>
    <time>2026-07-31T00:51:32Z</time>
    <extensions>
     <gpxtpx:TrackPointExtension>
      <gpxtpx:atemp>24</gpxtpx:atemp>
      <gpxtpx:hr>179</gpxtpx:hr>
      <gpxtpx:cad>80</gpxtpx:cad>
     </gpxtpx:TrackPointExtension>
    </extensions>
   </trkpt>
   <trkpt lat="12.9393670" lon="77.5079210">
    <ele>838.6</ele>
    <time>2026-07-31T00:51:36Z</time>
    <extensions>
     <gpxtpx:TrackPointExtension>
      <gpxtpx:atemp>24</gpxtpx:atemp>
      <gpxtpx:hr>177</gpxtpx:hr>
      <gpxtpx:cad>77</gpxtpx:cad>
     </gpxtpx:TrackPointExtension>
    </extensions>
   </trkpt>
   <trkpt lat="12.9393810" lon="77.5079040">
    <ele>838.6</ele>
    <time>2026-07-31T00:51:37Z</time>
    <extensions>
     <gpxtpx:TrackPointExtension>
      <gpxtpx:atemp>24</gpxtpx:atemp>
      <gpxtpx:hr>180</gpxtpx:hr>
      <gpxtpx:cad>77</gpxtpx:cad>
     </gpxtpx:TrackPointExtension>
    </extensions>
   </trkpt>
   <trkpt lat="12.9394270" lon="77.5078710">
    <ele>839.0</ele>
    <time>2026-07-31T00:51:40Z</time>
    <extensions>
     <gpxtpx:TrackPointExtension>
      <gpxtpx:atemp>24</gpxtpx:atemp>
      <gpxtpx:hr>181</gpxtpx:hr>
      <gpxtpx:cad>78</gpxtpx:cad>
     </gpxtpx:TrackPointExtension>
    </extensions>
   </trkpt>
   <trkpt lat="12.9395250" lon="77.5077960">
    <ele>839.6</ele>
    <time>2026-07-31T00:51:46Z</time>
    <extensions>
     <gpxtpx:TrackPointExtension>
      <gpxtpx:atemp>23</gpxtpx:atemp>
      <gpxtpx:hr>183</gpxtpx:hr>
      <gpxtpx:cad>78</gpxtpx:cad>
     </gpxtpx:TrackPointExtension>
    </extensions>
   </trkpt>
   <trkpt lat="12.9395450" lon="77.5077830">
    <ele>839.6</ele>
    <time>2026-07-31T00:51:47Z</time>
    <extensions>
     <gpxtpx:TrackPointExtension>
      <gpxtpx:atemp>24</gpxtpx:atemp>
      <gpxtpx:hr>183</gpxtpx:hr>
      <gpxtpx:cad>78</gpxtpx:cad>
     </gpxtpx:TrackPointExtension>
    </extensions>
   </trkpt>
   <trkpt lat="12.9395610" lon="77.5077710">
    <ele>839.8</ele>
    <time>2026-07-31T00:51:48Z</time>
    <extensions>
     <gpxtpx:TrackPointExtension>
      <gpxtpx:atemp>24</gpxtpx:atemp>
      <gpxtpx:hr>180</gpxtpx:hr>
      <gpxtpx:cad>78</gpxtpx:cad>
     </gpxtpx:TrackPointExtension>
    </extensions>
   </trkpt>
   <trkpt lat="12.9395750" lon="77.5077570">
    <ele>839.8</ele>
    <time>2026-07-31T00:51:49Z</time>
    <extensions>
     <gpxtpx:TrackPointExtension>
      <gpxtpx:atemp>24</gpxtpx:atemp>
      <gpxtpx:hr>183</gpxtpx:hr>
      <gpxtpx:cad>78</gpxtpx:cad>
     </gpxtpx:TrackPointExtension>
    </extensions>
   </trkpt>
   <trkpt lat="12.9396510" lon="77.5076900">
    <ele>840.6</ele>
    <time>2026-07-31T00:51:54Z</time>
    <extensions>
     <gpxtpx:TrackPointExtension>
      <gpxtpx:atemp>23</gpxtpx:atemp>
      <gpxtpx:hr>184</gpxtpx:hr>
      <gpxtpx:cad>77</gpxtpx:cad>
     </gpxtpx:TrackPointExtension>
    </extensions>
   </trkpt>
   <trkpt lat="12.9396670" lon="77.5076820">
    <ele>840.8</ele>
    <time>2026-07-31T00:51:55Z</time>
    <extensions>
     <gpxtpx:TrackPointExtension>
      <gpxtpx:atemp>24</gpxtpx:atemp>
      <gpxtpx:hr>184</gpxtpx:hr>
      <gpxtpx:cad>77</gpxtpx:cad>
     </gpxtpx:TrackPointExtension>
    </extensions>
   </trkpt>
   <trkpt lat="12.9397490" lon="77.5075690">
    <ele>841.6</ele>
    <time>2026-07-31T00:52:03Z</time>
    <extensions>
     <gpxtpx:TrackPointExtension>
      <gpxtpx:atemp>24</gpxtpx:atemp>
      <gpxtpx:hr>184</gpxtpx:hr>
      <gpxtpx:cad>77</gpxtpx:cad>
     </gpxtpx:TrackPointExtension>
    </extensions>
   </trkpt>
   <trkpt lat="12.9397640" lon="77.5075570">
    <ele>842.0</ele>
    <time>2026-07-31T00:52:04Z</time>
    <extensions>
     <gpxtpx:TrackPointExtension>
      <gpxtpx:atemp>23</gpxtpx:atemp>
      <gpxtpx:hr>184</gpxtpx:hr>
      <gpxtpx:cad>76</gpxtpx:cad>
     </gpxtpx:TrackPointExtension>
    </extensions>
   </trkpt>
   <trkpt lat="12.9398730" lon="77.5074740">
    <ele>842.8</ele>
    <time>2026-07-31T00:52:11Z</time>
    <extensions>
     <gpxtpx:TrackPointExtension>
      <gpxtpx:atemp>23</gpxtpx:atemp>
      <gpxtpx:hr>184</gpxtpx:hr>
      <gpxtpx:cad>77</gpxtpx:cad>
     </gpxtpx:TrackPointExtension>
    </extensions>
   </trkpt>
   <trkpt lat="12.9399120" lon="77.5074350">
    <ele>843.0</ele>
    <time>2026-07-31T00:52:14Z</time>
    <extensions>
     <gpxtpx:TrackPointExtension>
      <gpxtpx:atemp>23</gpxtpx:atemp>
      <gpxtpx:hr>184</gpxtpx:hr>
      <gpxtpx:cad>78</gpxtpx:cad>
     </gpxtpx:TrackPointExtension>
    </extensions>
   </trkpt>
   <trkpt lat="12.9399720" lon="77.5073850">
    <ele>843.4</ele>
    <time>2026-07-31T00:52:18Z</time>
    <extensions>
     <gpxtpx:TrackPointExtension>
      <gpxtpx:atemp>23</gpxtpx:atemp>
      <gpxtpx:hr>184</gpxtpx:hr>
      <gpxtpx:cad>75</gpxtpx:cad>
     </gpxtpx:TrackPointExtension>
    </extensions>
   </trkpt>
   <trkpt lat="12.9400500" lon="77.5073280">
    <ele>844.0</ele>
    <time>2026-07-31T00:52:23Z</time>
    <extensions>
     <gpxtpx:TrackPointExtension>
      <gpxtpx:atemp>23</gpxtpx:atemp>
      <gpxtpx:hr>184</gpxtpx:hr>
      <gpxtpx:cad>77</gpxtpx:cad>
     </gpxtpx:TrackPointExtension>
    </extensions>
   </trkpt>
   <trkpt lat="12.9400950" lon="77.5072820">
    <ele>844.4</ele>
    <time>2026-07-31T00:52:26Z</time>
    <extensions>
     <gpxtpx:TrackPointExtension>
      <gpxtpx:atemp>23</gpxtpx:atemp>
      <gpxtpx:hr>184</gpxtpx:hr>
      <gpxtpx:cad>76</gpxtpx:cad>
     </gpxtpx:TrackPointExtension>
    </extensions>
   </trkpt>
   <trkpt lat="12.9401860" lon="77.5072030">
    <ele>844.8</ele>
    <time>2026-07-31T00:52:32Z</time>
    <extensions>
     <gpxtpx:TrackPointExtension>
      <gpxtpx:atemp>23</gpxtpx:atemp>
      <gpxtpx:hr>184</gpxtpx:hr>
      <gpxtpx:cad>76</gpxtpx:cad>
     </gpxtpx:TrackPointExtension>
    </extensions>
   </trkpt>
   <trkpt lat="12.9402580" lon="77.5071460">
    <ele>845.2</ele>
    <time>2026-07-31T00:52:36Z</time>
    <extensions>
     <gpxtpx:TrackPointExtension>
      <gpxtpx:atemp>23</gpxtpx:atemp>
      <gpxtpx:hr>184</gpxtpx:hr>
      <gpxtpx:cad>77</gpxtpx:cad>
     </gpxtpx:TrackPointExtension>
    </extensions>
   </trkpt>
   <trkpt lat="12.9402910" lon="77.5071150">
    <ele>845.2</ele>
    <time>2026-07-31T00:52:38Z</time>
    <extensions>
     <gpxtpx:TrackPointExtension>
      <gpxtpx:atemp>23</gpxtpx:atemp>
      <gpxtpx:hr>185</gpxtpx:hr>
      <gpxtpx:cad>76</gpxtpx:cad>
     </gpxtpx:TrackPointExtension>
    </extensions>
   </trkpt>
   <trkpt lat="12.9404190" lon="77.5069710">
    <ele>845.8</ele>
    <time>2026-07-31T00:52:47Z</time>
    <extensions>
     <gpxtpx:TrackPointExtension>
      <gpxtpx:atemp>23</gpxtpx:atemp>
      <gpxtpx:hr>185</gpxtpx:hr>
      <gpxtpx:cad>76</gpxtpx:cad>
     </gpxtpx:TrackPointExtension>
    </extensions>
   </trkpt>
   <trkpt lat="12.9404320" lon="77.5069530">
    <ele>846.0</ele>
    <time>2026-07-31T00:52:48Z</time>
    <extensions>
     <gpxtpx:TrackPointExtension>
      <gpxtpx:atemp>23</gpxtpx:atemp>
      <gpxtpx:hr>185</gpxtpx:hr>
      <gpxtpx:cad>76</gpxtpx:cad>
     </gpxtpx:TrackPointExtension>
    </extensions>
   </trkpt>
   <trkpt lat="12.9405340" lon="77.5068610">
    <ele>846.2</ele>
    <time>2026-07-31T00:52:54Z</time>
    <extensions>
     <gpxtpx:TrackPointExtension>
      <gpxtpx:atemp>23</gpxtpx:atemp>
      <gpxtpx:hr>185</gpxtpx:hr>
      <gpxtpx:cad>76</gpxtpx:cad>
     </gpxtpx:TrackPointExtension>
    </extensions>
   </trkpt>
   <trkpt lat="12.9405710" lon="77.5068120">
    <ele>846.2</ele>
    <time>2026-07-31T00:52:57Z</time>
    <extensions>
     <gpxtpx:TrackPointExtension>
      <gpxtpx:atemp>23</gpxtpx:atemp>
      <gpxtpx:hr>185</gpxtpx:hr>
      <gpxtpx:cad>78</gpxtpx:cad>
     </gpxtpx:TrackPointExtension>
    </extensions>
   </trkpt>
   <trkpt lat="12.9405830" lon="77.5067990">
    <ele>846.2</ele>
    <time>2026-07-31T00:52:58Z</time>
    <extensions>
     <gpxtpx:TrackPointExtension>
      <gpxtpx:atemp>23</gpxtpx:atemp>
      <gpxtpx:hr>186</gpxtpx:hr>
      <gpxtpx:cad>77</gpxtpx:cad>
     </gpxtpx:TrackPointExtension>
    </extensions>
   </trkpt>
   <trkpt lat="12.9406790" lon="77.5067140">
    <ele>846.4</ele>
    <time>2026-07-31T00:53:04Z</time>
    <extensions>
     <gpxtpx:TrackPointExtension>
      <gpxtpx:atemp>23</gpxtpx:atemp>
      <gpxtpx:hr>183</gpxtpx:hr>
      <gpxtpx:cad>78</gpxtpx:cad>
     </gpxtpx:TrackPointExtension>
    </extensions>
   </trkpt>
   <trkpt lat="12.9407700" lon="77.5066520">
    <ele>846.6</ele>
    <time>2026-07-31T00:53:09Z</time>
    <extensions>
     <gpxtpx:TrackPointExtension>
      <gpxtpx:atemp>23</gpxtpx:atemp>
      <gpxtpx:hr>181</gpxtpx:hr>
      <gpxtpx:cad>77</gpxtpx:cad>
     </gpxtpx:TrackPointExtension>
    </extensions>
   </trkpt>
   <trkpt lat="12.9408770" lon="77.5065810">
    <ele>846.8</ele>
    <time>2026-07-31T00:53:16Z</time>
    <extensions>
     <gpxtpx:TrackPointExtension>
      <gpxtpx:atemp>23</gpxtpx:atemp>
      <gpxtpx:hr>183</gpxtpx:hr>
      <gpxtpx:cad>76</gpxtpx:cad>
     </gpxtpx:TrackPointExtension>
    </extensions>
   </trkpt>
   <trkpt lat="12.9410330" lon="77.5064790">
    <ele>847.0</ele>
    <time>2026-07-31T00:53:24Z</time>
    <extensions>
     <gpxtpx:TrackPointExtension>
      <gpxtpx:atemp>23</gpxtpx:atemp>
      <gpxtpx:hr>180</gpxtpx:hr>
      <gpxtpx:cad>75</gpxtpx:cad>
     </gpxtpx:TrackPointExtension>
    </extensions>
   </trkpt>
   <trkpt lat="12.9410790" lon="77.5064530">
    <ele>847.2</ele>
    <time>2026-07-31T00:53:27Z</time>
    <extensions>
     <gpxtpx:TrackPointExtension>
      <gpxtpx:atemp>23</gpxtpx:atemp>
      <gpxtpx:hr>180</gpxtpx:hr>
      <gpxtpx:cad>76</gpxtpx:cad>
     </gpxtpx:TrackPointExtension>
    </extensions>
   </trkpt>
   <trkpt lat="12.9411970" lon="77.5063700">
    <ele>847.2</ele>
    <time>2026-07-31T00:53:34Z</time>
    <extensions>
     <gpxtpx:TrackPointExtension>
      <gpxtpx:atemp>23</gpxtpx:atemp>
      <gpxtpx:hr>180</gpxtpx:hr>
      <gpxtpx:cad>76</gpxtpx:cad>
     </gpxtpx:TrackPointExtension>
    </extensions>
   </trkpt>
   <trkpt lat="12.9413610" lon="77.5062650">
    <ele>847.6</ele>
    <time>2026-07-31T00:53:43Z</time>
    <extensions>
     <gpxtpx:TrackPointExtension>
      <gpxtpx:atemp>23</gpxtpx:atemp>
      <gpxtpx:hr>181</gpxtpx:hr>
      <gpxtpx:cad>77</gpxtpx:cad>
     </gpxtpx:TrackPointExtension>
    </extensions>
   </trkpt>
   <trkpt lat="12.9414320" lon="77.5062190">
    <ele>847.6</ele>
    <time>2026-07-31T00:53:47Z</time>
    <extensions>
     <gpxtpx:TrackPointExtension>
      <gpxtpx:atemp>23</gpxtpx:atemp>
      <gpxtpx:hr>177</gpxtpx:hr>
      <gpxtpx:cad>75</gpxtpx:cad>
     </gpxtpx:TrackPointExtension>
    </extensions>
   </trkpt>
   <trkpt lat="12.9414690" lon="77.5061950">
    <ele>847.4</ele>
    <time>2026-07-31T00:53:49Z</time>
    <extensions>
     <gpxtpx:TrackPointExtension>
      <gpxtpx:atemp>23</gpxtpx:atemp>
      <gpxtpx:hr>177</gpxtpx:hr>
      <gpxtpx:cad>75</gpxtpx:cad>
     </gpxtpx:TrackPointExtension>
    </extensions>
   </trkpt>
   <trkpt lat="12.9416190" lon="77.5060930">
    <ele>847.6</ele>
    <time>2026-07-31T00:53:58Z</time>
    <extensions>
     <gpxtpx:TrackPointExtension>
      <gpxtpx:atemp>23</gpxtpx:atemp>
      <gpxtpx:hr>178</gpxtpx:hr>
      <gpxtpx:cad>76</gpxtpx:cad>
     </gpxtpx:TrackPointExtension>
    </extensions>
   </trkpt>
   <trkpt lat="12.9417820" lon="77.5059780">
    <ele>847.4</ele>
    <time>2026-07-31T00:54:07Z</time>
    <extensions>
     <gpxtpx:TrackPointExtension>
      <gpxtpx:atemp>23</gpxtpx:atemp>
      <gpxtpx:hr>180</gpxtpx:hr>
      <gpxtpx:cad>75</gpxtpx:cad>
     </gpxtpx:TrackPointExtension>
    </extensions>
   </trkpt>
   <trkpt lat="12.9418160" lon="77.5059690">
    <ele>847.4</ele>
    <time>2026-07-31T00:54:09Z</time>
    <extensions>
     <gpxtpx:TrackPointExtension>
      <gpxtpx:atemp>23</gpxtpx:atemp>
      <gpxtpx:hr>180</gpxtpx:hr>
      <gpxtpx:cad>77</gpxtpx:cad>
     </gpxtpx:TrackPointExtension>
    </extensions>
   </trkpt>
   <trkpt lat="12.9418700" lon="77.5059540">
    <ele>847.6</ele>
    <time>2026-07-31T00:54:13Z</time>
    <extensions>
     <gpxtpx:TrackPointExtension>
      <gpxtpx:atemp>23</gpxtpx:atemp>
      <gpxtpx:hr>179</gpxtpx:hr>
      <gpxtpx:cad>72</gpxtpx:cad>
     </gpxtpx:TrackPointExtension>
    </extensions>
   </trkpt>
   <trkpt lat="12.9418950" lon="77.5059570">
    <ele>847.6</ele>
    <time>2026-07-31T00:54:15Z</time>
    <extensions>
     <gpxtpx:TrackPointExtension>
      <gpxtpx:atemp>23</gpxtpx:atemp>
      <gpxtpx:hr>179</gpxtpx:hr>
      <gpxtpx:cad>72</gpxtpx:cad>
     </gpxtpx:TrackPointExtension>
    </extensions>
   </trkpt>
   <trkpt lat="12.9418900" lon="77.5059870">
    <ele>847.6</ele>
    <time>2026-07-31T00:54:18Z</time>
    <extensions>
     <gpxtpx:TrackPointExtension>
      <gpxtpx:atemp>23</gpxtpx:atemp>
      <gpxtpx:hr>178</gpxtpx:hr>
      <gpxtpx:cad>51</gpxtpx:cad>
     </gpxtpx:TrackPointExtension>
    </extensions>
   </trkpt>
   <trkpt lat="12.9418570" lon="77.5060100">
    <ele>847.4</ele>
    <time>2026-07-31T00:54:23Z</time>
    <extensions>
     <gpxtpx:TrackPointExtension>
      <gpxtpx:atemp>23</gpxtpx:atemp>
      <gpxtpx:hr>175</gpxtpx:hr>
      <gpxtpx:cad>47</gpxtpx:cad>
     </gpxtpx:TrackPointExtension>
    </extensions>
   </trkpt>
   <trkpt lat="12.9418450" lon="77.5060140">
    <ele>847.4</ele>
    <time>2026-07-31T00:54:24Z</time>
    <extensions>
     <gpxtpx:TrackPointExtension>
      <gpxtpx:atemp>23</gpxtpx:atemp>
      <gpxtpx:hr>175</gpxtpx:hr>
      <gpxtpx:cad>45</gpxtpx:cad>
     </gpxtpx:TrackPointExtension>
    </extensions>
   </trkpt>
   <trkpt lat="12.9418270" lon="77.5060310">
    <ele>847.4</ele>
    <time>2026-07-31T00:54:26Z</time>
    <extensions>
     <gpxtpx:TrackPointExtension>
      <gpxtpx:atemp>23</gpxtpx:atemp>
      <gpxtpx:hr>174</gpxtpx:hr>
      <gpxtpx:cad>46</gpxtpx:cad>
     </gpxtpx:TrackPointExtension>
    </extensions>
   </trkpt>
   <trkpt lat="12.9418120" lon="77.5060480">
    <ele>847.4</ele>
    <time>2026-07-31T00:54:28Z</time>
    <extensions>
     <gpxtpx:TrackPointExtension>
      <gpxtpx:atemp>23</gpxtpx:atemp>
      <gpxtpx:hr>171</gpxtpx:hr>
      <gpxtpx:cad>48</gpxtpx:cad>
     </gpxtpx:TrackPointExtension>
    </extensions>
   </trkpt>
   <trkpt lat="12.9417850" lon="77.5060670">
    <ele>847.4</ele>
    <time>2026-07-31T00:54:31Z</time>
    <extensions>
     <gpxtpx:TrackPointExtension>
      <gpxtpx:atemp>23</gpxtpx:atemp>
      <gpxtpx:hr>167</gpxtpx:hr>
      <gpxtpx:cad>48</gpxtpx:cad>
     </gpxtpx:TrackPointExtension>
    </extensions>
   </trkpt>
   <trkpt lat="12.9417580" lon="77.5060710">
    <ele>847.4</ele>
    <time>2026-07-31T00:54:34Z</time>
    <extensions>
     <gpxtpx:TrackPointExtension>
      <gpxtpx:atemp>23</gpxtpx:atemp>
      <gpxtpx:hr>164</gpxtpx:hr>
      <gpxtpx:cad>48</gpxtpx:cad>
     </gpxtpx:TrackPointExtension>
    </extensions>
   </trkpt>
   <trkpt lat="12.9417510" lon="77.5060800">
    <ele>847.4</ele>
    <time>2026-07-31T00:54:35Z</time>
    <extensions>
     <gpxtpx:TrackPointExtension>
      <gpxtpx:atemp>23</gpxtpx:atemp>
      <gpxtpx:hr>163</gpxtpx:hr>
      <gpxtpx:cad>48</gpxtpx:cad>
     </gpxtpx:TrackPointExtension>
    </extensions>
   </trkpt>
   <trkpt lat="12.9417340" lon="77.5060920">
    <ele>847.4</ele>
    <time>2026-07-31T00:54:37Z</time>
    <extensions>
     <gpxtpx:TrackPointExtension>
      <gpxtpx:atemp>23</gpxtpx:atemp>
      <gpxtpx:hr>159</gpxtpx:hr>
      <gpxtpx:cad>48</gpxtpx:cad>
     </gpxtpx:TrackPointExtension>
    </extensions>
   </trkpt>
   <trkpt lat="12.9416920" lon="77.5061250">
    <ele>847.4</ele>
    <time>2026-07-31T00:54:40Z</time>
    <extensions>
     <gpxtpx:TrackPointExtension>
      <gpxtpx:atemp>23</gpxtpx:atemp>
      <gpxtpx:hr>156</gpxtpx:hr>
      <gpxtpx:cad>47</gpxtpx:cad>
     </gpxtpx:TrackPointExtension>
    </extensions>
   </trkpt>
   <trkpt lat="12.9416720" lon="77.5061400">
    <ele>847.4</ele>
    <time>2026-07-31T00:54:41Z</time>
    <extensions>
     <gpxtpx:TrackPointExtension>
      <gpxtpx:atemp>23</gpxtpx:atemp>
      <gpxtpx:hr>153</gpxtpx:hr>
      <gpxtpx:cad>46</gpxtpx:cad>
     </gpxtpx:TrackPointExtension>
    </extensions>
   </trkpt>
   <trkpt lat="12.9416540" lon="77.5061430">
    <ele>847.4</ele>
    <time>2026-07-31T00:54:42Z</time>
    <extensions>
     <gpxtpx:TrackPointExtension>
      <gpxtpx:atemp>23</gpxtpx:atemp>
      <gpxtpx:hr>152</gpxtpx:hr>
      <gpxtpx:cad>46</gpxtpx:cad>
     </gpxtpx:TrackPointExtension>
    </extensions>
   </trkpt>
   <trkpt lat="12.9416230" lon="77.5061630">
    <ele>847.2</ele>
    <time>2026-07-31T00:54:46Z</time>
    <extensions>
     <gpxtpx:TrackPointExtension>
      <gpxtpx:atemp>23</gpxtpx:atemp>
      <gpxtpx:hr>149</gpxtpx:hr>
      <gpxtpx:cad>48</gpxtpx:cad>
     </gpxtpx:TrackPointExtension>
    </extensions>
   </trkpt>
   <trkpt lat="12.9416080" lon="77.5061510">
    <ele>847.2</ele>
    <time>2026-07-31T00:54:48Z</time>
    <extensions>
     <gpxtpx:TrackPointExtension>
      <gpxtpx:atemp>23</gpxtpx:atemp>
      <gpxtpx:hr>148</gpxtpx:hr>
      <gpxtpx:cad>48</gpxtpx:cad>
     </gpxtpx:TrackPointExtension>
    </extensions>
   </trkpt>
   <trkpt lat="12.9416010" lon="77.5061590">
    <ele>847.2</ele>
    <time>2026-07-31T00:54:49Z</time>
    <extensions>
     <gpxtpx:TrackPointExtension>
      <gpxtpx:atemp>23</gpxtpx:atemp>
      <gpxtpx:hr>147</gpxtpx:hr>
      <gpxtpx:cad>48</gpxtpx:cad>
     </gpxtpx:TrackPointExtension>
    </extensions>
   </trkpt>
   <trkpt lat="12.9415810" lon="77.5061820">
    <ele>847.2</ele>
    <time>2026-07-31T00:54:51Z</time>
    <extensions>
     <gpxtpx:TrackPointExtension>
      <gpxtpx:atemp>23</gpxtpx:atemp>
      <gpxtpx:hr>144</gpxtpx:hr>
      <gpxtpx:cad>49</gpxtpx:cad>
     </gpxtpx:TrackPointExtension>
    </extensions>
   </trkpt>
   <trkpt lat="12.9415330" lon="77.5062340">
    <ele>847.2</ele>
    <time>2026-07-31T00:54:58Z</time>
    <extensions>
     <gpxtpx:TrackPointExtension>
      <gpxtpx:atemp>23</gpxtpx:atemp>
      <gpxtpx:hr>143</gpxtpx:hr>
      <gpxtpx:cad>48</gpxtpx:cad>
     </gpxtpx:TrackPointExtension>
    </extensions>
   </trkpt>
   <trkpt lat="12.9414810" lon="77.5062530">
    <ele>847.2</ele>
    <time>2026-07-31T00:55:04Z</time>
    <extensions>
     <gpxtpx:TrackPointExtension>
      <gpxtpx:atemp>23</gpxtpx:atemp>
      <gpxtpx:hr>143</gpxtpx:hr>
      <gpxtpx:cad>48</gpxtpx:cad>
     </gpxtpx:TrackPointExtension>
    </extensions>
   </trkpt>
   <trkpt lat="12.9414760" lon="77.5062630">
    <ele>847.2</ele>
    <time>2026-07-31T00:55:05Z</time>
    <extensions>
     <gpxtpx:TrackPointExtension>
      <gpxtpx:atemp>23</gpxtpx:atemp>
      <gpxtpx:hr>143</gpxtpx:hr>
      <gpxtpx:cad>48</gpxtpx:cad>
     </gpxtpx:TrackPointExtension>
    </extensions>
   </trkpt>
   <trkpt lat="12.9414300" lon="77.5062930">
    <ele>847.2</ele>
    <time>2026-07-31T00:55:10Z</time>
    <extensions>
     <gpxtpx:TrackPointExtension>
      <gpxtpx:atemp>23</gpxtpx:atemp>
      <gpxtpx:hr>145</gpxtpx:hr>
      <gpxtpx:cad>49</gpxtpx:cad>
     </gpxtpx:TrackPointExtension>
    </extensions>
   </trkpt>
   <trkpt lat="12.9413930" lon="77.5063390">
    <ele>847.4</ele>
    <time>2026-07-31T00:55:16Z</time>
    <extensions>
     <gpxtpx:TrackPointExtension>
      <gpxtpx:atemp>23</gpxtpx:atemp>
      <gpxtpx:hr>148</gpxtpx:hr>
      <gpxtpx:cad>47</gpxtpx:cad>
     </gpxtpx:TrackPointExtension>
    </extensions>
   </trkpt>
   <trkpt lat="12.9413790" lon="77.5063550">
    <ele>847.2</ele>
    <time>2026-07-31T00:55:18Z</time>
    <extensions>
     <gpxtpx:TrackPointExtension>
      <gpxtpx:atemp>23</gpxtpx:atemp>
      <gpxtpx:hr>148</gpxtpx:hr>
      <gpxtpx:cad>47</gpxtpx:cad>
     </gpxtpx:TrackPointExtension>
    </extensions>
   </trkpt>
   <trkpt lat="12.9413240" lon="77.5063750">
    <ele>847.0</ele>
    <time>2026-07-31T00:55:24Z</time>
    <extensions>
     <gpxtpx:TrackPointExtension>
      <gpxtpx:atemp>23</gpxtpx:atemp>
      <gpxtpx:hr>151</gpxtpx:hr>
      <gpxtpx:cad>47</gpxtpx:cad>
     </gpxtpx:TrackPointExtension>
    </extensions>
   </trkpt>
   <trkpt lat="12.9412990" lon="77.5063870">
    <ele>847.0</ele>
    <time>2026-07-31T00:55:27Z</time>
    <extensions>
     <gpxtpx:TrackPointExtension>
      <gpxtpx:atemp>23</gpxtpx:atemp>
      <gpxtpx:hr>152</gpxtpx:hr>
      <gpxtpx:cad>47</gpxtpx:cad>
     </gpxtpx:TrackPointExtension>
    </extensions>
   </trkpt>
   <trkpt lat="12.9412410" lon="77.5064220">
    <ele>847.2</ele>
    <time>2026-07-31T00:55:36Z</time>
    <extensions>
     <gpxtpx:TrackPointExtension>
      <gpxtpx:atemp>23</gpxtpx:atemp>
      <gpxtpx:hr>149</gpxtpx:hr>
      <gpxtpx:cad>45</gpxtpx:cad>
     </gpxtpx:TrackPointExtension>
    </extensions>
   </trkpt>
   <trkpt lat="12.9412050" lon="77.5064510">
    <ele>847.2</ele>
    <time>2026-07-31T00:55:40Z</time>
    <extensions>
     <gpxtpx:TrackPointExtension>
      <gpxtpx:atemp>23</gpxtpx:atemp>
      <gpxtpx:hr>148</gpxtpx:hr>
      <gpxtpx:cad>45</gpxtpx:cad>
     </gpxtpx:TrackPointExtension>
    </extensions>
   </trkpt>
   <trkpt lat="12.9411580" lon="77.5064770">
    <ele>847.2</ele>
    <time>2026-07-31T00:55:44Z</time>
    <extensions>
     <gpxtpx:TrackPointExtension>
      <gpxtpx:atemp>23</gpxtpx:atemp>
      <gpxtpx:hr>146</gpxtpx:hr>
      <gpxtpx:cad>49</gpxtpx:cad>
     </gpxtpx:TrackPointExtension>
    </extensions>
   </trkpt>
   <trkpt lat="12.9411080" lon="77.5065010">
    <ele>847.0</ele>
    <time>2026-07-31T00:55:48Z</time>
    <extensions>
     <gpxtpx:TrackPointExtension>
      <gpxtpx:atemp>23</gpxtpx:atemp>
      <gpxtpx:hr>145</gpxtpx:hr>
      <gpxtpx:cad>48</gpxtpx:cad>
     </gpxtpx:TrackPointExtension>
    </extensions>
   </trkpt>
   <trkpt lat="12.9410710" lon="77.5065190">
    <ele>847.2</ele>
    <time>2026-07-31T00:55:51Z</time>
    <extensions>
     <gpxtpx:TrackPointExtension>
      <gpxtpx:atemp>23</gpxtpx:atemp>
      <gpxtpx:hr>148</gpxtpx:hr>
      <gpxtpx:cad>51</gpxtpx:cad>
     </gpxtpx:TrackPointExtension>
    </extensions>
   </trkpt>
   <trkpt lat="12.9410490" lon="77.5065300">
    <ele>847.2</ele>
    <time>2026-07-31T00:55:53Z</time>
    <extensions>
     <gpxtpx:TrackPointExtension>
      <gpxtpx:atemp>23</gpxtpx:atemp>
      <gpxtpx:hr>148</gpxtpx:hr>
      <gpxtpx:cad>52</gpxtpx:cad>
     </gpxtpx:TrackPointExtension>
    </extensions>
   </trkpt>
   <trkpt lat="12.9409840" lon="77.5065660">
    <ele>846.6</ele>
    <time>2026-07-31T00:56:01Z</time>
    <extensions>
     <gpxtpx:TrackPointExtension>
      <gpxtpx:atemp>23</gpxtpx:atemp>
      <gpxtpx:hr>149</gpxtpx:hr>
      <gpxtpx:cad>50</gpxtpx:cad>
     </gpxtpx:TrackPointExtension>
    </extensions>
   </trkpt>
   <trkpt lat="12.9409790" lon="77.5065710">
    <ele>846.6</ele>
    <time>2026-07-31T00:56:02Z</time>
    <extensions>
     <gpxtpx:TrackPointExtension>
      <gpxtpx:atemp>23</gpxtpx:atemp>
      <gpxtpx:hr>149</gpxtpx:hr>
      <gpxtpx:cad>49</gpxtpx:cad>
     </gpxtpx:TrackPointExtension>
    </extensions>
   </trkpt>
   <trkpt lat="12.9409690" lon="77.5065800">
    <ele>846.4</ele>
    <time>2026-07-31T00:56:04Z</time>
    <extensions>
     <gpxtpx:TrackPointExtension>
      <gpxtpx:atemp>23</gpxtpx:atemp>
      <gpxtpx:hr>148</gpxtpx:hr>
      <gpxtpx:cad>49</gpxtpx:cad>
     </gpxtpx:TrackPointExtension>
    </extensions>
   </trkpt>
   <trkpt lat="12.9409490" lon="77.5065920">
    <ele>846.4</ele>
    <time>2026-07-31T00:56:06Z</time>
    <extensions>
     <gpxtpx:TrackPointExtension>
      <gpxtpx:atemp>23</gpxtpx:atemp>
      <gpxtpx:hr>145</gpxtpx:hr>
      <gpxtpx:cad>50</gpxtpx:cad>
     </gpxtpx:TrackPointExtension>
    </extensions>
   </trkpt>
   <trkpt lat="12.9408600" lon="77.5066500">
    <ele>846.2</ele>
    <time>2026-07-31T00:56:14Z</time>
    <extensions>
     <gpxtpx:TrackPointExtension>
      <gpxtpx:atemp>23</gpxtpx:atemp>
      <gpxtpx:hr>144</gpxtpx:hr>
      <gpxtpx:cad>50</gpxtpx:cad>
     </gpxtpx:TrackPointExtension>
    </extensions>
   </trkpt>
   <trkpt lat="12.9408370" lon="77.5066650">
    <ele>846.2</ele>
    <time>2026-07-31T00:56:16Z</time>
    <extensions>
     <gpxtpx:TrackPointExtension>
      <gpxtpx:atemp>23</gpxtpx:atemp>
      <gpxtpx:hr>144</gpxtpx:hr>
      <gpxtpx:cad>50</gpxtpx:cad>
     </gpxtpx:TrackPointExtension>
    </extensions>
   </trkpt>
   <trkpt lat="12.9408190" lon="77.5066820">
    <ele>846.0</ele>
    <time>2026-07-31T00:56:18Z</time>
    <extensions>
     <gpxtpx:TrackPointExtension>
      <gpxtpx:atemp>23</gpxtpx:atemp>
      <gpxtpx:hr>144</gpxtpx:hr>
      <gpxtpx:cad>49</gpxtpx:cad>
     </gpxtpx:TrackPointExtension>
    </extensions>
   </trkpt>
   <trkpt lat="12.9407750" lon="77.5067180">
    <ele>845.8</ele>
    <time>2026-07-31T00:56:23Z</time>
    <extensions>
     <gpxtpx:TrackPointExtension>
      <gpxtpx:atemp>23</gpxtpx:atemp>
      <gpxtpx:hr>145</gpxtpx:hr>
      <gpxtpx:cad>50</gpxtpx:cad>
     </gpxtpx:TrackPointExtension>
    </extensions>
   </trkpt>
   <trkpt lat="12.9406580" lon="77.5068230">
    <ele>845.6</ele>
    <time>2026-07-31T00:56:31Z</time>
    <extensions>
     <gpxtpx:TrackPointExtension>
      <gpxtpx:atemp>23</gpxtpx:atemp>
      <gpxtpx:hr>146</gpxtpx:hr>
      <gpxtpx:cad>82</gpxtpx:cad>
     </gpxtpx:TrackPointExtension>
    </extensions>
   </trkpt>
   <trkpt lat="12.9405890" lon="77.5068810">
    <ele>845.6</ele>
    <time>2026-07-31T00:56:34Z</time>
    <extensions>
     <gpxtpx:TrackPointExtension>
      <gpxtpx:atemp>23</gpxtpx:atemp>
      <gpxtpx:hr>149</gpxtpx:hr>
      <gpxtpx:cad>83</gpxtpx:cad>
     </gpxtpx:TrackPointExtension>
    </extensions>
   </trkpt>
   <trkpt lat="12.9405440" lon="77.5069110">
    <ele>845.4</ele>
    <time>2026-07-31T00:56:36Z</time>
    <extensions>
     <gpxtpx:TrackPointExtension>
      <gpxtpx:atemp>23</gpxtpx:atemp>
      <gpxtpx:hr>153</gpxtpx:hr>
      <gpxtpx:cad>82</gpxtpx:cad>
     </gpxtpx:TrackPointExtension>
    </extensions>
   </trkpt>
   <trkpt lat="12.9405020" lon="77.5069480">
    <ele>845.2</ele>
    <time>2026-07-31T00:56:38Z</time>
    <extensions>
     <gpxtpx:TrackPointExtension>
      <gpxtpx:atemp>23</gpxtpx:atemp>
      <gpxtpx:hr>156</gpxtpx:hr>
      <gpxtpx:cad>82</gpxtpx:cad>
     </gpxtpx:TrackPointExtension>
    </extensions>
   </trkpt>
   <trkpt lat="12.9404770" lon="77.5069680">
    <ele>845.0</ele>
    <time>2026-07-31T00:56:39Z</time>
    <extensions>
     <gpxtpx:TrackPointExtension>
      <gpxtpx:atemp>23</gpxtpx:atemp>
      <gpxtpx:hr>156</gpxtpx:hr>
      <gpxtpx:cad>82</gpxtpx:cad>
     </gpxtpx:TrackPointExtension>
    </extensions>
   </trkpt>
   <trkpt lat="12.9404520" lon="77.5069910">
    <ele>845.0</ele>
    <time>2026-07-31T00:56:40Z</time>
    <extensions>
     <gpxtpx:TrackPointExtension>
      <gpxtpx:atemp>23</gpxtpx:atemp>
      <gpxtpx:hr>157</gpxtpx:hr>
      <gpxtpx:cad>82</gpxtpx:cad>
     </gpxtpx:TrackPointExtension>
    </extensions>
   </trkpt>
   <trkpt lat="12.9403900" lon="77.5070490">
    <ele>844.6</ele>
    <time>2026-07-31T00:56:43Z</time>
    <extensions>
     <gpxtpx:TrackPointExtension>
      <gpxtpx:atemp>23</gpxtpx:atemp>
      <gpxtpx:hr>160</gpxtpx:hr>
      <gpxtpx:cad>82</gpxtpx:cad>
     </gpxtpx:TrackPointExtension>
    </extensions>
   </trkpt>
   <trkpt lat="12.9403230" lon="77.5071200">
    <ele>844.2</ele>
    <time>2026-07-31T00:56:47Z</time>
    <extensions>
     <gpxtpx:TrackPointExtension>
      <gpxtpx:atemp>23</gpxtpx:atemp>
      <gpxtpx:hr>163</gpxtpx:hr>
      <gpxtpx:cad>81</gpxtpx:cad>
     </gpxtpx:TrackPointExtension>
    </extensions>
   </trkpt>
   <trkpt lat="12.9402830" lon="77.5071600">
    <ele>844.0</ele>
    <time>2026-07-31T00:56:49Z</time>
    <extensions>
     <gpxtpx:TrackPointExtension>
      <gpxtpx:atemp>23</gpxtpx:atemp>
      <gpxtpx:hr>163</gpxtpx:hr>
      <gpxtpx:cad>82</gpxtpx:cad>
     </gpxtpx:TrackPointExtension>
    </extensions>
   </trkpt>
   <trkpt lat="12.9402630" lon="77.5071820">
    <ele>844.0</ele>
    <time>2026-07-31T00:56:50Z</time>
    <extensions>
     <gpxtpx:TrackPointExtension>
      <gpxtpx:atemp>23</gpxtpx:atemp>
      <gpxtpx:hr>164</gpxtpx:hr>
      <gpxtpx:cad>82</gpxtpx:cad>
     </gpxtpx:TrackPointExtension>
    </extensions>
   </trkpt>
   <trkpt lat="12.9401470" lon="77.5073100">
    <ele>843.0</ele>
    <time>2026-07-31T00:56:56Z</time>
    <extensions>
     <gpxtpx:TrackPointExtension>
      <gpxtpx:atemp>23</gpxtpx:atemp>
      <gpxtpx:hr>167</gpxtpx:hr>
      <gpxtpx:cad>80</gpxtpx:cad>
     </gpxtpx:TrackPointExtension>
    </extensions>
   </trkpt>
   <trkpt lat="12.9401300" lon="77.5073320">
    <ele>842.8</ele>
    <time>2026-07-31T00:56:57Z</time>
    <extensions>
     <gpxtpx:TrackPointExtension>
      <gpxtpx:atemp>23</gpxtpx:atemp>
      <gpxtpx:hr>166</gpxtpx:hr>
      <gpxtpx:cad>80</gpxtpx:cad>
     </gpxtpx:TrackPointExtension>
    </extensions>
   </trkpt>
   <trkpt lat="12.9399870" lon="77.5074770">
    <ele>842.2</ele>
    <time>2026-07-31T00:57:04Z</time>
    <extensions>
     <gpxtpx:TrackPointExtension>
      <gpxtpx:atemp>23</gpxtpx:atemp>
      <gpxtpx:hr>168</gpxtpx:hr>
      <gpxtpx:cad>81</gpxtpx:cad>
     </gpxtpx:TrackPointExtension>
    </extensions>
   </trkpt>
   <trkpt lat="12.9399660" lon="77.5075000">
    <ele>841.8</ele>
    <time>2026-07-31T00:57:05Z</time>
    <extensions>
     <gpxtpx:TrackPointExtension>
      <gpxtpx:atemp>23</gpxtpx:atemp>
      <gpxtpx:hr>168</gpxtpx:hr>
      <gpxtpx:cad>81</gpxtpx:cad>
     </gpxtpx:TrackPointExtension>
    </extensions>
   </trkpt>
   <trkpt lat="12.9398480" lon="77.5076210">
    <ele>840.6</ele>
    <time>2026-07-31T00:57:11Z</time>
    <extensions>
     <gpxtpx:TrackPointExtension>
      <gpxtpx:atemp>23</gpxtpx:atemp>
      <gpxtpx:hr>170</gpxtpx:hr>
      <gpxtpx:cad>81</gpxtpx:cad>
     </gpxtpx:TrackPointExtension>
    </extensions>
   </trkpt>
   <trkpt lat="12.9397250" lon="77.5077170">
    <ele>839.6</ele>
    <time>2026-07-31T00:57:16Z</time>
    <extensions>
     <gpxtpx:TrackPointExtension>
      <gpxtpx:atemp>23</gpxtpx:atemp>
      <gpxtpx:hr>170</gpxtpx:hr>
      <gpxtpx:cad>80</gpxtpx:cad>
     </gpxtpx:TrackPointExtension>
    </extensions>
   </trkpt>
   <trkpt lat="12.9396800" lon="77.5077550">
    <ele>839.0</ele>
    <time>2026-07-31T00:57:18Z</time>
    <extensions>
     <gpxtpx:TrackPointExtension>
      <gpxtpx:atemp>23</gpxtpx:atemp>
      <gpxtpx:hr>171</gpxtpx:hr>
      <gpxtpx:cad>80</gpxtpx:cad>
     </gpxtpx:TrackPointExtension>
    </extensions>
   </trkpt>
   <trkpt lat="12.9396180" lon="77.5078170">
    <ele>838.6</ele>
    <time>2026-07-31T00:57:21Z</time>
    <extensions>
     <gpxtpx:TrackPointExtension>
      <gpxtpx:atemp>23</gpxtpx:atemp>
      <gpxtpx:hr>171</gpxtpx:hr>
      <gpxtpx:cad>79</gpxtpx:cad>
     </gpxtpx:TrackPointExtension>
    </extensions>
   </trkpt>
   <trkpt lat="12.9395220" lon="77.5079030">
    <ele>838.0</ele>
    <time>2026-07-31T00:57:26Z</time>
    <extensions>
     <gpxtpx:TrackPointExtension>
      <gpxtpx:atemp>23</gpxtpx:atemp>
      <gpxtpx:hr>174</gpxtpx:hr>
      <gpxtpx:cad>81</gpxtpx:cad>
     </gpxtpx:TrackPointExtension>
    </extensions>
   </trkpt>
   <trkpt lat="12.9395040" lon="77.5079150">
    <ele>837.8</ele>
    <time>2026-07-31T00:57:27Z</time>
    <extensions>
     <gpxtpx:TrackPointExtension>
      <gpxtpx:atemp>23</gpxtpx:atemp>
      <gpxtpx:hr>172</gpxtpx:hr>
      <gpxtpx:cad>80</gpxtpx:cad>
     </gpxtpx:TrackPointExtension>
    </extensions>
   </trkpt>
   <trkpt lat="12.9394520" lon="77.5079670">
    <ele>837.6</ele>
    <time>2026-07-31T00:57:30Z</time>
    <extensions>
     <gpxtpx:TrackPointExtension>
      <gpxtpx:atemp>23</gpxtpx:atemp>
      <gpxtpx:hr>173</gpxtpx:hr>
      <gpxtpx:cad>79</gpxtpx:cad>
     </gpxtpx:TrackPointExtension>
    </extensions>
   </trkpt>
   <trkpt lat="12.9393720" lon="77.5080510">
    <ele>836.8</ele>
    <time>2026-07-31T00:57:34Z</time>
    <extensions>
     <gpxtpx:TrackPointExtension>
      <gpxtpx:atemp>23</gpxtpx:atemp>
      <gpxtpx:hr>174</gpxtpx:hr>
      <gpxtpx:cad>79</gpxtpx:cad>
     </gpxtpx:TrackPointExtension>
    </extensions>
   </trkpt>
   <trkpt lat="12.9393320" lon="77.5080920">
    <ele>836.4</ele>
    <time>2026-07-31T00:57:36Z</time>
    <extensions>
     <gpxtpx:TrackPointExtension>
      <gpxtpx:atemp>23</gpxtpx:atemp>
      <gpxtpx:hr>174</gpxtpx:hr>
      <gpxtpx:cad>79</gpxtpx:cad>
     </gpxtpx:TrackPointExtension>
    </extensions>
   </trkpt>
   <trkpt lat="12.9392840" lon="77.5081390">
    <ele>836.0</ele>
    <time>2026-07-31T00:57:39Z</time>
    <extensions>
     <gpxtpx:TrackPointExtension>
      <gpxtpx:atemp>23</gpxtpx:atemp>
      <gpxtpx:hr>173</gpxtpx:hr>
      <gpxtpx:cad>76</gpxtpx:cad>
     </gpxtpx:TrackPointExtension>
    </extensions>
   </trkpt>
   <trkpt lat="12.9392620" lon="77.5081720">
    <ele>835.8</ele>
    <time>2026-07-31T00:57:42Z</time>
    <extensions>
     <gpxtpx:TrackPointExtension>
      <gpxtpx:atemp>23</gpxtpx:atemp>
      <gpxtpx:hr>175</gpxtpx:hr>
      <gpxtpx:cad>75</gpxtpx:cad>
     </gpxtpx:TrackPointExtension>
    </extensions>
   </trkpt>
   <trkpt lat="12.9392530" lon="77.5081880">
    <ele>835.8</ele>
    <time>2026-07-31T00:57:43Z</time>
    <extensions>
     <gpxtpx:TrackPointExtension>
      <gpxtpx:atemp>23</gpxtpx:atemp>
      <gpxtpx:hr>174</gpxtpx:hr>
      <gpxtpx:cad>74</gpxtpx:cad>
     </gpxtpx:TrackPointExtension>
    </extensions>
   </trkpt>
   <trkpt lat="12.9391960" lon="77.5082400">
    <ele>835.4</ele>
    <time>2026-07-31T00:57:46Z</time>
    <extensions>
     <gpxtpx:TrackPointExtension>
      <gpxtpx:atemp>23</gpxtpx:atemp>
      <gpxtpx:hr>176</gpxtpx:hr>
      <gpxtpx:cad>70</gpxtpx:cad>
     </gpxtpx:TrackPointExtension>
    </extensions>
   </trkpt>
   <trkpt lat="12.9391660" lon="77.5082640">
    <ele>835.2</ele>
    <time>2026-07-31T00:57:49Z</time>
    <extensions>
     <gpxtpx:TrackPointExtension>
      <gpxtpx:atemp>23</gpxtpx:atemp>
      <gpxtpx:hr>176</gpxtpx:hr>
      <gpxtpx:cad>70</gpxtpx:cad>
     </gpxtpx:TrackPointExtension>
    </extensions>
   </trkpt>
   <trkpt lat="12.9391630" lon="77.5082610">
    <ele>835.0</ele>
    <time>2026-07-31T00:57:54Z</time>
    <extensions>
     <gpxtpx:TrackPointExtension>
      <gpxtpx:atemp>23</gpxtpx:atemp>
      <gpxtpx:hr>177</gpxtpx:hr>
      <gpxtpx:cad>0</gpxtpx:cad>
     </gpxtpx:TrackPointExtension>
    </extensions>
   </trkpt>
   <trkpt lat="12.9391470" lon="77.5082520">
    <ele>834.6</ele>
    <time>2026-07-31T00:57:59Z</time>
    <extensions>
     <gpxtpx:TrackPointExtension>
      <gpxtpx:atemp>23</gpxtpx:atemp>
      <gpxtpx:hr>176</gpxtpx:hr>
      <gpxtpx:cad>0</gpxtpx:cad>
     </gpxtpx:TrackPointExtension>
    </extensions>
   </trkpt>
   <trkpt lat="12.9390430" lon="77.5083620">
    <ele>834.4</ele>
    <time>2026-07-31T00:58:05Z</time>
    <extensions>
     <gpxtpx:TrackPointExtension>
      <gpxtpx:atemp>23</gpxtpx:atemp>
      <gpxtpx:hr>176</gpxtpx:hr>
      <gpxtpx:cad>80</gpxtpx:cad>
     </gpxtpx:TrackPointExtension>
    </extensions>
   </trkpt>
   <trkpt lat="12.9390040" lon="77.5083940">
    <ele>834.4</ele>
    <time>2026-07-31T00:58:07Z</time>
    <extensions>
     <gpxtpx:TrackPointExtension>
      <gpxtpx:atemp>23</gpxtpx:atemp>
      <gpxtpx:hr>178</gpxtpx:hr>
      <gpxtpx:cad>80</gpxtpx:cad>
     </gpxtpx:TrackPointExtension>
    </extensions>
   </trkpt>
   <trkpt lat="12.9389860" lon="77.5084150">
    <ele>834.2</ele>
    <time>2026-07-31T00:58:08Z</time>
    <extensions>
     <gpxtpx:TrackPointExtension>
      <gpxtpx:atemp>23</gpxtpx:atemp>
      <gpxtpx:hr>179</gpxtpx:hr>
      <gpxtpx:cad>80</gpxtpx:cad>
     </gpxtpx:TrackPointExtension>
    </extensions>
   </trkpt>
   <trkpt lat="12.9389560" lon="77.5084490">
    <ele>834.2</ele>
    <time>2026-07-31T00:58:10Z</time>
    <extensions>
     <gpxtpx:TrackPointExtension>
      <gpxtpx:atemp>23</gpxtpx:atemp>
      <gpxtpx:hr>180</gpxtpx:hr>
      <gpxtpx:cad>79</gpxtpx:cad>
     </gpxtpx:TrackPointExtension>
    </extensions>
   </trkpt>
   <trkpt lat="12.9388760" lon="77.5085400">
    <ele>833.6</ele>
    <time>2026-07-31T00:58:15Z</time>
    <extensions>
     <gpxtpx:TrackPointExtension>
      <gpxtpx:atemp>23</gpxtpx:atemp>
      <gpxtpx:hr>183</gpxtpx:hr>
      <gpxtpx:cad>79</gpxtpx:cad>
     </gpxtpx:TrackPointExtension>
    </extensions>
   </trkpt>
   <trkpt lat="12.9388290" lon="77.5086000">
    <ele>833.4</ele>
    <time>2026-07-31T00:58:18Z</time>
    <extensions>
     <gpxtpx:TrackPointExtension>
      <gpxtpx:atemp>23</gpxtpx:atemp>
      <gpxtpx:hr>185</gpxtpx:hr>
      <gpxtpx:cad>79</gpxtpx:cad>
     </gpxtpx:TrackPointExtension>
    </extensions>
   </trkpt>
   <trkpt lat="12.9387140" lon="77.5087260">
    <ele>832.4</ele>
    <time>2026-07-31T00:58:25Z</time>
    <extensions>
     <gpxtpx:TrackPointExtension>
      <gpxtpx:atemp>23</gpxtpx:atemp>
      <gpxtpx:hr>185</gpxtpx:hr>
      <gpxtpx:cad>79</gpxtpx:cad>
     </gpxtpx:TrackPointExtension>
    </extensions>
   </trkpt>
   <trkpt lat="12.9386710" lon="77.5087650">
    <ele>832.2</ele>
    <time>2026-07-31T00:58:27Z</time>
    <extensions>
     <gpxtpx:TrackPointExtension>
      <gpxtpx:atemp>23</gpxtpx:atemp>
      <gpxtpx:hr>185</gpxtpx:hr>
      <gpxtpx:cad>78</gpxtpx:cad>
     </gpxtpx:TrackPointExtension>
    </extensions>
   </trkpt>
   <trkpt lat="12.9386470" lon="77.5087870">
    <ele>832.0</ele>
    <time>2026-07-31T00:58:28Z</time>
    <extensions>
     <gpxtpx:TrackPointExtension>
      <gpxtpx:atemp>23</gpxtpx:atemp>
      <gpxtpx:hr>185</gpxtpx:hr>
      <gpxtpx:cad>78</gpxtpx:cad>
     </gpxtpx:TrackPointExtension>
    </extensions>
   </trkpt>
   <trkpt lat="12.9385880" lon="77.5088590">
    <ele>831.8</ele>
    <time>2026-07-31T00:58:31Z</time>
    <extensions>
     <gpxtpx:TrackPointExtension>
      <gpxtpx:atemp>23</gpxtpx:atemp>
      <gpxtpx:hr>184</gpxtpx:hr>
      <gpxtpx:cad>79</gpxtpx:cad>
     </gpxtpx:TrackPointExtension>
    </extensions>
   </trkpt>
   <trkpt lat="12.9384990" lon="77.5089570">
    <ele>831.2</ele>
    <time>2026-07-31T00:58:36Z</time>
    <extensions>
     <gpxtpx:TrackPointExtension>
      <gpxtpx:atemp>23</gpxtpx:atemp>
      <gpxtpx:hr>182</gpxtpx:hr>
      <gpxtpx:cad>79</gpxtpx:cad>
     </gpxtpx:TrackPointExtension>
    </extensions>
   </trkpt>
   <trkpt lat="12.9384720" lon="77.5089890">
    <ele>830.8</ele>
    <time>2026-07-31T00:58:38Z</time>
    <extensions>
     <gpxtpx:TrackPointExtension>
      <gpxtpx:atemp>23</gpxtpx:atemp>
      <gpxtpx:hr>180</gpxtpx:hr>
      <gpxtpx:cad>79</gpxtpx:cad>
     </gpxtpx:TrackPointExtension>
    </extensions>
   </trkpt>
   <trkpt lat="12.9383870" lon="77.5091060">
    <ele>830.2</ele>
    <time>2026-07-31T00:58:44Z</time>
    <extensions>
     <gpxtpx:TrackPointExtension>
      <gpxtpx:atemp>23</gpxtpx:atemp>
      <gpxtpx:hr>177</gpxtpx:hr>
      <gpxtpx:cad>77</gpxtpx:cad>
     </gpxtpx:TrackPointExtension>
    </extensions>
   </trkpt>
   <trkpt lat="12.9383720" lon="77.5091190">
    <ele>830.0</ele>
    <time>2026-07-31T00:58:45Z</time>
    <extensions>
     <gpxtpx:TrackPointExtension>
      <gpxtpx:atemp>23</gpxtpx:atemp>
      <gpxtpx:hr>177</gpxtpx:hr>
      <gpxtpx:cad>77</gpxtpx:cad>
     </gpxtpx:TrackPointExtension>
    </extensions>
   </trkpt>
   <trkpt lat="12.9383190" lon="77.5091820">
    <ele>829.4</ele>
    <time>2026-07-31T00:58:51Z</time>
    <extensions>
     <gpxtpx:TrackPointExtension>
      <gpxtpx:atemp>23</gpxtpx:atemp>
      <gpxtpx:hr>175</gpxtpx:hr>
      <gpxtpx:cad>76</gpxtpx:cad>
     </gpxtpx:TrackPointExtension>
    </extensions>
   </trkpt>
   <trkpt lat="12.9383120" lon="77.5091890">
    <ele>829.6</ele>
    <time>2026-07-31T00:58:56Z</time>
    <extensions>
     <gpxtpx:TrackPointExtension>
      <gpxtpx:atemp>23</gpxtpx:atemp>
      <gpxtpx:hr>172</gpxtpx:hr>
      <gpxtpx:cad>0</gpxtpx:cad>
     </gpxtpx:TrackPointExtension>
    </extensions>
   </trkpt>
   <trkpt lat="12.9383100" lon="77.5091890">
    <ele>829.6</ele>
    <time>2026-07-31T00:59:01Z</time>
    <extensions>
     <gpxtpx:TrackPointExtension>
      <gpxtpx:atemp>23</gpxtpx:atemp>
      <gpxtpx:hr>169</gpxtpx:hr>
      <gpxtpx:cad>0</gpxtpx:cad>
     </gpxtpx:TrackPointExtension>
    </extensions>
   </trkpt>
   <trkpt lat="12.9383100" lon="77.5091890">
    <ele>829.0</ele>
    <time>2026-07-31T00:59:11Z</time>
    <extensions>
     <gpxtpx:TrackPointExtension>
      <gpxtpx:atemp>23</gpxtpx:atemp>
      <gpxtpx:hr>170</gpxtpx:hr>
      <gpxtpx:cad>0</gpxtpx:cad>
     </gpxtpx:TrackPointExtension>
    </extensions>
   </trkpt>
   <trkpt lat="12.9383100" lon="77.5091890">
    <ele>829.0</ele>
    <time>2026-07-31T00:59:12Z</time>
    <extensions>
     <gpxtpx:TrackPointExtension>
      <gpxtpx:atemp>23</gpxtpx:atemp>
      <gpxtpx:hr>171</gpxtpx:hr>
      <gpxtpx:cad>0</gpxtpx:cad>
     </gpxtpx:TrackPointExtension>
    </extensions>
   </trkpt>
   <trkpt lat="12.9382640" lon="77.5092550">
    <ele>828.4</ele>
    <time>2026-07-31T00:59:16Z</time>
    <extensions>
     <gpxtpx:TrackPointExtension>
      <gpxtpx:atemp>23</gpxtpx:atemp>
      <gpxtpx:hr>171</gpxtpx:hr>
      <gpxtpx:cad>101</gpxtpx:cad>
     </gpxtpx:TrackPointExtension>
    </extensions>
   </trkpt>
   <trkpt lat="12.9382490" lon="77.5092810">
    <ele>828.0</ele>
    <time>2026-07-31T00:59:17Z</time>
    <extensions>
     <gpxtpx:TrackPointExtension>
      <gpxtpx:atemp>23</gpxtpx:atemp>
      <gpxtpx:hr>171</gpxtpx:hr>
      <gpxtpx:cad>82</gpxtpx:cad>
     </gpxtpx:TrackPointExtension>
    </extensions>
   </trkpt>
   <trkpt lat="12.9381580" lon="77.5094410">
    <ele>827.0</ele>
    <time>2026-07-31T00:59:22Z</time>
    <extensions>
     <gpxtpx:TrackPointExtension>
      <gpxtpx:atemp>23</gpxtpx:atemp>
      <gpxtpx:hr>171</gpxtpx:hr>
      <gpxtpx:cad>82</gpxtpx:cad>
     </gpxtpx:TrackPointExtension>
    </extensions>
   </trkpt>
   <trkpt lat="12.9381400" lon="77.5094700">
    <ele>826.8</ele>
    <time>2026-07-31T00:59:23Z</time>
    <extensions>
     <gpxtpx:TrackPointExtension>
      <gpxtpx:atemp>23</gpxtpx:atemp>
      <gpxtpx:hr>171</gpxtpx:hr>
      <gpxtpx:cad>83</gpxtpx:cad>
     </gpxtpx:TrackPointExtension>
    </extensions>
   </trkpt>
   <trkpt lat="12.9380560" lon="77.5096200">
    <ele>825.8</ele>
    <time>2026-07-31T00:59:28Z</time>
    <extensions>
     <gpxtpx:TrackPointExtension>
      <gpxtpx:atemp>23</gpxtpx:atemp>
      <gpxtpx:hr>173</gpxtpx:hr>
      <gpxtpx:cad>83</gpxtpx:cad>
     </gpxtpx:TrackPointExtension>
    </extensions>
   </trkpt>
   <trkpt lat="12.9380400" lon="77.5096470">
    <ele>825.8</ele>
    <time>2026-07-31T00:59:29Z</time>
    <extensions>
     <gpxtpx:TrackPointExtension>
      <gpxtpx:atemp>23</gpxtpx:atemp>
      <gpxtpx:hr>173</gpxtpx:hr>
      <gpxtpx:cad>82</gpxtpx:cad>
     </gpxtpx:TrackPointExtension>
    </extensions>
   </trkpt>
   <trkpt lat="12.9380040" lon="77.5097770">
    <ele>824.8</ele>
    <time>2026-07-31T00:59:35Z</time>
    <extensions>
     <gpxtpx:TrackPointExtension>
      <gpxtpx:atemp>23</gpxtpx:atemp>
      <gpxtpx:hr>176</gpxtpx:hr>
      <gpxtpx:cad>81</gpxtpx:cad>
     </gpxtpx:TrackPointExtension>
    </extensions>
   </trkpt>
   <trkpt lat="12.9379900" lon="77.5098070">
    <ele>824.6</ele>
    <time>2026-07-31T00:59:36Z</time>
    <extensions>
     <gpxtpx:TrackPointExtension>
      <gpxtpx:atemp>23</gpxtpx:atemp>
      <gpxtpx:hr>175</gpxtpx:hr>
      <gpxtpx:cad>79</gpxtpx:cad>
     </gpxtpx:TrackPointExtension>
    </extensions>
   </trkpt>
   <trkpt lat="12.9379390" lon="77.5098960">
    <ele>824.6</ele>
    <time>2026-07-31T00:59:39Z</time>
    <extensions>
     <gpxtpx:TrackPointExtension>
      <gpxtpx:atemp>23</gpxtpx:atemp>
      <gpxtpx:hr>178</gpxtpx:hr>
      <gpxtpx:cad>78</gpxtpx:cad>
     </gpxtpx:TrackPointExtension>
    </extensions>
   </trkpt>
   <trkpt lat="12.9378220" lon="77.5100240">
    <ele>824.0</ele>
    <time>2026-07-31T00:59:44Z</time>
    <extensions>
     <gpxtpx:TrackPointExtension>
      <gpxtpx:atemp>23</gpxtpx:atemp>
      <gpxtpx:hr>176</gpxtpx:hr>
      <gpxtpx:cad>81</gpxtpx:cad>
     </gpxtpx:TrackPointExtension>
    </extensions>
   </trkpt>
   <trkpt lat="12.9377800" lon="77.5100740">
    <ele>823.6</ele>
    <time>2026-07-31T00:59:46Z</time>
    <extensions>
     <gpxtpx:TrackPointExtension>
      <gpxtpx:atemp>23</gpxtpx:atemp>
      <gpxtpx:hr>176</gpxtpx:hr>
      <gpxtpx:cad>81</gpxtpx:cad>
     </gpxtpx:TrackPointExtension>
    </extensions>
   </trkpt>
   <trkpt lat="12.9377560" lon="77.5101850">
    <ele>823.0</ele>
    <time>2026-07-31T00:59:50Z</time>
    <extensions>
     <gpxtpx:TrackPointExtension>
      <gpxtpx:atemp>23</gpxtpx:atemp>
      <gpxtpx:hr>176</gpxtpx:hr>
      <gpxtpx:cad>81</gpxtpx:cad>
     </gpxtpx:TrackPointExtension>
    </extensions>
   </trkpt>
   <trkpt lat="12.9377410" lon="77.5102520">
    <ele>822.6</ele>
    <time>2026-07-31T00:59:53Z</time>
    <extensions>
     <gpxtpx:TrackPointExtension>
      <gpxtpx:atemp>23</gpxtpx:atemp>
      <gpxtpx:hr>177</gpxtpx:hr>
      <gpxtpx:cad>80</gpxtpx:cad>
     </gpxtpx:TrackPointExtension>
    </extensions>
   </trkpt>
   <trkpt lat="12.9377200" lon="77.5103470">
    <ele>822.2</ele>
    <time>2026-07-31T00:59:56Z</time>
    <extensions>
     <gpxtpx:TrackPointExtension>
      <gpxtpx:atemp>23</gpxtpx:atemp>
      <gpxtpx:hr>178</gpxtpx:hr>
      <gpxtpx:cad>81</gpxtpx:cad>
     </gpxtpx:TrackPointExtension>
    </extensions>
   </trkpt>
   <trkpt lat="12.9376670" lon="77.5104420">
    <ele>821.8</ele>
    <time>2026-07-31T01:00:00Z</time>
    <extensions>
     <gpxtpx:TrackPointExtension>
      <gpxtpx:atemp>23</gpxtpx:atemp>
      <gpxtpx:hr>181</gpxtpx:hr>
      <gpxtpx:cad>82</gpxtpx:cad>
     </gpxtpx:TrackPointExtension>
    </extensions>
   </trkpt>
   <trkpt lat="12.9376500" lon="77.5105000">
    <ele>821.6</ele>
    <time>2026-07-31T01:00:02Z</time>
    <extensions>
     <gpxtpx:TrackPointExtension>
      <gpxtpx:atemp>23</gpxtpx:atemp>
      <gpxtpx:hr>182</gpxtpx:hr>
      <gpxtpx:cad>82</gpxtpx:cad>
     </gpxtpx:TrackPointExtension>
    </extensions>
   </trkpt>
   <trkpt lat="12.9376260" lon="77.5105500">
    <ele>821.4</ele>
    <time>2026-07-31T01:00:04Z</time>
    <extensions>
     <gpxtpx:TrackPointExtension>
      <gpxtpx:atemp>23</gpxtpx:atemp>
      <gpxtpx:hr>183</gpxtpx:hr>
      <gpxtpx:cad>80</gpxtpx:cad>
     </gpxtpx:TrackPointExtension>
    </extensions>
   </trkpt>
   <trkpt lat="12.9375860" lon="77.5106870">
    <ele>820.4</ele>
    <time>2026-07-31T01:00:09Z</time>
    <extensions>
     <gpxtpx:TrackPointExtension>
      <gpxtpx:atemp>23</gpxtpx:atemp>
      <gpxtpx:hr>185</gpxtpx:hr>
      <gpxtpx:cad>77</gpxtpx:cad>
     </gpxtpx:TrackPointExtension>
    </extensions>
   </trkpt>
   <trkpt lat="12.9375830" lon="77.5107190">
    <ele>820.2</ele>
    <time>2026-07-31T01:00:10Z</time>
    <extensions>
     <gpxtpx:TrackPointExtension>
      <gpxtpx:atemp>23</gpxtpx:atemp>
      <gpxtpx:hr>185</gpxtpx:hr>
      <gpxtpx:cad>77</gpxtpx:cad>
     </gpxtpx:TrackPointExtension>
    </extensions>
   </trkpt>
   <trkpt lat="12.9375650" lon="77.5108700">
    <ele>819.2</ele>
    <time>2026-07-31T01:00:16Z</time>
    <extensions>
     <gpxtpx:TrackPointExtension>
      <gpxtpx:atemp>23</gpxtpx:atemp>
      <gpxtpx:hr>186</gpxtpx:hr>
      <gpxtpx:cad>80</gpxtpx:cad>
     </gpxtpx:TrackPointExtension>
    </extensions>
   </trkpt>
   <trkpt lat="12.9375550" lon="77.5108870">
    <ele>819.0</ele>
    <time>2026-07-31T01:00:17Z</time>
    <extensions>
     <gpxtpx:TrackPointExtension>
      <gpxtpx:atemp>23</gpxtpx:atemp>
      <gpxtpx:hr>186</gpxtpx:hr>
      <gpxtpx:cad>79</gpxtpx:cad>
     </gpxtpx:TrackPointExtension>
    </extensions>
   </trkpt>
   <trkpt lat="12.9375010" lon="77.5110240">
    <ele>818.6</ele>
    <time>2026-07-31T01:00:23Z</time>
    <extensions>
     <gpxtpx:TrackPointExtension>
      <gpxtpx:atemp>23</gpxtpx:atemp>
      <gpxtpx:hr>185</gpxtpx:hr>
      <gpxtpx:cad>78</gpxtpx:cad>
     </gpxtpx:TrackPointExtension>
    </extensions>
   </trkpt>
   <trkpt lat="12.9374710" lon="77.5111080">
    <ele>818.2</ele>
    <time>2026-07-31T01:00:26Z</time>
    <extensions>
     <gpxtpx:TrackPointExtension>
      <gpxtpx:atemp>23</gpxtpx:atemp>
      <gpxtpx:hr>183</gpxtpx:hr>
      <gpxtpx:cad>77</gpxtpx:cad>
     </gpxtpx:TrackPointExtension>
    </extensions>
   </trkpt>
   <trkpt lat="12.9374080" lon="77.5112510">
    <ele>817.4</ele>
    <time>2026-07-31T01:00:32Z</time>
    <extensions>
     <gpxtpx:TrackPointExtension>
      <gpxtpx:atemp>23</gpxtpx:atemp>
      <gpxtpx:hr>181</gpxtpx:hr>
      <gpxtpx:cad>79</gpxtpx:cad>
     </gpxtpx:TrackPointExtension>
    </extensions>
   </trkpt>
   <trkpt lat="12.9373930" lon="77.5112670">
    <ele>817.0</ele>
    <time>2026-07-31T01:00:33Z</time>
    <extensions>
     <gpxtpx:TrackPointExtension>
      <gpxtpx:atemp>23</gpxtpx:atemp>
      <gpxtpx:hr>181</gpxtpx:hr>
      <gpxtpx:cad>79</gpxtpx:cad>
     </gpxtpx:TrackPointExtension>
    </extensions>
   </trkpt>
   <trkpt lat="12.9373510" lon="77.5113690">
    <ele>816.4</ele>
    <time>2026-07-31T01:00:37Z</time>
    <extensions>
     <gpxtpx:TrackPointExtension>
      <gpxtpx:atemp>23</gpxtpx:atemp>
      <gpxtpx:hr>178</gpxtpx:hr>
      <gpxtpx:cad>77</gpxtpx:cad>
     </gpxtpx:TrackPointExtension>
    </extensions>
   </trkpt>
   <trkpt lat="12.9373390" lon="77.5114450">
    <ele>816.0</ele>
    <time>2026-07-31T01:00:40Z</time>
    <extensions>
     <gpxtpx:TrackPointExtension>
      <gpxtpx:atemp>23</gpxtpx:atemp>
      <gpxtpx:hr>177</gpxtpx:hr>
      <gpxtpx:cad>77</gpxtpx:cad>
     </gpxtpx:TrackPointExtension>
    </extensions>
   </trkpt>
   <trkpt lat="12.9373320" lon="77.5114670">
    <ele>815.8</ele>
    <time>2026-07-31T01:00:41Z</time>
    <extensions>
     <gpxtpx:TrackPointExtension>
      <gpxtpx:atemp>23</gpxtpx:atemp>
      <gpxtpx:hr>178</gpxtpx:hr>
      <gpxtpx:cad>77</gpxtpx:cad>
     </gpxtpx:TrackPointExtension>
    </extensions>
   </trkpt>
   <trkpt lat="12.9372710" lon="77.5116140">
    <ele>814.8</ele>
    <time>2026-07-31T01:00:47Z</time>
    <extensions>
     <gpxtpx:TrackPointExtension>
      <gpxtpx:atemp>23</gpxtpx:atemp>
      <gpxtpx:hr>178</gpxtpx:hr>
      <gpxtpx:cad>79</gpxtpx:cad>
     </gpxtpx:TrackPointExtension>
    </extensions>
   </trkpt>
   <trkpt lat="12.9372160" lon="77.5117070">
    <ele>814.2</ele>
    <time>2026-07-31T01:00:51Z</time>
    <extensions>
     <gpxtpx:TrackPointExtension>
      <gpxtpx:atemp>23</gpxtpx:atemp>
      <gpxtpx:hr>181</gpxtpx:hr>
      <gpxtpx:cad>79</gpxtpx:cad>
     </gpxtpx:TrackPointExtension>
    </extensions>
   </trkpt>
   <trkpt lat="12.9371880" lon="77.5117590">
    <ele>814.0</ele>
    <time>2026-07-31T01:00:53Z</time>
    <extensions>
     <gpxtpx:TrackPointExtension>
      <gpxtpx:atemp>23</gpxtpx:atemp>
      <gpxtpx:hr>180</gpxtpx:hr>
      <gpxtpx:cad>78</gpxtpx:cad>
     </gpxtpx:TrackPointExtension>
    </extensions>
   </trkpt>
   <trkpt lat="12.9371530" lon="77.5117930">
    <ele>813.8</ele>
    <time>2026-07-31T01:00:55Z</time>
    <extensions>
     <gpxtpx:TrackPointExtension>
      <gpxtpx:atemp>23</gpxtpx:atemp>
      <gpxtpx:hr>180</gpxtpx:hr>
      <gpxtpx:cad>77</gpxtpx:cad>
     </gpxtpx:TrackPointExtension>
    </extensions>
   </trkpt>
   <trkpt lat="12.9370550" lon="77.5119470">
    <ele>812.6</ele>
    <time>2026-07-31T01:01:01Z</time>
    <extensions>
     <gpxtpx:TrackPointExtension>
      <gpxtpx:atemp>23</gpxtpx:atemp>
      <gpxtpx:hr>179</gpxtpx:hr>
      <gpxtpx:cad>77</gpxtpx:cad>
     </gpxtpx:TrackPointExtension>
    </extensions>
   </trkpt>
   <trkpt lat="12.9370330" lon="77.5119670">
    <ele>812.4</ele>
    <time>2026-07-31T01:01:02Z</time>
    <extensions>
     <gpxtpx:TrackPointExtension>
      <gpxtpx:atemp>23</gpxtpx:atemp>
      <gpxtpx:hr>179</gpxtpx:hr>
      <gpxtpx:cad>78</gpxtpx:cad>
     </gpxtpx:TrackPointExtension>
    </extensions>
   </trkpt>
   <trkpt lat="12.9370100" lon="77.5120030">
    <ele>812.2</ele>
    <time>2026-07-31T01:01:04Z</time>
    <extensions>
     <gpxtpx:TrackPointExtension>
      <gpxtpx:atemp>23</gpxtpx:atemp>
      <gpxtpx:hr>176</gpxtpx:hr>
      <gpxtpx:cad>78</gpxtpx:cad>
     </gpxtpx:TrackPointExtension>
    </extensions>
   </trkpt>
   <trkpt lat="12.9369420" lon="77.5120730">
    <ele>811.4</ele>
    <time>2026-07-31T01:01:07Z</time>
    <extensions>
     <gpxtpx:TrackPointExtension>
      <gpxtpx:atemp>23</gpxtpx:atemp>
      <gpxtpx:hr>179</gpxtpx:hr>
      <gpxtpx:cad>76</gpxtpx:cad>
     </gpxtpx:TrackPointExtension>
    </extensions>
   </trkpt>
   <trkpt lat="12.9369190" lon="77.5121000">
    <ele>811.4</ele>
    <time>2026-07-31T01:01:08Z</time>
    <extensions>
     <gpxtpx:TrackPointExtension>
      <gpxtpx:atemp>23</gpxtpx:atemp>
      <gpxtpx:hr>178</gpxtpx:hr>
      <gpxtpx:cad>75</gpxtpx:cad>
     </gpxtpx:TrackPointExtension>
    </extensions>
   </trkpt>
   <trkpt lat="12.9368110" lon="77.5122210">
    <ele>810.6</ele>
    <time>2026-07-31T01:01:14Z</time>
    <extensions>
     <gpxtpx:TrackPointExtension>
      <gpxtpx:atemp>23</gpxtpx:atemp>
      <gpxtpx:hr>177</gpxtpx:hr>
      <gpxtpx:cad>79</gpxtpx:cad>
     </gpxtpx:TrackPointExtension>
    </extensions>
   </trkpt>
   <trkpt lat="12.9367800" lon="77.5122550">
    <ele>810.4</ele>
    <time>2026-07-31T01:01:16Z</time>
    <extensions>
     <gpxtpx:TrackPointExtension>
      <gpxtpx:atemp>23</gpxtpx:atemp>
      <gpxtpx:hr>177</gpxtpx:hr>
      <gpxtpx:cad>79</gpxtpx:cad>
     </gpxtpx:TrackPointExtension>
    </extensions>
   </trkpt>
   <trkpt lat="12.9366800" lon="77.5123150">
    <ele>809.2</ele>
    <time>2026-07-31T01:01:21Z</time>
    <extensions>
     <gpxtpx:TrackPointExtension>
      <gpxtpx:atemp>23</gpxtpx:atemp>
      <gpxtpx:hr>176</gpxtpx:hr>
      <gpxtpx:cad>77</gpxtpx:cad>
     </gpxtpx:TrackPointExtension>
    </extensions>
   </trkpt>
   <trkpt lat="12.9366580" lon="77.5123250">
    <ele>809.2</ele>
    <time>2026-07-31T01:01:22Z</time>
    <extensions>
     <gpxtpx:TrackPointExtension>
      <gpxtpx:atemp>23</gpxtpx:atemp>
      <gpxtpx:hr>177</gpxtpx:hr>
      <gpxtpx:cad>77</gpxtpx:cad>
     </gpxtpx:TrackPointExtension>
    </extensions>
   </trkpt>
   <trkpt lat="12.9365480" lon="77.5123730">
    <ele>808.8</ele>
    <time>2026-07-31T01:01:26Z</time>
    <extensions>
     <gpxtpx:TrackPointExtension>
      <gpxtpx:atemp>23</gpxtpx:atemp>
      <gpxtpx:hr>180</gpxtpx:hr>
      <gpxtpx:cad>79</gpxtpx:cad>
     </gpxtpx:TrackPointExtension>
    </extensions>
   </trkpt>
   <trkpt lat="12.9364810" lon="77.5124560">
    <ele>808.4</ele>
    <time>2026-07-31T01:01:30Z</time>
    <extensions>
     <gpxtpx:TrackPointExtension>
      <gpxtpx:atemp>23</gpxtpx:atemp>
      <gpxtpx:hr>180</gpxtpx:hr>
      <gpxtpx:cad>79</gpxtpx:cad>
     </gpxtpx:TrackPointExtension>
    </extensions>
   </trkpt>
   <trkpt lat="12.9364660" lon="77.5124800">
    <ele>808.2</ele>
    <time>2026-07-31T01:01:31Z</time>
    <extensions>
     <gpxtpx:TrackPointExtension>
      <gpxtpx:atemp>23</gpxtpx:atemp>
      <gpxtpx:hr>179</gpxtpx:hr>
      <gpxtpx:cad>79</gpxtpx:cad>
     </gpxtpx:TrackPointExtension>
    </extensions>
   </trkpt>
   <trkpt lat="12.9363810" lon="77.5125220">
    <ele>808.2</ele>
    <time>2026-07-31T01:01:35Z</time>
    <extensions>
     <gpxtpx:TrackPointExtension>
      <gpxtpx:atemp>23</gpxtpx:atemp>
      <gpxtpx:hr>179</gpxtpx:hr>
      <gpxtpx:cad>78</gpxtpx:cad>
     </gpxtpx:TrackPointExtension>
    </extensions>
   </trkpt>
   <trkpt lat="12.9363230" lon="77.5126440">
    <ele>808.0</ele>
    <time>2026-07-31T01:01:40Z</time>
    <extensions>
     <gpxtpx:TrackPointExtension>
      <gpxtpx:atemp>23</gpxtpx:atemp>
      <gpxtpx:hr>178</gpxtpx:hr>
      <gpxtpx:cad>78</gpxtpx:cad>
     </gpxtpx:TrackPointExtension>
    </extensions>
   </trkpt>
   <trkpt lat="12.9363040" lon="77.5126570">
    <ele>807.8</ele>
    <time>2026-07-31T01:01:41Z</time>
    <extensions>
     <gpxtpx:TrackPointExtension>
      <gpxtpx:atemp>23</gpxtpx:atemp>
      <gpxtpx:hr>177</gpxtpx:hr>
      <gpxtpx:cad>78</gpxtpx:cad>
     </gpxtpx:TrackPointExtension>
    </extensions>
   </trkpt>
   <trkpt lat="12.9361860" lon="77.5127420">
    <ele>807.8</ele>
    <time>2026-07-31T01:01:47Z</time>
    <extensions>
     <gpxtpx:TrackPointExtension>
      <gpxtpx:atemp>23</gpxtpx:atemp>
      <gpxtpx:hr>177</gpxtpx:hr>
      <gpxtpx:cad>78</gpxtpx:cad>
     </gpxtpx:TrackPointExtension>
    </extensions>
   </trkpt>
   <trkpt lat="12.9360950" lon="77.5127850">
    <ele>807.8</ele>
    <time>2026-07-31T01:01:51Z</time>
    <extensions>
     <gpxtpx:TrackPointExtension>
      <gpxtpx:atemp>23</gpxtpx:atemp>
      <gpxtpx:hr>176</gpxtpx:hr>
      <gpxtpx:cad>76</gpxtpx:cad>
     </gpxtpx:TrackPointExtension>
    </extensions>
   </trkpt>
   <trkpt lat="12.9360620" lon="77.5127840">
    <ele>807.8</ele>
    <time>2026-07-31T01:01:52Z</time>
    <extensions>
     <gpxtpx:TrackPointExtension>
      <gpxtpx:atemp>23</gpxtpx:atemp>
      <gpxtpx:hr>176</gpxtpx:hr>
      <gpxtpx:cad>76</gpxtpx:cad>
     </gpxtpx:TrackPointExtension>
    </extensions>
   </trkpt>
   <trkpt lat="12.9359260" lon="77.5128040">
    <ele>808.0</ele>
    <time>2026-07-31T01:01:59Z</time>
    <extensions>
     <gpxtpx:TrackPointExtension>
      <gpxtpx:atemp>23</gpxtpx:atemp>
      <gpxtpx:hr>176</gpxtpx:hr>
      <gpxtpx:cad>78</gpxtpx:cad>
     </gpxtpx:TrackPointExtension>
    </extensions>
   </trkpt>
   <trkpt lat="12.9358500" lon="77.5127930">
    <ele>808.0</ele>
    <time>2026-07-31T01:02:05Z</time>
    <extensions>
     <gpxtpx:TrackPointExtension>
      <gpxtpx:atemp>23</gpxtpx:atemp>
      <gpxtpx:hr>173</gpxtpx:hr>
      <gpxtpx:cad>53</gpxtpx:cad>
     </gpxtpx:TrackPointExtension>
    </extensions>
   </trkpt>
   <trkpt lat="12.9358190" lon="77.5127890">
    <ele>808.0</ele>
    <time>2026-07-31T01:02:08Z</time>
    <extensions>
     <gpxtpx:TrackPointExtension>
      <gpxtpx:atemp>23</gpxtpx:atemp>
      <gpxtpx:hr>169</gpxtpx:hr>
      <gpxtpx:cad>53</gpxtpx:cad>
     </gpxtpx:TrackPointExtension>
    </extensions>
   </trkpt>
   <trkpt lat="12.9357970" lon="77.5127880">
    <ele>808.2</ele>
    <time>2026-07-31T01:02:10Z</time>
    <extensions>
     <gpxtpx:TrackPointExtension>
      <gpxtpx:atemp>23</gpxtpx:atemp>
      <gpxtpx:hr>164</gpxtpx:hr>
      <gpxtpx:cad>52</gpxtpx:cad>
     </gpxtpx:TrackPointExtension>
    </extensions>
   </trkpt>
   <trkpt lat="12.9357850" lon="77.5127970">
    <ele>808.2</ele>
    <time>2026-07-31T01:02:11Z</time>
    <extensions>
     <gpxtpx:TrackPointExtension>
      <gpxtpx:atemp>23</gpxtpx:atemp>
      <gpxtpx:hr>162</gpxtpx:hr>
      <gpxtpx:cad>52</gpxtpx:cad>
     </gpxtpx:TrackPointExtension>
    </extensions>
   </trkpt>
   <trkpt lat="12.9357740" lon="77.5128060">
    <ele>808.2</ele>
    <time>2026-07-31T01:02:12Z</time>
    <extensions>
     <gpxtpx:TrackPointExtension>
      <gpxtpx:atemp>23</gpxtpx:atemp>
      <gpxtpx:hr>160</gpxtpx:hr>
      <gpxtpx:cad>53</gpxtpx:cad>
     </gpxtpx:TrackPointExtension>
    </extensions>
   </trkpt>
   <trkpt lat="12.9357110" lon="77.5128830">
    <ele>808.2</ele>
    <time>2026-07-31T01:02:19Z</time>
    <extensions>
     <gpxtpx:TrackPointExtension>
      <gpxtpx:atemp>23</gpxtpx:atemp>
      <gpxtpx:hr>157</gpxtpx:hr>
      <gpxtpx:cad>51</gpxtpx:cad>
     </gpxtpx:TrackPointExtension>
    </extensions>
   </trkpt>
   <trkpt lat="12.9357060" lon="77.5128900">
    <ele>808.2</ele>
    <time>2026-07-31T01:02:20Z</time>
    <extensions>
     <gpxtpx:TrackPointExtension>
      <gpxtpx:atemp>23</gpxtpx:atemp>
      <gpxtpx:hr>157</gpxtpx:hr>
      <gpxtpx:cad>51</gpxtpx:cad>
     </gpxtpx:TrackPointExtension>
    </extensions>
   </trkpt>
   <trkpt lat="12.9356910" lon="77.5129010">
    <ele>808.2</ele>
    <time>2026-07-31T01:02:22Z</time>
    <extensions>
     <gpxtpx:TrackPointExtension>
      <gpxtpx:atemp>23</gpxtpx:atemp>
      <gpxtpx:hr>156</gpxtpx:hr>
      <gpxtpx:cad>52</gpxtpx:cad>
     </gpxtpx:TrackPointExtension>
    </extensions>
   </trkpt>
   <trkpt lat="12.9356770" lon="77.5128980">
    <ele>808.2</ele>
    <time>2026-07-31T01:02:25Z</time>
    <extensions>
     <gpxtpx:TrackPointExtension>
      <gpxtpx:atemp>23</gpxtpx:atemp>
      <gpxtpx:hr>155</gpxtpx:hr>
      <gpxtpx:cad>0</gpxtpx:cad>
     </gpxtpx:TrackPointExtension>
    </extensions>
   </trkpt>
   <trkpt lat="12.9356860" lon="77.5129010">
    <ele>808.2</ele>
    <time>2026-07-31T01:02:29Z</time>
    <extensions>
     <gpxtpx:TrackPointExtension>
      <gpxtpx:atemp>23</gpxtpx:atemp>
      <gpxtpx:hr>151</gpxtpx:hr>
      <gpxtpx:cad>0</gpxtpx:cad>
     </gpxtpx:TrackPointExtension>
    </extensions>
   </trkpt>
   <trkpt lat="12.9356860" lon="77.5129020">
    <ele>808.2</ele>
    <time>2026-07-31T01:02:30Z</time>
    <extensions>
     <gpxtpx:TrackPointExtension>
      <gpxtpx:atemp>23</gpxtpx:atemp>
      <gpxtpx:hr>153</gpxtpx:hr>
      <gpxtpx:cad>0</gpxtpx:cad>
     </gpxtpx:TrackPointExtension>
    </extensions>
   </trkpt>
   <trkpt lat="12.9356820" lon="77.5129050">
    <ele>808.6</ele>
    <time>2026-07-31T01:02:35Z</time>
    <extensions>
     <gpxtpx:TrackPointExtension>
      <gpxtpx:atemp>23</gpxtpx:atemp>
      <gpxtpx:hr>150</gpxtpx:hr>
      <gpxtpx:cad>0</gpxtpx:cad>
     </gpxtpx:TrackPointExtension>
    </extensions>
   </trkpt>
   <trkpt lat="12.9356780" lon="77.5129080">
    <ele>808.2</ele>
    <time>2026-07-31T01:02:42Z</time>
    <extensions>
     <gpxtpx:TrackPointExtension>
      <gpxtpx:atemp>23</gpxtpx:atemp>
      <gpxtpx:hr>149</gpxtpx:hr>
      <gpxtpx:cad>0</gpxtpx:cad>
     </gpxtpx:TrackPointExtension>
    </extensions>
   </trkpt>
   <trkpt lat="12.9356520" lon="77.5129490">
    <ele>808.0</ele>
    <time>2026-07-31T01:02:48Z</time>
    <extensions>
     <gpxtpx:TrackPointExtension>
      <gpxtpx:atemp>23</gpxtpx:atemp>
      <gpxtpx:hr>149</gpxtpx:hr>
      <gpxtpx:cad>0</gpxtpx:cad>
     </gpxtpx:TrackPointExtension>
    </extensions>
   </trkpt>
   <trkpt lat="12.9356300" lon="77.5129650">
    <ele>808.0</ele>
    <time>2026-07-31T01:02:53Z</time>
    <extensions>
     <gpxtpx:TrackPointExtension>
      <gpxtpx:atemp>23</gpxtpx:atemp>
      <gpxtpx:hr>150</gpxtpx:hr>
      <gpxtpx:cad>0</gpxtpx:cad>
     </gpxtpx:TrackPointExtension>
    </extensions>
   </trkpt>
   <trkpt lat="12.9355690" lon="77.5130140">
    <ele>808.0</ele>
    <time>2026-07-31T01:02:57Z</time>
    <extensions>
     <gpxtpx:TrackPointExtension>
      <gpxtpx:atemp>23</gpxtpx:atemp>
      <gpxtpx:hr>151</gpxtpx:hr>
      <gpxtpx:cad>0</gpxtpx:cad>
     </gpxtpx:TrackPointExtension>
    </extensions>
   </trkpt>
   <trkpt lat="12.9355360" lon="77.5130550">
    <ele>808.0</ele>
    <time>2026-07-31T01:03:00Z</time>
    <extensions>
     <gpxtpx:TrackPointExtension>
      <gpxtpx:atemp>23</gpxtpx:atemp>
      <gpxtpx:hr>154</gpxtpx:hr>
      <gpxtpx:cad>82</gpxtpx:cad>
     </gpxtpx:TrackPointExtension>
    </extensions>
   </trkpt>
   <trkpt lat="12.9355350" lon="77.5130840">
    <ele>807.4</ele>
    <time>2026-07-31T01:03:01Z</time>
    <extensions>
     <gpxtpx:TrackPointExtension>
      <gpxtpx:atemp>23</gpxtpx:atemp>
      <gpxtpx:hr>152</gpxtpx:hr>
      <gpxtpx:cad>82</gpxtpx:cad>
     </gpxtpx:TrackPointExtension>
    </extensions>
   </trkpt>
   <trkpt lat="12.9355340" lon="77.5131070">
    <ele>807.2</ele>
    <time>2026-07-31T01:03:02Z</time>
    <extensions>
     <gpxtpx:TrackPointExtension>
      <gpxtpx:atemp>23</gpxtpx:atemp>
      <gpxtpx:hr>153</gpxtpx:hr>
      <gpxtpx:cad>82</gpxtpx:cad>
     </gpxtpx:TrackPointExtension>
    </extensions>
   </trkpt>
   <trkpt lat="12.9355540" lon="77.5131860">
    <ele>806.8</ele>
    <time>2026-07-31T01:03:06Z</time>
    <extensions>
     <gpxtpx:TrackPointExtension>
      <gpxtpx:atemp>23</gpxtpx:atemp>
      <gpxtpx:hr>157</gpxtpx:hr>
      <gpxtpx:cad>82</gpxtpx:cad>
     </gpxtpx:TrackPointExtension>
    </extensions>
   </trkpt>
   <trkpt lat="12.9355590" lon="77.5132000">
    <ele>806.8</ele>
    <time>2026-07-31T01:03:08Z</time>
    <extensions>
     <gpxtpx:TrackPointExtension>
      <gpxtpx:atemp>23</gpxtpx:atemp>
      <gpxtpx:hr>156</gpxtpx:hr>
      <gpxtpx:cad>82</gpxtpx:cad>
     </gpxtpx:TrackPointExtension>
    </extensions>
   </trkpt>
   <trkpt lat="12.9355630" lon="77.5132060">
    <ele>807.0</ele>
    <time>2026-07-31T01:03:09Z</time>
    <extensions>
     <gpxtpx:TrackPointExtension>
      <gpxtpx:atemp>23</gpxtpx:atemp>
      <gpxtpx:hr>159</gpxtpx:hr>
      <gpxtpx:cad>82</gpxtpx:cad>
     </gpxtpx:TrackPointExtension>
    </extensions>
   </trkpt>
   <trkpt lat="12.9355920" lon="77.5132240">
    <ele>807.2</ele>
    <time>2026-07-31T01:03:11Z</time>
    <extensions>
     <gpxtpx:TrackPointExtension>
      <gpxtpx:atemp>23</gpxtpx:atemp>
      <gpxtpx:hr>160</gpxtpx:hr>
      <gpxtpx:cad>82</gpxtpx:cad>
     </gpxtpx:TrackPointExtension>
    </extensions>
   </trkpt>
   <trkpt lat="12.9356160" lon="77.5132630">
    <ele>807.2</ele>
    <time>2026-07-31T01:03:13Z</time>
    <extensions>
     <gpxtpx:TrackPointExtension>
      <gpxtpx:atemp>23</gpxtpx:atemp>
      <gpxtpx:hr>159</gpxtpx:hr>
      <gpxtpx:cad>0</gpxtpx:cad>
     </gpxtpx:TrackPointExtension>
    </extensions>
   </trkpt>
   <trkpt lat="12.9356010" lon="77.5133740">
    <ele>807.2</ele>
    <time>2026-07-31T01:03:17Z</time>
    <extensions>
     <gpxtpx:TrackPointExtension>
      <gpxtpx:atemp>23</gpxtpx:atemp>
      <gpxtpx:hr>156</gpxtpx:hr>
      <gpxtpx:cad>80</gpxtpx:cad>
     </gpxtpx:TrackPointExtension>
    </extensions>
   </trkpt>
   <trkpt lat="12.9356400" lon="77.5134490">
    <ele>807.2</ele>
    <time>2026-07-31T01:03:20Z</time>
    <extensions>
     <gpxtpx:TrackPointExtension>
      <gpxtpx:atemp>23</gpxtpx:atemp>
      <gpxtpx:hr>156</gpxtpx:hr>
      <gpxtpx:cad>80</gpxtpx:cad>
     </gpxtpx:TrackPointExtension>
    </extensions>
   </trkpt>
   <trkpt lat="12.9357030" lon="77.5135820">
    <ele>807.2</ele>
    <time>2026-07-31T01:03:26Z</time>
    <extensions>
     <gpxtpx:TrackPointExtension>
      <gpxtpx:atemp>23</gpxtpx:atemp>
      <gpxtpx:hr>159</gpxtpx:hr>
      <gpxtpx:cad>81</gpxtpx:cad>
     </gpxtpx:TrackPointExtension>
    </extensions>
   </trkpt>
   <trkpt lat="12.9357320" lon="77.5136720">
    <ele>807.0</ele>
    <time>2026-07-31T01:03:31Z</time>
    <extensions>
     <gpxtpx:TrackPointExtension>
      <gpxtpx:atemp>23</gpxtpx:atemp>
      <gpxtpx:hr>160</gpxtpx:hr>
      <gpxtpx:cad>79</gpxtpx:cad>
     </gpxtpx:TrackPointExtension>
    </extensions>
   </trkpt>
   <trkpt lat="12.9357350" lon="77.5136920">
    <ele>807.0</ele>
    <time>2026-07-31T01:03:34Z</time>
    <extensions>
     <gpxtpx:TrackPointExtension>
      <gpxtpx:atemp>23</gpxtpx:atemp>
      <gpxtpx:hr>157</gpxtpx:hr>
      <gpxtpx:cad>0</gpxtpx:cad>
     </gpxtpx:TrackPointExtension>
    </extensions>
   </trkpt>
   <trkpt lat="12.9357420" lon="77.5137040">
    <ele>806.8</ele>
    <time>2026-07-31T01:03:35Z</time>
    <extensions>
     <gpxtpx:TrackPointExtension>
      <gpxtpx:atemp>23</gpxtpx:atemp>
      <gpxtpx:hr>157</gpxtpx:hr>
      <gpxtpx:cad>0</gpxtpx:cad>
     </gpxtpx:TrackPointExtension>
    </extensions>
   </trkpt>
   <trkpt lat="12.9357650" lon="77.5137290">
    <ele>806.8</ele>
    <time>2026-07-31T01:03:37Z</time>
    <extensions>
     <gpxtpx:TrackPointExtension>
      <gpxtpx:atemp>23</gpxtpx:atemp>
      <gpxtpx:hr>155</gpxtpx:hr>
      <gpxtpx:cad>71</gpxtpx:cad>
     </gpxtpx:TrackPointExtension>
    </extensions>
   </trkpt>
   <trkpt lat="12.9357640" lon="77.5137780">
    <ele>806.6</ele>
    <time>2026-07-31T01:03:41Z</time>
    <extensions>
     <gpxtpx:TrackPointExtension>
      <gpxtpx:atemp>23</gpxtpx:atemp>
      <gpxtpx:hr>156</gpxtpx:hr>
      <gpxtpx:cad>56</gpxtpx:cad>
     </gpxtpx:TrackPointExtension>
    </extensions>
   </trkpt>
   <trkpt lat="12.9357630" lon="77.5137810">
    <ele>806.8</ele>
    <time>2026-07-31T01:03:42Z</time>
    <extensions>
     <gpxtpx:TrackPointExtension>
      <gpxtpx:atemp>23</gpxtpx:atemp>
      <gpxtpx:hr>157</gpxtpx:hr>
      <gpxtpx:cad>0</gpxtpx:cad>
     </gpxtpx:TrackPointExtension>
    </extensions>
   </trkpt>
   <trkpt lat="12.9357620" lon="77.5137830">
    <ele>807.0</ele>
    <time>2026-07-31T01:03:45Z</time>
    <extensions>
     <gpxtpx:TrackPointExtension>
      <gpxtpx:atemp>23</gpxtpx:atemp>
      <gpxtpx:hr>154</gpxtpx:hr>
      <gpxtpx:cad>0</gpxtpx:cad>
     </gpxtpx:TrackPointExtension>
    </extensions>
   </trkpt>
   <trkpt lat="12.9357640" lon="77.5137840">
    <ele>807.2</ele>
    <time>2026-07-31T01:03:47Z</time>
    <extensions>
     <gpxtpx:TrackPointExtension>
      <gpxtpx:atemp>23</gpxtpx:atemp>
      <gpxtpx:hr>152</gpxtpx:hr>
      <gpxtpx:cad>0</gpxtpx:cad>
     </gpxtpx:TrackPointExtension>
    </extensions>
   </trkpt>
   <trkpt lat="12.9357700" lon="77.5137870">
    <ele>807.8</ele>
    <time>2026-07-31T01:03:54Z</time>
    <extensions>
     <gpxtpx:TrackPointExtension>
      <gpxtpx:atemp>23</gpxtpx:atemp>
      <gpxtpx:hr>149</gpxtpx:hr>
      <gpxtpx:cad>0</gpxtpx:cad>
     </gpxtpx:TrackPointExtension>
    </extensions>
   </trkpt>
   <trkpt lat="12.9357910" lon="77.5138080">
    <ele>807.4</ele>
    <time>2026-07-31T01:03:57Z</time>
    <extensions>
     <gpxtpx:TrackPointExtension>
      <gpxtpx:atemp>23</gpxtpx:atemp>
      <gpxtpx:hr>150</gpxtpx:hr>
      <gpxtpx:cad>0</gpxtpx:cad>
     </gpxtpx:TrackPointExtension>
    </extensions>
   </trkpt>
   <trkpt lat="12.9358020" lon="77.5138900">
    <ele>807.0</ele>
    <time>2026-07-31T01:04:03Z</time>
    <extensions>
     <gpxtpx:TrackPointExtension>
      <gpxtpx:atemp>23</gpxtpx:atemp>
      <gpxtpx:hr>148</gpxtpx:hr>
      <gpxtpx:cad>54</gpxtpx:cad>
     </gpxtpx:TrackPointExtension>
    </extensions>
   </trkpt>
   <trkpt lat="12.9358250" lon="77.5139670">
    <ele>806.8</ele>
    <time>2026-07-31T01:04:08Z</time>
    <extensions>
     <gpxtpx:TrackPointExtension>
      <gpxtpx:atemp>23</gpxtpx:atemp>
      <gpxtpx:hr>145</gpxtpx:hr>
      <gpxtpx:cad>53</gpxtpx:cad>
     </gpxtpx:TrackPointExtension>
    </extensions>
   </trkpt>
   <trkpt lat="12.9358330" lon="77.5139940">
    <ele>806.8</ele>
    <time>2026-07-31T01:04:10Z</time>
    <extensions>
     <gpxtpx:TrackPointExtension>
      <gpxtpx:atemp>23</gpxtpx:atemp>
      <gpxtpx:hr>147</gpxtpx:hr>
      <gpxtpx:cad>53</gpxtpx:cad>
     </gpxtpx:TrackPointExtension>
    </extensions>
   </trkpt>
   <trkpt lat="12.9358310" lon="77.5140730">
    <ele>806.4</ele>
    <time>2026-07-31T01:04:16Z</time>
    <extensions>
     <gpxtpx:TrackPointExtension>
      <gpxtpx:atemp>23</gpxtpx:atemp>
      <gpxtpx:hr>144</gpxtpx:hr>
      <gpxtpx:cad>53</gpxtpx:cad>
     </gpxtpx:TrackPointExtension>
    </extensions>
   </trkpt>
   <trkpt lat="12.9358260" lon="77.5140840">
    <ele>806.4</ele>
    <time>2026-07-31T01:04:17Z</time>
    <extensions>
     <gpxtpx:TrackPointExtension>
      <gpxtpx:atemp>23</gpxtpx:atemp>
      <gpxtpx:hr>145</gpxtpx:hr>
      <gpxtpx:cad>53</gpxtpx:cad>
     </gpxtpx:TrackPointExtension>
    </extensions>
   </trkpt>
   <trkpt lat="12.9358420" lon="77.5142140">
    <ele>806.4</ele>
    <time>2026-07-31T01:04:26Z</time>
    <extensions>
     <gpxtpx:TrackPointExtension>
      <gpxtpx:atemp>23</gpxtpx:atemp>
      <gpxtpx:hr>144</gpxtpx:hr>
      <gpxtpx:cad>51</gpxtpx:cad>
     </gpxtpx:TrackPointExtension>
    </extensions>
   </trkpt>
   <trkpt lat="12.9358560" lon="77.5142680">
    <ele>806.2</ele>
    <time>2026-07-31T01:04:28Z</time>
    <extensions>
     <gpxtpx:TrackPointExtension>
      <gpxtpx:atemp>23</gpxtpx:atemp>
      <gpxtpx:hr>143</gpxtpx:hr>
      <gpxtpx:cad>70</gpxtpx:cad>
     </gpxtpx:TrackPointExtension>
    </extensions>
   </trkpt>
   <trkpt lat="12.9358800" lon="77.5143750">
    <ele>805.8</ele>
    <time>2026-07-31T01:04:32Z</time>
    <extensions>
     <gpxtpx:TrackPointExtension>
      <gpxtpx:atemp>23</gpxtpx:atemp>
      <gpxtpx:hr>143</gpxtpx:hr>
      <gpxtpx:cad>77</gpxtpx:cad>
     </gpxtpx:TrackPointExtension>
    </extensions>
   </trkpt>
   <trkpt lat="12.9358910" lon="77.5144240">
    <ele>805.6</ele>
    <time>2026-07-31T01:04:34Z</time>
    <extensions>
     <gpxtpx:TrackPointExtension>
      <gpxtpx:atemp>23</gpxtpx:atemp>
      <gpxtpx:hr>146</gpxtpx:hr>
      <gpxtpx:cad>81</gpxtpx:cad>
     </gpxtpx:TrackPointExtension>
    </extensions>
   </trkpt>
   <trkpt lat="12.9359170" lon="77.5144990">
    <ele>805.6</ele>
    <time>2026-07-31T01:04:37Z</time>
    <extensions>
     <gpxtpx:TrackPointExtension>
      <gpxtpx:atemp>23</gpxtpx:atemp>
      <gpxtpx:hr>149</gpxtpx:hr>
      <gpxtpx:cad>80</gpxtpx:cad>
     </gpxtpx:TrackPointExtension>
    </extensions>
   </trkpt>
   <trkpt lat="12.9359560" lon="77.5145390">
    <ele>805.4</ele>
    <time>2026-07-31T01:04:39Z</time>
    <extensions>
     <gpxtpx:TrackPointExtension>
      <gpxtpx:atemp>23</gpxtpx:atemp>
      <gpxtpx:hr>151</gpxtpx:hr>
      <gpxtpx:cad>81</gpxtpx:cad>
     </gpxtpx:TrackPointExtension>
    </extensions>
   </trkpt>
   <trkpt lat="12.9359730" lon="77.5145880">
    <ele>805.2</ele>
    <time>2026-07-31T01:04:41Z</time>
    <extensions>
     <gpxtpx:TrackPointExtension>
      <gpxtpx:atemp>23</gpxtpx:atemp>
      <gpxtpx:hr>154</gpxtpx:hr>
      <gpxtpx:cad>81</gpxtpx:cad>
     </gpxtpx:TrackPointExtension>
    </extensions>
   </trkpt>
   <trkpt lat="12.9359930" lon="77.5147400">
    <ele>805.4</ele>
    <time>2026-07-31T01:04:46Z</time>
    <extensions>
     <gpxtpx:TrackPointExtension>
      <gpxtpx:atemp>23</gpxtpx:atemp>
      <gpxtpx:hr>157</gpxtpx:hr>
      <gpxtpx:cad>81</gpxtpx:cad>
     </gpxtpx:TrackPointExtension>
    </extensions>
   </trkpt>
   <trkpt lat="12.9359850" lon="77.5148320">
    <ele>805.4</ele>
    <time>2026-07-31T01:04:49Z</time>
    <extensions>
     <gpxtpx:TrackPointExtension>
      <gpxtpx:atemp>23</gpxtpx:atemp>
      <gpxtpx:hr>158</gpxtpx:hr>
      <gpxtpx:cad>82</gpxtpx:cad>
     </gpxtpx:TrackPointExtension>
    </extensions>
   </trkpt>
   <trkpt lat="12.9360010" lon="77.5148580">
    <ele>805.2</ele>
    <time>2026-07-31T01:04:50Z</time>
    <extensions>
     <gpxtpx:TrackPointExtension>
      <gpxtpx:atemp>23</gpxtpx:atemp>
      <gpxtpx:hr>159</gpxtpx:hr>
      <gpxtpx:cad>82</gpxtpx:cad>
     </gpxtpx:TrackPointExtension>
    </extensions>
   </trkpt>
   <trkpt lat="12.9360220" lon="77.5149100">
    <ele>805.0</ele>
    <time>2026-07-31T01:04:52Z</time>
    <extensions>
     <gpxtpx:TrackPointExtension>
      <gpxtpx:atemp>23</gpxtpx:atemp>
      <gpxtpx:hr>162</gpxtpx:hr>
      <gpxtpx:cad>82</gpxtpx:cad>
     </gpxtpx:TrackPointExtension>
    </extensions>
   </trkpt>
   <trkpt lat="12.9360270" lon="77.5149320">
    <ele>805.0</ele>
    <time>2026-07-31T01:04:53Z</time>
    <extensions>
     <gpxtpx:TrackPointExtension>
      <gpxtpx:atemp>23</gpxtpx:atemp>
      <gpxtpx:hr>161</gpxtpx:hr>
      <gpxtpx:cad>82</gpxtpx:cad>
     </gpxtpx:TrackPointExtension>
    </extensions>
   </trkpt>
   <trkpt lat="12.9360350" lon="77.5151080">
    <ele>805.0</ele>
    <time>2026-07-31T01:05:00Z</time>
    <extensions>
     <gpxtpx:TrackPointExtension>
      <gpxtpx:atemp>23</gpxtpx:atemp>
      <gpxtpx:hr>162</gpxtpx:hr>
      <gpxtpx:cad>80</gpxtpx:cad>
     </gpxtpx:TrackPointExtension>
    </extensions>
   </trkpt>
   <trkpt lat="12.9360420" lon="77.5151870">
    <ele>805.0</ele>
    <time>2026-07-31T01:05:03Z</time>
    <extensions>
     <gpxtpx:TrackPointExtension>
      <gpxtpx:atemp>23</gpxtpx:atemp>
      <gpxtpx:hr>159</gpxtpx:hr>
      <gpxtpx:cad>80</gpxtpx:cad>
     </gpxtpx:TrackPointExtension>
    </extensions>
   </trkpt>
   <trkpt lat="12.9360700" lon="77.5153700">
    <ele>805.2</ele>
    <time>2026-07-31T01:05:10Z</time>
    <extensions>
     <gpxtpx:TrackPointExtension>
      <gpxtpx:atemp>23</gpxtpx:atemp>
      <gpxtpx:hr>159</gpxtpx:hr>
      <gpxtpx:cad>81</gpxtpx:cad>
     </gpxtpx:TrackPointExtension>
    </extensions>
   </trkpt>
   <trkpt lat="12.9360860" lon="77.5155190">
    <ele>805.2</ele>
    <time>2026-07-31T01:05:16Z</time>
    <extensions>
     <gpxtpx:TrackPointExtension>
      <gpxtpx:atemp>23</gpxtpx:atemp>
      <gpxtpx:hr>159</gpxtpx:hr>
      <gpxtpx:cad>80</gpxtpx:cad>
     </gpxtpx:TrackPointExtension>
    </extensions>
   </trkpt>
   <trkpt lat="12.9361000" lon="77.5156470">
    <ele>805.4</ele>
    <time>2026-07-31T01:05:21Z</time>
    <extensions>
     <gpxtpx:TrackPointExtension>
      <gpxtpx:atemp>23</gpxtpx:atemp>
      <gpxtpx:hr>160</gpxtpx:hr>
      <gpxtpx:cad>78</gpxtpx:cad>
     </gpxtpx:TrackPointExtension>
    </extensions>
   </trkpt>
   <trkpt lat="12.9361030" lon="77.5157320">
    <ele>805.6</ele>
    <time>2026-07-31T01:05:25Z</time>
    <extensions>
     <gpxtpx:TrackPointExtension>
      <gpxtpx:atemp>23</gpxtpx:atemp>
      <gpxtpx:hr>163</gpxtpx:hr>
      <gpxtpx:cad>78</gpxtpx:cad>
     </gpxtpx:TrackPointExtension>
    </extensions>
   </trkpt>
   <trkpt lat="12.9360950" lon="77.5157520">
    <ele>805.6</ele>
    <time>2026-07-31T01:05:26Z</time>
    <extensions>
     <gpxtpx:TrackPointExtension>
      <gpxtpx:atemp>23</gpxtpx:atemp>
      <gpxtpx:hr>163</gpxtpx:hr>
      <gpxtpx:cad>78</gpxtpx:cad>
     </gpxtpx:TrackPointExtension>
    </extensions>
   </trkpt>
   <trkpt lat="12.9361030" lon="77.5158650">
    <ele>806.0</ele>
    <time>2026-07-31T01:05:31Z</time>
    <extensions>
     <gpxtpx:TrackPointExtension>
      <gpxtpx:atemp>23</gpxtpx:atemp>
      <gpxtpx:hr>163</gpxtpx:hr>
      <gpxtpx:cad>77</gpxtpx:cad>
     </gpxtpx:TrackPointExtension>
    </extensions>
   </trkpt>
   <trkpt lat="12.9361640" lon="77.5160550">
    <ele>805.8</ele>
    <time>2026-07-31T01:05:39Z</time>
    <extensions>
     <gpxtpx:TrackPointExtension>
      <gpxtpx:atemp>23</gpxtpx:atemp>
      <gpxtpx:hr>165</gpxtpx:hr>
      <gpxtpx:cad>80</gpxtpx:cad>
     </gpxtpx:TrackPointExtension>
    </extensions>
   </trkpt>
   <trkpt lat="12.9361700" lon="77.5162500">
    <ele>805.8</ele>
    <time>2026-07-31T01:05:46Z</time>
    <extensions>
     <gpxtpx:TrackPointExtension>
      <gpxtpx:atemp>23</gpxtpx:atemp>
      <gpxtpx:hr>166</gpxtpx:hr>
      <gpxtpx:cad>78</gpxtpx:cad>
     </gpxtpx:TrackPointExtension>
    </extensions>
   </trkpt>
   <trkpt lat="12.9361450" lon="77.5163760">
    <ele>805.8</ele>
    <time>2026-07-31T01:05:54Z</time>
    <extensions>
     <gpxtpx:TrackPointExtension>
      <gpxtpx:atemp>23</gpxtpx:atemp>
      <gpxtpx:hr>162</gpxtpx:hr>
      <gpxtpx:cad>74</gpxtpx:cad>
     </gpxtpx:TrackPointExtension>
    </extensions>
   </trkpt>
   <trkpt lat="12.9361430" lon="77.5163880">
    <ele>805.8</ele>
    <time>2026-07-31T01:05:55Z</time>
    <extensions>
     <gpxtpx:TrackPointExtension>
      <gpxtpx:atemp>23</gpxtpx:atemp>
      <gpxtpx:hr>162</gpxtpx:hr>
      <gpxtpx:cad>74</gpxtpx:cad>
     </gpxtpx:TrackPointExtension>
    </extensions>
   </trkpt>
   <trkpt lat="12.9361450" lon="77.5164410">
    <ele>805.8</ele>
    <time>2026-07-31T01:05:59Z</time>
    <extensions>
     <gpxtpx:TrackPointExtension>
      <gpxtpx:atemp>23</gpxtpx:atemp>
      <gpxtpx:hr>159</gpxtpx:hr>
      <gpxtpx:cad>74</gpxtpx:cad>
     </gpxtpx:TrackPointExtension>
    </extensions>
   </trkpt>
   <trkpt lat="12.9361300" lon="77.5164750">
    <ele>805.8</ele>
    <time>2026-07-31T01:06:01Z</time>
    <extensions>
     <gpxtpx:TrackPointExtension>
      <gpxtpx:atemp>23</gpxtpx:atemp>
      <gpxtpx:hr>158</gpxtpx:hr>
      <gpxtpx:cad>49</gpxtpx:cad>
     </gpxtpx:TrackPointExtension>
    </extensions>
   </trkpt>
   <trkpt lat="12.9361550" lon="77.5165710">
    <ele>806.0</ele>
    <time>2026-07-31T01:06:09Z</time>
    <extensions>
     <gpxtpx:TrackPointExtension>
      <gpxtpx:atemp>23</gpxtpx:atemp>
      <gpxtpx:hr>156</gpxtpx:hr>
      <gpxtpx:cad>51</gpxtpx:cad>
     </gpxtpx:TrackPointExtension>
    </extensions>
   </trkpt>
   <trkpt lat="12.9361420" lon="77.5166200">
    <ele>805.8</ele>
    <time>2026-07-31T01:06:13Z</time>
    <extensions>
     <gpxtpx:TrackPointExtension>
      <gpxtpx:atemp>23</gpxtpx:atemp>
      <gpxtpx:hr>153</gpxtpx:hr>
      <gpxtpx:cad>50</gpxtpx:cad>
     </gpxtpx:TrackPointExtension>
    </extensions>
   </trkpt>
   <trkpt lat="12.9361600" lon="77.5166600">
    <ele>805.8</ele>
    <time>2026-07-31T01:06:17Z</time>
    <extensions>
     <gpxtpx:TrackPointExtension>
      <gpxtpx:atemp>23</gpxtpx:atemp>
      <gpxtpx:hr>153</gpxtpx:hr>
      <gpxtpx:cad>49</gpxtpx:cad>
     </gpxtpx:TrackPointExtension>
    </extensions>
   </trkpt>
   <trkpt lat="12.9361970" lon="77.5167400">
    <ele>805.8</ele>
    <time>2026-07-31T01:06:24Z</time>
    <extensions>
     <gpxtpx:TrackPointExtension>
      <gpxtpx:atemp>23</gpxtpx:atemp>
      <gpxtpx:hr>151</gpxtpx:hr>
      <gpxtpx:cad>50</gpxtpx:cad>
     </gpxtpx:TrackPointExtension>
    </extensions>
   </trkpt>
   <trkpt lat="12.9362140" lon="77.5168380">
    <ele>805.6</ele>
    <time>2026-07-31T01:06:32Z</time>
    <extensions>
     <gpxtpx:TrackPointExtension>
      <gpxtpx:atemp>23</gpxtpx:atemp>
      <gpxtpx:hr>149</gpxtpx:hr>
      <gpxtpx:cad>48</gpxtpx:cad>
     </gpxtpx:TrackPointExtension>
    </extensions>
   </trkpt>
   <trkpt lat="12.9362250" lon="77.5169150">
    <ele>806.2</ele>
    <time>2026-07-31T01:06:39Z</time>
    <extensions>
     <gpxtpx:TrackPointExtension>
      <gpxtpx:atemp>23</gpxtpx:atemp>
      <gpxtpx:hr>146</gpxtpx:hr>
      <gpxtpx:cad>50</gpxtpx:cad>
     </gpxtpx:TrackPointExtension>
    </extensions>
   </trkpt>
   <trkpt lat="12.9362290" lon="77.5169190">
    <ele>806.2</ele>
    <time>2026-07-31T01:06:40Z</time>
    <extensions>
     <gpxtpx:TrackPointExtension>
      <gpxtpx:atemp>23</gpxtpx:atemp>
      <gpxtpx:hr>146</gpxtpx:hr>
      <gpxtpx:cad>50</gpxtpx:cad>
     </gpxtpx:TrackPointExtension>
    </extensions>
   </trkpt>
   <trkpt lat="12.9362340" lon="77.5169350">
    <ele>806.2</ele>
    <time>2026-07-31T01:06:42Z</time>
    <extensions>
     <gpxtpx:TrackPointExtension>
      <gpxtpx:atemp>23</gpxtpx:atemp>
      <gpxtpx:hr>145</gpxtpx:hr>
      <gpxtpx:cad>50</gpxtpx:cad>
     </gpxtpx:TrackPointExtension>
    </extensions>
   </trkpt>
   <trkpt lat="12.9362360" lon="77.5169480">
    <ele>806.2</ele>
    <time>2026-07-31T01:06:43Z</time>
    <extensions>
     <gpxtpx:TrackPointExtension>
      <gpxtpx:atemp>23</gpxtpx:atemp>
      <gpxtpx:hr>148</gpxtpx:hr>
      <gpxtpx:cad>50</gpxtpx:cad>
     </gpxtpx:TrackPointExtension>
    </extensions>
   </trkpt>
   <trkpt lat="12.9362390" lon="77.5169610">
    <ele>806.2</ele>
    <time>2026-07-31T01:06:44Z</time>
    <extensions>
     <gpxtpx:TrackPointExtension>
      <gpxtpx:atemp>23</gpxtpx:atemp>
      <gpxtpx:hr>145</gpxtpx:hr>
      <gpxtpx:cad>51</gpxtpx:cad>
     </gpxtpx:TrackPointExtension>
    </extensions>
   </trkpt>
   <trkpt lat="12.9362400" lon="77.5169760">
    <ele>806.2</ele>
    <time>2026-07-31T01:06:45Z</time>
    <extensions>
     <gpxtpx:TrackPointExtension>
      <gpxtpx:atemp>23</gpxtpx:atemp>
      <gpxtpx:hr>146</gpxtpx:hr>
      <gpxtpx:cad>53</gpxtpx:cad>
     </gpxtpx:TrackPointExtension>
    </extensions>
   </trkpt>
   <trkpt lat="12.9362420" lon="77.5169910">
    <ele>806.2</ele>
    <time>2026-07-31T01:06:46Z</time>
    <extensions>
     <gpxtpx:TrackPointExtension>
      <gpxtpx:atemp>23</gpxtpx:atemp>
      <gpxtpx:hr>143</gpxtpx:hr>
      <gpxtpx:cad>53</gpxtpx:cad>
     </gpxtpx:TrackPointExtension>
    </extensions>
   </trkpt>
   <trkpt lat="12.9362720" lon="77.5171180">
    <ele>806.4</ele>
    <time>2026-07-31T01:06:54Z</time>
    <extensions>
     <gpxtpx:TrackPointExtension>
      <gpxtpx:atemp>23</gpxtpx:atemp>
      <gpxtpx:hr>141</gpxtpx:hr>
      <gpxtpx:cad>51</gpxtpx:cad>
     </gpxtpx:TrackPointExtension>
    </extensions>
   </trkpt>
   <trkpt lat="12.9362600" lon="77.5172670">
    <ele>806.4</ele>
    <time>2026-07-31T01:07:00Z</time>
    <extensions>
     <gpxtpx:TrackPointExtension>
      <gpxtpx:atemp>23</gpxtpx:atemp>
      <gpxtpx:hr>141</gpxtpx:hr>
      <gpxtpx:cad>73</gpxtpx:cad>
     </gpxtpx:TrackPointExtension>
    </extensions>
   </trkpt>
   <trkpt lat="12.9362610" lon="77.5174300">
    <ele>806.4</ele>
    <time>2026-07-31T01:07:06Z</time>
    <extensions>
     <gpxtpx:TrackPointExtension>
      <gpxtpx:atemp>23</gpxtpx:atemp>
      <gpxtpx:hr>145</gpxtpx:hr>
      <gpxtpx:cad>76</gpxtpx:cad>
     </gpxtpx:TrackPointExtension>
    </extensions>
   </trkpt>
   <trkpt lat="12.9362590" lon="77.5174590">
    <ele>806.4</ele>
    <time>2026-07-31T01:07:07Z</time>
    <extensions>
     <gpxtpx:TrackPointExtension>
      <gpxtpx:atemp>23</gpxtpx:atemp>
      <gpxtpx:hr>142</gpxtpx:hr>
      <gpxtpx:cad>76</gpxtpx:cad>
     </gpxtpx:TrackPointExtension>
    </extensions>
   </trkpt>
   <trkpt lat="12.9362670" lon="77.5176190">
    <ele>806.4</ele>
    <time>2026-07-31T01:07:13Z</time>
    <extensions>
     <gpxtpx:TrackPointExtension>
      <gpxtpx:atemp>23</gpxtpx:atemp>
      <gpxtpx:hr>145</gpxtpx:hr>
      <gpxtpx:cad>77</gpxtpx:cad>
     </gpxtpx:TrackPointExtension>
    </extensions>
   </trkpt>
   <trkpt lat="12.9362670" lon="77.5176490">
    <ele>806.4</ele>
    <time>2026-07-31T01:07:14Z</time>
    <extensions>
     <gpxtpx:TrackPointExtension>
      <gpxtpx:atemp>23</gpxtpx:atemp>
      <gpxtpx:hr>146</gpxtpx:hr>
      <gpxtpx:cad>78</gpxtpx:cad>
     </gpxtpx:TrackPointExtension>
    </extensions>
   </trkpt>
   <trkpt lat="12.9362730" lon="77.5177100">
    <ele>806.4</ele>
    <time>2026-07-31T01:07:16Z</time>
    <extensions>
     <gpxtpx:TrackPointExtension>
      <gpxtpx:atemp>23</gpxtpx:atemp>
      <gpxtpx:hr>149</gpxtpx:hr>
      <gpxtpx:cad>79</gpxtpx:cad>
     </gpxtpx:TrackPointExtension>
    </extensions>
   </trkpt>
   <trkpt lat="12.9362900" lon="77.5177930">
    <ele>806.6</ele>
    <time>2026-07-31T01:07:19Z</time>
    <extensions>
     <gpxtpx:TrackPointExtension>
      <gpxtpx:atemp>23</gpxtpx:atemp>
      <gpxtpx:hr>152</gpxtpx:hr>
      <gpxtpx:cad>81</gpxtpx:cad>
     </gpxtpx:TrackPointExtension>
    </extensions>
   </trkpt>
   <trkpt lat="12.9362950" lon="77.5178480">
    <ele>806.6</ele>
    <time>2026-07-31T01:07:21Z</time>
    <extensions>
     <gpxtpx:TrackPointExtension>
      <gpxtpx:atemp>23</gpxtpx:atemp>
      <gpxtpx:hr>154</gpxtpx:hr>
      <gpxtpx:cad>80</gpxtpx:cad>
     </gpxtpx:TrackPointExtension>
    </extensions>
   </trkpt>
   <trkpt lat="12.9362960" lon="77.5179340">
    <ele>806.4</ele>
    <time>2026-07-31T01:07:24Z</time>
    <extensions>
     <gpxtpx:TrackPointExtension>
      <gpxtpx:atemp>23</gpxtpx:atemp>
      <gpxtpx:hr>157</gpxtpx:hr>
      <gpxtpx:cad>81</gpxtpx:cad>
     </gpxtpx:TrackPointExtension>
    </extensions>
   </trkpt>
   <trkpt lat="12.9362970" lon="77.5180510">
    <ele>806.4</ele>
    <time>2026-07-31T01:07:28Z</time>
    <extensions>
     <gpxtpx:TrackPointExtension>
      <gpxtpx:atemp>23</gpxtpx:atemp>
      <gpxtpx:hr>159</gpxtpx:hr>
      <gpxtpx:cad>81</gpxtpx:cad>
     </gpxtpx:TrackPointExtension>
    </extensions>
   </trkpt>
   <trkpt lat="12.9362870" lon="77.5181130">
    <ele>806.6</ele>
    <time>2026-07-31T01:07:31Z</time>
    <extensions>
     <gpxtpx:TrackPointExtension>
      <gpxtpx:atemp>23</gpxtpx:atemp>
      <gpxtpx:hr>162</gpxtpx:hr>
      <gpxtpx:cad>80</gpxtpx:cad>
     </gpxtpx:TrackPointExtension>
    </extensions>
   </trkpt>
   <trkpt lat="12.9362570" lon="77.5182260">
    <ele>807.0</ele>
    <time>2026-07-31T01:07:36Z</time>
    <extensions>
     <gpxtpx:TrackPointExtension>
      <gpxtpx:atemp>23</gpxtpx:atemp>
      <gpxtpx:hr>164</gpxtpx:hr>
      <gpxtpx:cad>75</gpxtpx:cad>
     </gpxtpx:TrackPointExtension>
    </extensions>
   </trkpt>
   <trkpt lat="12.9361630" lon="77.5183160">
    <ele>807.0</ele>
    <time>2026-07-31T01:07:42Z</time>
    <extensions>
     <gpxtpx:TrackPointExtension>
      <gpxtpx:atemp>23</gpxtpx:atemp>
      <gpxtpx:hr>165</gpxtpx:hr>
      <gpxtpx:cad>77</gpxtpx:cad>
     </gpxtpx:TrackPointExtension>
    </extensions>
   </trkpt>
   <trkpt lat="12.9360970" lon="77.5183800">
    <ele>807.2</ele>
    <time>2026-07-31T01:07:46Z</time>
    <extensions>
     <gpxtpx:TrackPointExtension>
      <gpxtpx:atemp>23</gpxtpx:atemp>
      <gpxtpx:hr>167</gpxtpx:hr>
      <gpxtpx:cad>78</gpxtpx:cad>
     </gpxtpx:TrackPointExtension>
    </extensions>
   </trkpt>
   <trkpt lat="12.9360900" lon="77.5184210">
    <ele>807.4</ele>
    <time>2026-07-31T01:07:48Z</time>
    <extensions>
     <gpxtpx:TrackPointExtension>
      <gpxtpx:atemp>23</gpxtpx:atemp>
      <gpxtpx:hr>165</gpxtpx:hr>
      <gpxtpx:cad>77</gpxtpx:cad>
     </gpxtpx:TrackPointExtension>
    </extensions>
   </trkpt>
   <trkpt lat="12.9360400" lon="77.5185090">
    <ele>807.4</ele>
    <time>2026-07-31T01:07:54Z</time>
    <extensions>
     <gpxtpx:TrackPointExtension>
      <gpxtpx:atemp>23</gpxtpx:atemp>
      <gpxtpx:hr>166</gpxtpx:hr>
      <gpxtpx:cad>0</gpxtpx:cad>
     </gpxtpx:TrackPointExtension>
    </extensions>
   </trkpt>
   <trkpt lat="12.9360040" lon="77.5185740">
    <ele>807.6</ele>
    <time>2026-07-31T01:08:00Z</time>
    <extensions>
     <gpxtpx:TrackPointExtension>
      <gpxtpx:atemp>23</gpxtpx:atemp>
      <gpxtpx:hr>165</gpxtpx:hr>
      <gpxtpx:cad>48</gpxtpx:cad>
     </gpxtpx:TrackPointExtension>
    </extensions>
   </trkpt>
   <trkpt lat="12.9359810" lon="77.5185950">
    <ele>807.6</ele>
    <time>2026-07-31T01:08:02Z</time>
    <extensions>
     <gpxtpx:TrackPointExtension>
      <gpxtpx:atemp>23</gpxtpx:atemp>
      <gpxtpx:hr>163</gpxtpx:hr>
      <gpxtpx:cad>54</gpxtpx:cad>
     </gpxtpx:TrackPointExtension>
    </extensions>
   </trkpt>
   <trkpt lat="12.9358900" lon="77.5186120">
    <ele>807.6</ele>
    <time>2026-07-31T01:08:09Z</time>
    <extensions>
     <gpxtpx:TrackPointExtension>
      <gpxtpx:atemp>23</gpxtpx:atemp>
      <gpxtpx:hr>160</gpxtpx:hr>
      <gpxtpx:cad>53</gpxtpx:cad>
     </gpxtpx:TrackPointExtension>
    </extensions>
   </trkpt>
   <trkpt lat="12.9358640" lon="77.5186030">
    <ele>807.6</ele>
    <time>2026-07-31T01:08:11Z</time>
    <extensions>
     <gpxtpx:TrackPointExtension>
      <gpxtpx:atemp>23</gpxtpx:atemp>
      <gpxtpx:hr>158</gpxtpx:hr>
      <gpxtpx:cad>53</gpxtpx:cad>
     </gpxtpx:TrackPointExtension>
    </extensions>
   </trkpt>
   <trkpt lat="12.9357760" lon="77.5185900">
    <ele>807.6</ele>
    <time>2026-07-31T01:08:17Z</time>
    <extensions>
     <gpxtpx:TrackPointExtension>
      <gpxtpx:atemp>23</gpxtpx:atemp>
      <gpxtpx:hr>155</gpxtpx:hr>
      <gpxtpx:cad>51</gpxtpx:cad>
     </gpxtpx:TrackPointExtension>
    </extensions>
   </trkpt>
   <trkpt lat="12.9357430" lon="77.5185780">
    <ele>807.6</ele>
    <time>2026-07-31T01:08:19Z</time>
    <extensions>
     <gpxtpx:TrackPointExtension>
      <gpxtpx:atemp>23</gpxtpx:atemp>
      <gpxtpx:hr>154</gpxtpx:hr>
      <gpxtpx:cad>53</gpxtpx:cad>
     </gpxtpx:TrackPointExtension>
    </extensions>
   </trkpt>
   <trkpt lat="12.9356310" lon="77.5185320">
    <ele>807.8</ele>
    <time>2026-07-31T01:08:27Z</time>
    <extensions>
     <gpxtpx:TrackPointExtension>
      <gpxtpx:atemp>23</gpxtpx:atemp>
      <gpxtpx:hr>152</gpxtpx:hr>
      <gpxtpx:cad>53</gpxtpx:cad>
     </gpxtpx:TrackPointExtension>
    </extensions>
   </trkpt>
   <trkpt lat="12.9355660" lon="77.5185220">
    <ele>807.6</ele>
    <time>2026-07-31T01:08:33Z</time>
    <extensions>
     <gpxtpx:TrackPointExtension>
      <gpxtpx:atemp>23</gpxtpx:atemp>
      <gpxtpx:hr>152</gpxtpx:hr>
      <gpxtpx:cad>51</gpxtpx:cad>
     </gpxtpx:TrackPointExtension>
    </extensions>
   </trkpt>
   <trkpt lat="12.9355560" lon="77.5185190">
    <ele>807.6</ele>
    <time>2026-07-31T01:08:34Z</time>
    <extensions>
     <gpxtpx:TrackPointExtension>
      <gpxtpx:atemp>23</gpxtpx:atemp>
      <gpxtpx:hr>152</gpxtpx:hr>
      <gpxtpx:cad>51</gpxtpx:cad>
     </gpxtpx:TrackPointExtension>
    </extensions>
   </trkpt>
   <trkpt lat="12.9354920" lon="77.5184870">
    <ele>807.4</ele>
    <time>2026-07-31T01:08:39Z</time>
    <extensions>
     <gpxtpx:TrackPointExtension>
      <gpxtpx:atemp>23</gpxtpx:atemp>
      <gpxtpx:hr>148</gpxtpx:hr>
      <gpxtpx:cad>51</gpxtpx:cad>
     </gpxtpx:TrackPointExtension>
    </extensions>
   </trkpt>
   <trkpt lat="12.9354500" lon="77.5184640">
    <ele>807.2</ele>
    <time>2026-07-31T01:08:43Z</time>
    <extensions>
     <gpxtpx:TrackPointExtension>
      <gpxtpx:atemp>23</gpxtpx:atemp>
      <gpxtpx:hr>149</gpxtpx:hr>
      <gpxtpx:cad>51</gpxtpx:cad>
     </gpxtpx:TrackPointExtension>
    </extensions>
   </trkpt>
   <trkpt lat="12.9354340" lon="77.5184370">
    <ele>807.2</ele>
    <time>2026-07-31T01:08:45Z</time>
    <extensions>
     <gpxtpx:TrackPointExtension>
      <gpxtpx:atemp>23</gpxtpx:atemp>
      <gpxtpx:hr>149</gpxtpx:hr>
      <gpxtpx:cad>51</gpxtpx:cad>
     </gpxtpx:TrackPointExtension>
    </extensions>
   </trkpt>
   <trkpt lat="12.9354210" lon="77.5184260">
    <ele>807.2</ele>
    <time>2026-07-31T01:08:46Z</time>
    <extensions>
     <gpxtpx:TrackPointExtension>
      <gpxtpx:atemp>23</gpxtpx:atemp>
      <gpxtpx:hr>149</gpxtpx:hr>
      <gpxtpx:cad>51</gpxtpx:cad>
     </gpxtpx:TrackPointExtension>
    </extensions>
   </trkpt>
   <trkpt lat="12.9353720" lon="77.5184030">
    <ele>807.2</ele>
    <time>2026-07-31T01:08:49Z</time>
    <extensions>
     <gpxtpx:TrackPointExtension>
      <gpxtpx:atemp>23</gpxtpx:atemp>
      <gpxtpx:hr>148</gpxtpx:hr>
      <gpxtpx:cad>51</gpxtpx:cad>
     </gpxtpx:TrackPointExtension>
    </extensions>
   </trkpt>
   <trkpt lat="12.9353430" lon="77.5183840">
    <ele>807.2</ele>
    <time>2026-07-31T01:08:51Z</time>
    <extensions>
     <gpxtpx:TrackPointExtension>
      <gpxtpx:atemp>23</gpxtpx:atemp>
      <gpxtpx:hr>146</gpxtpx:hr>
      <gpxtpx:cad>51</gpxtpx:cad>
     </gpxtpx:TrackPointExtension>
    </extensions>
   </trkpt>
   <trkpt lat="12.9352210" lon="77.5183430">
    <ele>807.0</ele>
    <time>2026-07-31T01:09:00Z</time>
    <extensions>
     <gpxtpx:TrackPointExtension>
      <gpxtpx:atemp>23</gpxtpx:atemp>
      <gpxtpx:hr>147</gpxtpx:hr>
      <gpxtpx:cad>52</gpxtpx:cad>
     </gpxtpx:TrackPointExtension>
    </extensions>
   </trkpt>
   <trkpt lat="12.9351510" lon="77.5183200">
    <ele>806.8</ele>
    <time>2026-07-31T01:09:08Z</time>
    <extensions>
     <gpxtpx:TrackPointExtension>
      <gpxtpx:atemp>23</gpxtpx:atemp>
      <gpxtpx:hr>148</gpxtpx:hr>
      <gpxtpx:cad>51</gpxtpx:cad>
     </gpxtpx:TrackPointExtension>
    </extensions>
   </trkpt>
   <trkpt lat="12.9351420" lon="77.5183170">
    <ele>806.8</ele>
    <time>2026-07-31T01:09:09Z</time>
    <extensions>
     <gpxtpx:TrackPointExtension>
      <gpxtpx:atemp>23</gpxtpx:atemp>
      <gpxtpx:hr>149</gpxtpx:hr>
      <gpxtpx:cad>52</gpxtpx:cad>
     </gpxtpx:TrackPointExtension>
    </extensions>
   </trkpt>
   <trkpt lat="12.9351050" lon="77.5183140">
    <ele>806.8</ele>
    <time>2026-07-31T01:09:13Z</time>
    <extensions>
     <gpxtpx:TrackPointExtension>
      <gpxtpx:atemp>23</gpxtpx:atemp>
      <gpxtpx:hr>152</gpxtpx:hr>
      <gpxtpx:cad>51</gpxtpx:cad>
     </gpxtpx:TrackPointExtension>
    </extensions>
   </trkpt>
   <trkpt lat="12.9350800" lon="77.5183000">
    <ele>806.8</ele>
    <time>2026-07-31T01:09:15Z</time>
    <extensions>
     <gpxtpx:TrackPointExtension>
      <gpxtpx:atemp>23</gpxtpx:atemp>
      <gpxtpx:hr>153</gpxtpx:hr>
      <gpxtpx:cad>51</gpxtpx:cad>
     </gpxtpx:TrackPointExtension>
    </extensions>
   </trkpt>
   <trkpt lat="12.9350690" lon="77.5182900">
    <ele>806.8</ele>
    <time>2026-07-31T01:09:16Z</time>
    <extensions>
     <gpxtpx:TrackPointExtension>
      <gpxtpx:atemp>23</gpxtpx:atemp>
      <gpxtpx:hr>154</gpxtpx:hr>
      <gpxtpx:cad>51</gpxtpx:cad>
     </gpxtpx:TrackPointExtension>
    </extensions>
   </trkpt>
   <trkpt lat="12.9350580" lon="77.5182830">
    <ele>807.0</ele>
    <time>2026-07-31T01:09:17Z</time>
    <extensions>
     <gpxtpx:TrackPointExtension>
      <gpxtpx:atemp>23</gpxtpx:atemp>
      <gpxtpx:hr>153</gpxtpx:hr>
      <gpxtpx:cad>51</gpxtpx:cad>
     </gpxtpx:TrackPointExtension>
    </extensions>
   </trkpt>
   <trkpt lat="12.9349830" lon="77.5182100">
    <ele>807.0</ele>
    <time>2026-07-31T01:09:23Z</time>
    <extensions>
     <gpxtpx:TrackPointExtension>
      <gpxtpx:atemp>23</gpxtpx:atemp>
      <gpxtpx:hr>153</gpxtpx:hr>
      <gpxtpx:cad>51</gpxtpx:cad>
     </gpxtpx:TrackPointExtension>
    </extensions>
   </trkpt>
   <trkpt lat="12.9348810" lon="77.5180530">
    <ele>807.0</ele>
    <time>2026-07-31T01:09:30Z</time>
    <extensions>
     <gpxtpx:TrackPointExtension>
      <gpxtpx:atemp>23</gpxtpx:atemp>
      <gpxtpx:hr>153</gpxtpx:hr>
      <gpxtpx:cad>82</gpxtpx:cad>
     </gpxtpx:TrackPointExtension>
    </extensions>
   </trkpt>
   <trkpt lat="12.9347820" lon="77.5179110">
    <ele>806.8</ele>
    <time>2026-07-31T01:09:35Z</time>
    <extensions>
     <gpxtpx:TrackPointExtension>
      <gpxtpx:atemp>23</gpxtpx:atemp>
      <gpxtpx:hr>154</gpxtpx:hr>
      <gpxtpx:cad>85</gpxtpx:cad>
     </gpxtpx:TrackPointExtension>
    </extensions>
   </trkpt>
   <trkpt lat="12.9346790" lon="77.5178180">
    <ele>806.8</ele>
    <time>2026-07-31T01:09:40Z</time>
    <extensions>
     <gpxtpx:TrackPointExtension>
      <gpxtpx:atemp>23</gpxtpx:atemp>
      <gpxtpx:hr>158</gpxtpx:hr>
      <gpxtpx:cad>82</gpxtpx:cad>
     </gpxtpx:TrackPointExtension>
    </extensions>
   </trkpt>
   <trkpt lat="12.9346620" lon="77.5177990">
    <ele>807.0</ele>
    <time>2026-07-31T01:09:41Z</time>
    <extensions>
     <gpxtpx:TrackPointExtension>
      <gpxtpx:atemp>23</gpxtpx:atemp>
      <gpxtpx:hr>158</gpxtpx:hr>
      <gpxtpx:cad>78</gpxtpx:cad>
     </gpxtpx:TrackPointExtension>
    </extensions>
   </trkpt>
   <trkpt lat="12.9345270" lon="77.5176520">
    <ele>806.4</ele>
    <time>2026-07-31T01:09:48Z</time>
    <extensions>
     <gpxtpx:TrackPointExtension>
      <gpxtpx:atemp>23</gpxtpx:atemp>
      <gpxtpx:hr>158</gpxtpx:hr>
      <gpxtpx:cad>78</gpxtpx:cad>
     </gpxtpx:TrackPointExtension>
    </extensions>
   </trkpt>
   <trkpt lat="12.9345050" lon="77.5176320">
    <ele>806.4</ele>
    <time>2026-07-31T01:09:49Z</time>
    <extensions>
     <gpxtpx:TrackPointExtension>
      <gpxtpx:atemp>23</gpxtpx:atemp>
      <gpxtpx:hr>158</gpxtpx:hr>
      <gpxtpx:cad>78</gpxtpx:cad>
     </gpxtpx:TrackPointExtension>
    </extensions>
   </trkpt>
   <trkpt lat="12.9344210" lon="77.5175580">
    <ele>806.2</ele>
    <time>2026-07-31T01:09:53Z</time>
    <extensions>
     <gpxtpx:TrackPointExtension>
      <gpxtpx:atemp>23</gpxtpx:atemp>
      <gpxtpx:hr>159</gpxtpx:hr>
      <gpxtpx:cad>81</gpxtpx:cad>
     </gpxtpx:TrackPointExtension>
    </extensions>
   </trkpt>
   <trkpt lat="12.9343570" lon="77.5175080">
    <ele>806.4</ele>
    <time>2026-07-31T01:09:56Z</time>
    <extensions>
     <gpxtpx:TrackPointExtension>
      <gpxtpx:atemp>23</gpxtpx:atemp>
      <gpxtpx:hr>163</gpxtpx:hr>
      <gpxtpx:cad>81</gpxtpx:cad>
     </gpxtpx:TrackPointExtension>
    </extensions>
   </trkpt>
   <trkpt lat="12.9343140" lon="77.5174750">
    <ele>806.6</ele>
    <time>2026-07-31T01:09:58Z</time>
    <extensions>
     <gpxtpx:TrackPointExtension>
      <gpxtpx:atemp>23</gpxtpx:atemp>
      <gpxtpx:hr>165</gpxtpx:hr>
      <gpxtpx:cad>81</gpxtpx:cad>
     </gpxtpx:TrackPointExtension>
    </extensions>
   </trkpt>
   <trkpt lat="12.9341790" lon="77.5173770">
    <ele>806.4</ele>
    <time>2026-07-31T01:10:05Z</time>
    <extensions>
     <gpxtpx:TrackPointExtension>
      <gpxtpx:atemp>23</gpxtpx:atemp>
      <gpxtpx:hr>167</gpxtpx:hr>
      <gpxtpx:cad>79</gpxtpx:cad>
     </gpxtpx:TrackPointExtension>
    </extensions>
   </trkpt>
   <trkpt lat="12.9341340" lon="77.5173470">
    <ele>806.6</ele>
    <time>2026-07-31T01:10:07Z</time>
    <extensions>
     <gpxtpx:TrackPointExtension>
      <gpxtpx:atemp>23</gpxtpx:atemp>
      <gpxtpx:hr>170</gpxtpx:hr>
      <gpxtpx:cad>81</gpxtpx:cad>
     </gpxtpx:TrackPointExtension>
    </extensions>
   </trkpt>
   <trkpt lat="12.9340430" lon="77.5172800">
    <ele>806.6</ele>
    <time>2026-07-31T01:10:11Z</time>
    <extensions>
     <gpxtpx:TrackPointExtension>
      <gpxtpx:atemp>23</gpxtpx:atemp>
      <gpxtpx:hr>170</gpxtpx:hr>
      <gpxtpx:cad>80</gpxtpx:cad>
     </gpxtpx:TrackPointExtension>
    </extensions>
   </trkpt>
   <trkpt lat="12.9340180" lon="77.5172600">
    <ele>806.6</ele>
    <time>2026-07-31T01:10:12Z</time>
    <extensions>
     <gpxtpx:TrackPointExtension>
      <gpxtpx:atemp>23</gpxtpx:atemp>
      <gpxtpx:hr>171</gpxtpx:hr>
      <gpxtpx:cad>80</gpxtpx:cad>
     </gpxtpx:TrackPointExtension>
    </extensions>
   </trkpt>
   <trkpt lat="12.9338900" lon="77.5171250">
    <ele>806.8</ele>
    <time>2026-07-31T01:10:19Z</time>
    <extensions>
     <gpxtpx:TrackPointExtension>
      <gpxtpx:atemp>23</gpxtpx:atemp>
      <gpxtpx:hr>170</gpxtpx:hr>
      <gpxtpx:cad>79</gpxtpx:cad>
     </gpxtpx:TrackPointExtension>
    </extensions>
   </trkpt>
   <trkpt lat="12.9337340" lon="77.5169970">
    <ele>807.0</ele>
    <time>2026-07-31T01:10:27Z</time>
    <extensions>
     <gpxtpx:TrackPointExtension>
      <gpxtpx:atemp>23</gpxtpx:atemp>
      <gpxtpx:hr>171</gpxtpx:hr>
      <gpxtpx:cad>75</gpxtpx:cad>
     </gpxtpx:TrackPointExtension>
    </extensions>
   </trkpt>
   <trkpt lat="12.9336990" lon="77.5169720">
    <ele>807.0</ele>
    <time>2026-07-31T01:10:29Z</time>
    <extensions>
     <gpxtpx:TrackPointExtension>
      <gpxtpx:atemp>23</gpxtpx:atemp>
      <gpxtpx:hr>167</gpxtpx:hr>
      <gpxtpx:cad>76</gpxtpx:cad>
     </gpxtpx:TrackPointExtension>
    </extensions>
   </trkpt>
   <trkpt lat="12.9336830" lon="77.5169560">
    <ele>807.0</ele>
    <time>2026-07-31T01:10:30Z</time>
    <extensions>
     <gpxtpx:TrackPointExtension>
      <gpxtpx:atemp>23</gpxtpx:atemp>
      <gpxtpx:hr>171</gpxtpx:hr>
      <gpxtpx:cad>77</gpxtpx:cad>
     </gpxtpx:TrackPointExtension>
    </extensions>
   </trkpt>
   <trkpt lat="12.9336030" lon="77.5168940">
    <ele>807.4</ele>
    <time>2026-07-31T01:10:35Z</time>
    <extensions>
     <gpxtpx:TrackPointExtension>
      <gpxtpx:atemp>23</gpxtpx:atemp>
      <gpxtpx:hr>169</gpxtpx:hr>
      <gpxtpx:cad>75</gpxtpx:cad>
     </gpxtpx:TrackPointExtension>
    </extensions>
   </trkpt>
   <trkpt lat="12.9335880" lon="77.5168760">
    <ele>807.8</ele>
    <time>2026-07-31T01:10:37Z</time>
    <extensions>
     <gpxtpx:TrackPointExtension>
      <gpxtpx:atemp>23</gpxtpx:atemp>
      <gpxtpx:hr>169</gpxtpx:hr>
      <gpxtpx:cad>72</gpxtpx:cad>
     </gpxtpx:TrackPointExtension>
    </extensions>
   </trkpt>
   <trkpt lat="12.9334960" lon="77.5168410">
    <ele>808.2</ele>
    <time>2026-07-31T01:10:46Z</time>
    <extensions>
     <gpxtpx:TrackPointExtension>
      <gpxtpx:atemp>23</gpxtpx:atemp>
      <gpxtpx:hr>165</gpxtpx:hr>
      <gpxtpx:cad>50</gpxtpx:cad>
     </gpxtpx:TrackPointExtension>
    </extensions>
   </trkpt>
   <trkpt lat="12.9334610" lon="77.5168140">
    <ele>808.4</ele>
    <time>2026-07-31T01:10:50Z</time>
    <extensions>
     <gpxtpx:TrackPointExtension>
      <gpxtpx:atemp>23</gpxtpx:atemp>
      <gpxtpx:hr>164</gpxtpx:hr>
      <gpxtpx:cad>50</gpxtpx:cad>
     </gpxtpx:TrackPointExtension>
    </extensions>
   </trkpt>
   <trkpt lat="12.9334310" lon="77.5167820">
    <ele>808.8</ele>
    <time>2026-07-31T01:10:54Z</time>
    <extensions>
     <gpxtpx:TrackPointExtension>
      <gpxtpx:atemp>23</gpxtpx:atemp>
      <gpxtpx:hr>166</gpxtpx:hr>
      <gpxtpx:cad>50</gpxtpx:cad>
     </gpxtpx:TrackPointExtension>
    </extensions>
   </trkpt>
   <trkpt lat="12.9334220" lon="77.5167720">
    <ele>808.8</ele>
    <time>2026-07-31T01:10:55Z</time>
    <extensions>
     <gpxtpx:TrackPointExtension>
      <gpxtpx:atemp>23</gpxtpx:atemp>
      <gpxtpx:hr>163</gpxtpx:hr>
      <gpxtpx:cad>50</gpxtpx:cad>
     </gpxtpx:TrackPointExtension>
    </extensions>
   </trkpt>
   <trkpt lat="12.9333770" lon="77.5167400">
    <ele>809.0</ele>
    <time>2026-07-31T01:10:59Z</time>
    <extensions>
     <gpxtpx:TrackPointExtension>
      <gpxtpx:atemp>23</gpxtpx:atemp>
      <gpxtpx:hr>160</gpxtpx:hr>
      <gpxtpx:cad>51</gpxtpx:cad>
     </gpxtpx:TrackPointExtension>
    </extensions>
   </trkpt>
   <trkpt lat="12.9333460" lon="77.5167220">
    <ele>809.0</ele>
    <time>2026-07-31T01:11:02Z</time>
    <extensions>
     <gpxtpx:TrackPointExtension>
      <gpxtpx:atemp>23</gpxtpx:atemp>
      <gpxtpx:hr>158</gpxtpx:hr>
      <gpxtpx:cad>52</gpxtpx:cad>
     </gpxtpx:TrackPointExtension>
    </extensions>
   </trkpt>
   <trkpt lat="12.9332740" lon="77.5166810">
    <ele>809.2</ele>
    <time>2026-07-31T01:11:07Z</time>
    <extensions>
     <gpxtpx:TrackPointExtension>
      <gpxtpx:atemp>23</gpxtpx:atemp>
      <gpxtpx:hr>155</gpxtpx:hr>
      <gpxtpx:cad>50</gpxtpx:cad>
     </gpxtpx:TrackPointExtension>
    </extensions>
   </trkpt>
   <trkpt lat="12.9332290" lon="77.5166260">
    <ele>809.2</ele>
    <time>2026-07-31T01:11:12Z</time>
    <extensions>
     <gpxtpx:TrackPointExtension>
      <gpxtpx:atemp>23</gpxtpx:atemp>
      <gpxtpx:hr>155</gpxtpx:hr>
      <gpxtpx:cad>51</gpxtpx:cad>
     </gpxtpx:TrackPointExtension>
    </extensions>
   </trkpt>
   <trkpt lat="12.9332100" lon="77.5166040">
    <ele>809.4</ele>
    <time>2026-07-31T01:11:15Z</time>
    <extensions>
     <gpxtpx:TrackPointExtension>
      <gpxtpx:atemp>23</gpxtpx:atemp>
      <gpxtpx:hr>153</gpxtpx:hr>
      <gpxtpx:cad>50</gpxtpx:cad>
     </gpxtpx:TrackPointExtension>
    </extensions>
   </trkpt>
   <trkpt lat="12.9331670" lon="77.5165670">
    <ele>809.8</ele>
    <time>2026-07-31T01:11:20Z</time>
    <extensions>
     <gpxtpx:TrackPointExtension>
      <gpxtpx:atemp>23</gpxtpx:atemp>
      <gpxtpx:hr>151</gpxtpx:hr>
      <gpxtpx:cad>51</gpxtpx:cad>
     </gpxtpx:TrackPointExtension>
    </extensions>
   </trkpt>
   <trkpt lat="12.9331310" lon="77.5165380">
    <ele>810.2</ele>
    <time>2026-07-31T01:11:24Z</time>
    <extensions>
     <gpxtpx:TrackPointExtension>
      <gpxtpx:atemp>23</gpxtpx:atemp>
      <gpxtpx:hr>150</gpxtpx:hr>
      <gpxtpx:cad>50</gpxtpx:cad>
     </gpxtpx:TrackPointExtension>
    </extensions>
   </trkpt>
   <trkpt lat="12.9331070" lon="77.5165300">
    <ele>810.2</ele>
    <time>2026-07-31T01:11:26Z</time>
    <extensions>
     <gpxtpx:TrackPointExtension>
      <gpxtpx:atemp>23</gpxtpx:atemp>
      <gpxtpx:hr>151</gpxtpx:hr>
      <gpxtpx:cad>51</gpxtpx:cad>
     </gpxtpx:TrackPointExtension>
    </extensions>
   </trkpt>
   <trkpt lat="12.9330590" lon="77.5164980">
    <ele>810.2</ele>
    <time>2026-07-31T01:11:32Z</time>
    <extensions>
     <gpxtpx:TrackPointExtension>
      <gpxtpx:atemp>23</gpxtpx:atemp>
      <gpxtpx:hr>149</gpxtpx:hr>
      <gpxtpx:cad>49</gpxtpx:cad>
     </gpxtpx:TrackPointExtension>
    </extensions>
   </trkpt>
   <trkpt lat="12.9330480" lon="77.5164990">
    <ele>810.2</ele>
    <time>2026-07-31T01:11:33Z</time>
    <extensions>
     <gpxtpx:TrackPointExtension>
      <gpxtpx:atemp>23</gpxtpx:atemp>
      <gpxtpx:hr>149</gpxtpx:hr>
      <gpxtpx:cad>48</gpxtpx:cad>
     </gpxtpx:TrackPointExtension>
    </extensions>
   </trkpt>
   <trkpt lat="12.9329720" lon="77.5164790">
    <ele>810.4</ele>
    <time>2026-07-31T01:11:38Z</time>
    <extensions>
     <gpxtpx:TrackPointExtension>
      <gpxtpx:atemp>23</gpxtpx:atemp>
      <gpxtpx:hr>147</gpxtpx:hr>
      <gpxtpx:cad>50</gpxtpx:cad>
     </gpxtpx:TrackPointExtension>
    </extensions>
   </trkpt>
   <trkpt lat="12.9329570" lon="77.5164830">
    <ele>810.4</ele>
    <time>2026-07-31T01:11:39Z</time>
    <extensions>
     <gpxtpx:TrackPointExtension>
      <gpxtpx:atemp>23</gpxtpx:atemp>
      <gpxtpx:hr>148</gpxtpx:hr>
      <gpxtpx:cad>51</gpxtpx:cad>
     </gpxtpx:TrackPointExtension>
    </extensions>
   </trkpt>
   <trkpt lat="12.9329430" lon="77.5164810">
    <ele>810.4</ele>
    <time>2026-07-31T01:11:40Z</time>
    <extensions>
     <gpxtpx:TrackPointExtension>
      <gpxtpx:atemp>23</gpxtpx:atemp>
      <gpxtpx:hr>148</gpxtpx:hr>
      <gpxtpx:cad>52</gpxtpx:cad>
     </gpxtpx:TrackPointExtension>
    </extensions>
   </trkpt>
   <trkpt lat="12.9329230" lon="77.5164880">
    <ele>810.4</ele>
    <time>2026-07-31T01:11:42Z</time>
    <extensions>
     <gpxtpx:TrackPointExtension>
      <gpxtpx:atemp>23</gpxtpx:atemp>
      <gpxtpx:hr>148</gpxtpx:hr>
      <gpxtpx:cad>52</gpxtpx:cad>
     </gpxtpx:TrackPointExtension>
    </extensions>
   </trkpt>
   <trkpt lat="12.9329150" lon="77.5164800">
    <ele>810.4</ele>
    <time>2026-07-31T01:11:43Z</time>
    <extensions>
     <gpxtpx:TrackPointExtension>
      <gpxtpx:atemp>23</gpxtpx:atemp>
      <gpxtpx:hr>148</gpxtpx:hr>
      <gpxtpx:cad>51</gpxtpx:cad>
     </gpxtpx:TrackPointExtension>
    </extensions>
   </trkpt>
   <trkpt lat="12.9328950" lon="77.5164520">
    <ele>810.6</ele>
    <time>2026-07-31T01:11:45Z</time>
    <extensions>
     <gpxtpx:TrackPointExtension>
      <gpxtpx:atemp>23</gpxtpx:atemp>
      <gpxtpx:hr>147</gpxtpx:hr>
      <gpxtpx:cad>50</gpxtpx:cad>
     </gpxtpx:TrackPointExtension>
    </extensions>
   </trkpt>
   <trkpt lat="12.9328210" lon="77.5163740">
    <ele>810.8</ele>
    <time>2026-07-31T01:11:52Z</time>
    <extensions>
     <gpxtpx:TrackPointExtension>
      <gpxtpx:atemp>23</gpxtpx:atemp>
      <gpxtpx:hr>150</gpxtpx:hr>
      <gpxtpx:cad>52</gpxtpx:cad>
     </gpxtpx:TrackPointExtension>
    </extensions>
   </trkpt>
   <trkpt lat="12.9327930" lon="77.5163620">
    <ele>810.8</ele>
    <time>2026-07-31T01:11:54Z</time>
    <extensions>
     <gpxtpx:TrackPointExtension>
      <gpxtpx:atemp>23</gpxtpx:atemp>
      <gpxtpx:hr>147</gpxtpx:hr>
      <gpxtpx:cad>53</gpxtpx:cad>
     </gpxtpx:TrackPointExtension>
    </extensions>
   </trkpt>
   <trkpt lat="12.9327000" lon="77.5163070">
    <ele>810.8</ele>
    <time>2026-07-31T01:12:03Z</time>
    <extensions>
     <gpxtpx:TrackPointExtension>
      <gpxtpx:atemp>23</gpxtpx:atemp>
      <gpxtpx:hr>143</gpxtpx:hr>
      <gpxtpx:cad>51</gpxtpx:cad>
     </gpxtpx:TrackPointExtension>
    </extensions>
   </trkpt>
   <trkpt lat="12.9326170" lon="77.5162450">
    <ele>811.4</ele>
    <time>2026-07-31T01:12:11Z</time>
    <extensions>
     <gpxtpx:TrackPointExtension>
      <gpxtpx:atemp>23</gpxtpx:atemp>
      <gpxtpx:hr>142</gpxtpx:hr>
      <gpxtpx:cad>51</gpxtpx:cad>
     </gpxtpx:TrackPointExtension>
    </extensions>
   </trkpt>
   <trkpt lat="12.9325530" lon="77.5161940">
    <ele>811.6</ele>
    <time>2026-07-31T01:12:16Z</time>
    <extensions>
     <gpxtpx:TrackPointExtension>
      <gpxtpx:atemp>23</gpxtpx:atemp>
      <gpxtpx:hr>141</gpxtpx:hr>
      <gpxtpx:cad>50</gpxtpx:cad>
     </gpxtpx:TrackPointExtension>
    </extensions>
   </trkpt>
   <trkpt lat="12.9325050" lon="77.5161440">
    <ele>811.8</ele>
    <time>2026-07-31T01:12:21Z</time>
    <extensions>
     <gpxtpx:TrackPointExtension>
      <gpxtpx:atemp>23</gpxtpx:atemp>
      <gpxtpx:hr>139</gpxtpx:hr>
      <gpxtpx:cad>50</gpxtpx:cad>
     </gpxtpx:TrackPointExtension>
    </extensions>
   </trkpt>
   <trkpt lat="12.9324760" lon="77.5161170">
    <ele>811.6</ele>
    <time>2026-07-31T01:12:25Z</time>
    <extensions>
     <gpxtpx:TrackPointExtension>
      <gpxtpx:atemp>23</gpxtpx:atemp>
      <gpxtpx:hr>138</gpxtpx:hr>
      <gpxtpx:cad>50</gpxtpx:cad>
     </gpxtpx:TrackPointExtension>
    </extensions>
   </trkpt>
   <trkpt lat="12.9324390" lon="77.5160750">
    <ele>811.6</ele>
    <time>2026-07-31T01:12:28Z</time>
    <extensions>
     <gpxtpx:TrackPointExtension>
      <gpxtpx:atemp>23</gpxtpx:atemp>
      <gpxtpx:hr>137</gpxtpx:hr>
      <gpxtpx:cad>51</gpxtpx:cad>
     </gpxtpx:TrackPointExtension>
    </extensions>
   </trkpt>
   <trkpt lat="12.9323480" lon="77.5160000">
    <ele>811.8</ele>
    <time>2026-07-31T01:12:32Z</time>
    <extensions>
     <gpxtpx:TrackPointExtension>
      <gpxtpx:atemp>23</gpxtpx:atemp>
      <gpxtpx:hr>138</gpxtpx:hr>
      <gpxtpx:cad>83</gpxtpx:cad>
     </gpxtpx:TrackPointExtension>
    </extensions>
   </trkpt>
   <trkpt lat="12.9323330" lon="77.5159840">
    <ele>811.8</ele>
    <time>2026-07-31T01:12:33Z</time>
    <extensions>
     <gpxtpx:TrackPointExtension>
      <gpxtpx:atemp>23</gpxtpx:atemp>
      <gpxtpx:hr>141</gpxtpx:hr>
      <gpxtpx:cad>83</gpxtpx:cad>
     </gpxtpx:TrackPointExtension>
    </extensions>
   </trkpt>
   <trkpt lat="12.9322900" lon="77.5159490">
    <ele>811.8</ele>
    <time>2026-07-31T01:12:35Z</time>
    <extensions>
     <gpxtpx:TrackPointExtension>
      <gpxtpx:atemp>23</gpxtpx:atemp>
      <gpxtpx:hr>144</gpxtpx:hr>
      <gpxtpx:cad>83</gpxtpx:cad>
     </gpxtpx:TrackPointExtension>
    </extensions>
   </trkpt>
   <trkpt lat="12.9322490" lon="77.5158960">
    <ele>811.8</ele>
    <time>2026-07-31T01:12:37Z</time>
    <extensions>
     <gpxtpx:TrackPointExtension>
      <gpxtpx:atemp>23</gpxtpx:atemp>
      <gpxtpx:hr>148</gpxtpx:hr>
      <gpxtpx:cad>81</gpxtpx:cad>
     </gpxtpx:TrackPointExtension>
    </extensions>
   </trkpt>
   <trkpt lat="12.9321980" lon="77.5158550">
    <ele>811.8</ele>
    <time>2026-07-31T01:12:39Z</time>
    <extensions>
     <gpxtpx:TrackPointExtension>
      <gpxtpx:atemp>23</gpxtpx:atemp>
      <gpxtpx:hr>150</gpxtpx:hr>
      <gpxtpx:cad>81</gpxtpx:cad>
     </gpxtpx:TrackPointExtension>
    </extensions>
   </trkpt>
   <trkpt lat="12.9321040" lon="77.5158180">
    <ele>812.0</ele>
    <time>2026-07-31T01:12:42Z</time>
    <extensions>
     <gpxtpx:TrackPointExtension>
      <gpxtpx:atemp>23</gpxtpx:atemp>
      <gpxtpx:hr>153</gpxtpx:hr>
      <gpxtpx:cad>81</gpxtpx:cad>
     </gpxtpx:TrackPointExtension>
    </extensions>
   </trkpt>
   <trkpt lat="12.9320070" lon="77.5157990">
    <ele>812.2</ele>
    <time>2026-07-31T01:12:45Z</time>
    <extensions>
     <gpxtpx:TrackPointExtension>
      <gpxtpx:atemp>23</gpxtpx:atemp>
      <gpxtpx:hr>157</gpxtpx:hr>
      <gpxtpx:cad>82</gpxtpx:cad>
     </gpxtpx:TrackPointExtension>
    </extensions>
   </trkpt>
   <trkpt lat="12.9319840" lon="77.5157820">
    <ele>812.4</ele>
    <time>2026-07-31T01:12:46Z</time>
    <extensions>
     <gpxtpx:TrackPointExtension>
      <gpxtpx:atemp>23</gpxtpx:atemp>
      <gpxtpx:hr>155</gpxtpx:hr>
      <gpxtpx:cad>81</gpxtpx:cad>
     </gpxtpx:TrackPointExtension>
    </extensions>
   </trkpt>
   <trkpt lat="12.9319090" lon="77.5157060">
    <ele>812.6</ele>
    <time>2026-07-31T01:12:50Z</time>
    <extensions>
     <gpxtpx:TrackPointExtension>
      <gpxtpx:atemp>23</gpxtpx:atemp>
      <gpxtpx:hr>158</gpxtpx:hr>
      <gpxtpx:cad>81</gpxtpx:cad>
     </gpxtpx:TrackPointExtension>
    </extensions>
   </trkpt>
   <trkpt lat="12.9318730" lon="77.5156790">
    <ele>812.8</ele>
    <time>2026-07-31T01:12:52Z</time>
    <extensions>
     <gpxtpx:TrackPointExtension>
      <gpxtpx:atemp>23</gpxtpx:atemp>
      <gpxtpx:hr>158</gpxtpx:hr>
      <gpxtpx:cad>80</gpxtpx:cad>
     </gpxtpx:TrackPointExtension>
    </extensions>
   </trkpt>
   <trkpt lat="12.9317700" lon="77.5156100">
    <ele>813.0</ele>
    <time>2026-07-31T01:12:57Z</time>
    <extensions>
     <gpxtpx:TrackPointExtension>
      <gpxtpx:atemp>23</gpxtpx:atemp>
      <gpxtpx:hr>160</gpxtpx:hr>
      <gpxtpx:cad>78</gpxtpx:cad>
     </gpxtpx:TrackPointExtension>
    </extensions>
   </trkpt>
   <trkpt lat="12.9317480" lon="77.5155980">
    <ele>813.0</ele>
    <time>2026-07-31T01:12:58Z</time>
    <extensions>
     <gpxtpx:TrackPointExtension>
      <gpxtpx:atemp>23</gpxtpx:atemp>
      <gpxtpx:hr>165</gpxtpx:hr>
      <gpxtpx:cad>79</gpxtpx:cad>
     </gpxtpx:TrackPointExtension>
    </extensions>
   </trkpt>
   <trkpt lat="12.9317240" lon="77.5155780">
    <ele>812.8</ele>
    <time>2026-07-31T01:12:59Z</time>
    <extensions>
     <gpxtpx:TrackPointExtension>
      <gpxtpx:atemp>23</gpxtpx:atemp>
      <gpxtpx:hr>165</gpxtpx:hr>
      <gpxtpx:cad>80</gpxtpx:cad>
     </gpxtpx:TrackPointExtension>
    </extensions>
   </trkpt>
   <trkpt lat="12.9316580" lon="77.5155120">
    <ele>812.8</ele>
    <time>2026-07-31T01:13:02Z</time>
    <extensions>
     <gpxtpx:TrackPointExtension>
      <gpxtpx:atemp>23</gpxtpx:atemp>
      <gpxtpx:hr>168</gpxtpx:hr>
      <gpxtpx:cad>80</gpxtpx:cad>
     </gpxtpx:TrackPointExtension>
    </extensions>
   </trkpt>
   <trkpt lat="12.9316170" lon="77.5154740">
    <ele>812.8</ele>
    <time>2026-07-31T01:13:04Z</time>
    <extensions>
     <gpxtpx:TrackPointExtension>
      <gpxtpx:atemp>23</gpxtpx:atemp>
      <gpxtpx:hr>170</gpxtpx:hr>
      <gpxtpx:cad>79</gpxtpx:cad>
     </gpxtpx:TrackPointExtension>
    </extensions>
   </trkpt>
   <trkpt lat="12.9315120" lon="77.5154180">
    <ele>812.8</ele>
    <time>2026-07-31T01:13:09Z</time>
    <extensions>
     <gpxtpx:TrackPointExtension>
      <gpxtpx:atemp>23</gpxtpx:atemp>
      <gpxtpx:hr>173</gpxtpx:hr>
      <gpxtpx:cad>79</gpxtpx:cad>
     </gpxtpx:TrackPointExtension>
    </extensions>
   </trkpt>
   <trkpt lat="12.9314670" lon="77.5153890">
    <ele>812.8</ele>
    <time>2026-07-31T01:13:11Z</time>
    <extensions>
     <gpxtpx:TrackPointExtension>
      <gpxtpx:atemp>23</gpxtpx:atemp>
      <gpxtpx:hr>173</gpxtpx:hr>
      <gpxtpx:cad>80</gpxtpx:cad>
     </gpxtpx:TrackPointExtension>
    </extensions>
   </trkpt>
   <trkpt lat="12.9314100" lon="77.5153480">
    <ele>813.4</ele>
    <time>2026-07-31T01:13:14Z</time>
    <extensions>
     <gpxtpx:TrackPointExtension>
      <gpxtpx:atemp>23</gpxtpx:atemp>
      <gpxtpx:hr>176</gpxtpx:hr>
      <gpxtpx:cad>79</gpxtpx:cad>
     </gpxtpx:TrackPointExtension>
    </extensions>
   </trkpt>
   <trkpt lat="12.9313960" lon="77.5153310">
    <ele>813.6</ele>
    <time>2026-07-31T01:13:17Z</time>
    <extensions>
     <gpxtpx:TrackPointExtension>
      <gpxtpx:atemp>23</gpxtpx:atemp>
      <gpxtpx:hr>179</gpxtpx:hr>
      <gpxtpx:cad>78</gpxtpx:cad>
     </gpxtpx:TrackPointExtension>
    </extensions>
   </trkpt>
   <trkpt lat="12.9313850" lon="77.5153300">
    <ele>813.6</ele>
    <time>2026-07-31T01:13:18Z</time>
    <extensions>
     <gpxtpx:TrackPointExtension>
      <gpxtpx:atemp>23</gpxtpx:atemp>
      <gpxtpx:hr>180</gpxtpx:hr>
      <gpxtpx:cad>78</gpxtpx:cad>
     </gpxtpx:TrackPointExtension>
    </extensions>
   </trkpt>
   <trkpt lat="12.9312990" lon="77.5153160">
    <ele>813.4</ele>
    <time>2026-07-31T01:13:23Z</time>
    <extensions>
     <gpxtpx:TrackPointExtension>
      <gpxtpx:atemp>23</gpxtpx:atemp>
      <gpxtpx:hr>179</gpxtpx:hr>
      <gpxtpx:cad>53</gpxtpx:cad>
     </gpxtpx:TrackPointExtension>
    </extensions>
   </trkpt>
   <trkpt lat="12.9312500" lon="77.5152950">
    <ele>813.4</ele>
    <time>2026-07-31T01:13:26Z</time>
    <extensions>
     <gpxtpx:TrackPointExtension>
      <gpxtpx:atemp>23</gpxtpx:atemp>
      <gpxtpx:hr>176</gpxtpx:hr>
      <gpxtpx:cad>51</gpxtpx:cad>
     </gpxtpx:TrackPointExtension>
    </extensions>
   </trkpt>
   <trkpt lat="12.9311680" lon="77.5152800">
    <ele>813.4</ele>
    <time>2026-07-31T01:13:31Z</time>
    <extensions>
     <gpxtpx:TrackPointExtension>
      <gpxtpx:atemp>23</gpxtpx:atemp>
      <gpxtpx:hr>172</gpxtpx:hr>
      <gpxtpx:cad>51</gpxtpx:cad>
     </gpxtpx:TrackPointExtension>
    </extensions>
   </trkpt>
   <trkpt lat="12.9311470" lon="77.5152570">
    <ele>813.4</ele>
    <time>2026-07-31T01:13:33Z</time>
    <extensions>
     <gpxtpx:TrackPointExtension>
      <gpxtpx:atemp>23</gpxtpx:atemp>
      <gpxtpx:hr>170</gpxtpx:hr>
      <gpxtpx:cad>50</gpxtpx:cad>
     </gpxtpx:TrackPointExtension>
    </extensions>
   </trkpt>
   <trkpt lat="12.9311360" lon="77.5152490">
    <ele>813.4</ele>
    <time>2026-07-31T01:13:34Z</time>
    <extensions>
     <gpxtpx:TrackPointExtension>
      <gpxtpx:atemp>23</gpxtpx:atemp>
      <gpxtpx:hr>167</gpxtpx:hr>
      <gpxtpx:cad>50</gpxtpx:cad>
     </gpxtpx:TrackPointExtension>
    </extensions>
   </trkpt>
   <trkpt lat="12.9311110" lon="77.5152420">
    <ele>813.4</ele>
    <time>2026-07-31T01:13:36Z</time>
    <extensions>
     <gpxtpx:TrackPointExtension>
      <gpxtpx:atemp>23</gpxtpx:atemp>
      <gpxtpx:hr>162</gpxtpx:hr>
      <gpxtpx:cad>55</gpxtpx:cad>
     </gpxtpx:TrackPointExtension>
    </extensions>
   </trkpt>
   <trkpt lat="12.9310940" lon="77.5152410">
    <ele>813.4</ele>
    <time>2026-07-31T01:13:38Z</time>
    <extensions>
     <gpxtpx:TrackPointExtension>
      <gpxtpx:atemp>23</gpxtpx:atemp>
      <gpxtpx:hr>158</gpxtpx:hr>
      <gpxtpx:cad>54</gpxtpx:cad>
     </gpxtpx:TrackPointExtension>
    </extensions>
   </trkpt>
   <trkpt lat="12.9310790" lon="77.5152290">
    <ele>813.4</ele>
    <time>2026-07-31T01:13:41Z</time>
    <extensions>
     <gpxtpx:TrackPointExtension>
      <gpxtpx:atemp>23</gpxtpx:atemp>
      <gpxtpx:hr>155</gpxtpx:hr>
      <gpxtpx:cad>51</gpxtpx:cad>
     </gpxtpx:TrackPointExtension>
    </extensions>
   </trkpt>
   <trkpt lat="12.9310400" lon="77.5151930">
    <ele>813.2</ele>
    <time>2026-07-31T01:13:47Z</time>
    <extensions>
     <gpxtpx:TrackPointExtension>
      <gpxtpx:atemp>23</gpxtpx:atemp>
      <gpxtpx:hr>152</gpxtpx:hr>
      <gpxtpx:cad>46</gpxtpx:cad>
     </gpxtpx:TrackPointExtension>
    </extensions>
   </trkpt>
   <trkpt lat="12.9310300" lon="77.5151900">
    <ele>813.2</ele>
    <time>2026-07-31T01:13:48Z</time>
    <extensions>
     <gpxtpx:TrackPointExtension>
      <gpxtpx:atemp>23</gpxtpx:atemp>
      <gpxtpx:hr>151</gpxtpx:hr>
      <gpxtpx:cad>46</gpxtpx:cad>
     </gpxtpx:TrackPointExtension>
    </extensions>
   </trkpt>
   <trkpt lat="12.9309810" lon="77.5151910">
    <ele>813.2</ele>
    <time>2026-07-31T01:13:53Z</time>
    <extensions>
     <gpxtpx:TrackPointExtension>
      <gpxtpx:atemp>23</gpxtpx:atemp>
      <gpxtpx:hr>148</gpxtpx:hr>
      <gpxtpx:cad>50</gpxtpx:cad>
     </gpxtpx:TrackPointExtension>
    </extensions>
   </trkpt>
   <trkpt lat="12.9309300" lon="77.5151850">
    <ele>813.2</ele>
    <time>2026-07-31T01:13:57Z</time>
    <extensions>
     <gpxtpx:TrackPointExtension>
      <gpxtpx:atemp>23</gpxtpx:atemp>
      <gpxtpx:hr>147</gpxtpx:hr>
      <gpxtpx:cad>48</gpxtpx:cad>
     </gpxtpx:TrackPointExtension>
    </extensions>
   </trkpt>
   <trkpt lat="12.9308880" lon="77.5151850">
    <ele>813.4</ele>
    <time>2026-07-31T01:14:01Z</time>
    <extensions>
     <gpxtpx:TrackPointExtension>
      <gpxtpx:atemp>23</gpxtpx:atemp>
      <gpxtpx:hr>146</gpxtpx:hr>
      <gpxtpx:cad>50</gpxtpx:cad>
     </gpxtpx:TrackPointExtension>
    </extensions>
   </trkpt>
   <trkpt lat="12.9308730" lon="77.5151800">
    <ele>813.6</ele>
    <time>2026-07-31T01:14:04Z</time>
    <extensions>
     <gpxtpx:TrackPointExtension>
      <gpxtpx:atemp>23</gpxtpx:atemp>
      <gpxtpx:hr>145</gpxtpx:hr>
      <gpxtpx:cad>50</gpxtpx:cad>
     </gpxtpx:TrackPointExtension>
    </extensions>
   </trkpt>
   <trkpt lat="12.9308630" lon="77.5151780">
    <ele>813.6</ele>
    <time>2026-07-31T01:14:05Z</time>
    <extensions>
     <gpxtpx:TrackPointExtension>
      <gpxtpx:atemp>23</gpxtpx:atemp>
      <gpxtpx:hr>145</gpxtpx:hr>
      <gpxtpx:cad>49</gpxtpx:cad>
     </gpxtpx:TrackPointExtension>
    </extensions>
   </trkpt>
   <trkpt lat="12.9307910" lon="77.5151730">
    <ele>813.6</ele>
    <time>2026-07-31T01:14:11Z</time>
    <extensions>
     <gpxtpx:TrackPointExtension>
      <gpxtpx:atemp>23</gpxtpx:atemp>
      <gpxtpx:hr>143</gpxtpx:hr>
      <gpxtpx:cad>49</gpxtpx:cad>
     </gpxtpx:TrackPointExtension>
    </extensions>
   </trkpt>
   <trkpt lat="12.9307700" lon="77.5151660">
    <ele>813.6</ele>
    <time>2026-07-31T01:14:13Z</time>
    <extensions>
     <gpxtpx:TrackPointExtension>
      <gpxtpx:atemp>23</gpxtpx:atemp>
      <gpxtpx:hr>143</gpxtpx:hr>
      <gpxtpx:cad>49</gpxtpx:cad>
     </gpxtpx:TrackPointExtension>
    </extensions>
   </trkpt>
   <trkpt lat="12.9307030" lon="77.5151120">
    <ele>813.8</ele>
    <time>2026-07-31T01:14:21Z</time>
    <extensions>
     <gpxtpx:TrackPointExtension>
      <gpxtpx:atemp>23</gpxtpx:atemp>
      <gpxtpx:hr>142</gpxtpx:hr>
      <gpxtpx:cad>50</gpxtpx:cad>
     </gpxtpx:TrackPointExtension>
    </extensions>
   </trkpt>
   <trkpt lat="12.9306620" lon="77.5151080">
    <ele>813.8</ele>
    <time>2026-07-31T01:14:25Z</time>
    <extensions>
     <gpxtpx:TrackPointExtension>
      <gpxtpx:atemp>23</gpxtpx:atemp>
      <gpxtpx:hr>142</gpxtpx:hr>
      <gpxtpx:cad>52</gpxtpx:cad>
     </gpxtpx:TrackPointExtension>
    </extensions>
   </trkpt>
   <trkpt lat="12.9306340" lon="77.5151040">
    <ele>813.8</ele>
    <time>2026-07-31T01:14:27Z</time>
    <extensions>
     <gpxtpx:TrackPointExtension>
      <gpxtpx:atemp>23</gpxtpx:atemp>
      <gpxtpx:hr>142</gpxtpx:hr>
      <gpxtpx:cad>51</gpxtpx:cad>
     </gpxtpx:TrackPointExtension>
    </extensions>
   </trkpt>
   <trkpt lat="12.9305660" lon="77.5150700">
    <ele>814.2</ele>
    <time>2026-07-31T01:14:34Z</time>
    <extensions>
     <gpxtpx:TrackPointExtension>
      <gpxtpx:atemp>23</gpxtpx:atemp>
      <gpxtpx:hr>140</gpxtpx:hr>
      <gpxtpx:cad>52</gpxtpx:cad>
     </gpxtpx:TrackPointExtension>
    </extensions>
   </trkpt>
   <trkpt lat="12.9305520" lon="77.5150640">
    <ele>814.2</ele>
    <time>2026-07-31T01:14:36Z</time>
    <extensions>
     <gpxtpx:TrackPointExtension>
      <gpxtpx:atemp>23</gpxtpx:atemp>
      <gpxtpx:hr>141</gpxtpx:hr>
      <gpxtpx:cad>53</gpxtpx:cad>
     </gpxtpx:TrackPointExtension>
    </extensions>
   </trkpt>
   <trkpt lat="12.9304730" lon="77.5150480">
    <ele>814.0</ele>
    <time>2026-07-31T01:14:42Z</time>
    <extensions>
     <gpxtpx:TrackPointExtension>
      <gpxtpx:atemp>23</gpxtpx:atemp>
      <gpxtpx:hr>140</gpxtpx:hr>
      <gpxtpx:cad>51</gpxtpx:cad>
     </gpxtpx:TrackPointExtension>
    </extensions>
   </trkpt>
   <trkpt lat="12.9304070" lon="77.5150320">
    <ele>814.0</ele>
    <time>2026-07-31T01:14:47Z</time>
    <extensions>
     <gpxtpx:TrackPointExtension>
      <gpxtpx:atemp>23</gpxtpx:atemp>
      <gpxtpx:hr>143</gpxtpx:hr>
      <gpxtpx:cad>53</gpxtpx:cad>
     </gpxtpx:TrackPointExtension>
    </extensions>
   </trkpt>
   <trkpt lat="12.9303840" lon="77.5150280">
    <ele>813.8</ele>
    <time>2026-07-31T01:14:48Z</time>
    <extensions>
     <gpxtpx:TrackPointExtension>
      <gpxtpx:atemp>23</gpxtpx:atemp>
      <gpxtpx:hr>141</gpxtpx:hr>
      <gpxtpx:cad>51</gpxtpx:cad>
     </gpxtpx:TrackPointExtension>
    </extensions>
   </trkpt>
   <trkpt lat="12.9302040" lon="77.5149570">
    <ele>814.0</ele>
    <time>2026-07-31T01:14:54Z</time>
    <extensions>
     <gpxtpx:TrackPointExtension>
      <gpxtpx:atemp>23</gpxtpx:atemp>
      <gpxtpx:hr>140</gpxtpx:hr>
      <gpxtpx:cad>82</gpxtpx:cad>
     </gpxtpx:TrackPointExtension>
    </extensions>
   </trkpt>
   <trkpt lat="12.9300350" lon="77.5148800">
    <ele>814.4</ele>
    <time>2026-07-31T01:15:01Z</time>
    <extensions>
     <gpxtpx:TrackPointExtension>
      <gpxtpx:atemp>23</gpxtpx:atemp>
      <gpxtpx:hr>140</gpxtpx:hr>
      <gpxtpx:cad>82</gpxtpx:cad>
     </gpxtpx:TrackPointExtension>
    </extensions>
   </trkpt>
   <trkpt lat="12.9299880" lon="77.5148650">
    <ele>814.4</ele>
    <time>2026-07-31T01:15:03Z</time>
    <extensions>
     <gpxtpx:TrackPointExtension>
      <gpxtpx:atemp>23</gpxtpx:atemp>
      <gpxtpx:hr>140</gpxtpx:hr>
      <gpxtpx:cad>81</gpxtpx:cad>
     </gpxtpx:TrackPointExtension>
    </extensions>
   </trkpt>
   <trkpt lat="12.9299620" lon="77.5148540">
    <ele>814.6</ele>
    <time>2026-07-31T01:15:04Z</time>
    <extensions>
     <gpxtpx:TrackPointExtension>
      <gpxtpx:atemp>23</gpxtpx:atemp>
      <gpxtpx:hr>140</gpxtpx:hr>
      <gpxtpx:cad>81</gpxtpx:cad>
     </gpxtpx:TrackPointExtension>
    </extensions>
   </trkpt>
   <trkpt lat="12.9299100" lon="77.5148390">
    <ele>814.8</ele>
    <time>2026-07-31T01:15:06Z</time>
    <extensions>
     <gpxtpx:TrackPointExtension>
      <gpxtpx:atemp>23</gpxtpx:atemp>
      <gpxtpx:hr>141</gpxtpx:hr>
      <gpxtpx:cad>81</gpxtpx:cad>
     </gpxtpx:TrackPointExtension>
    </extensions>
   </trkpt>
   <trkpt lat="12.9297670" lon="77.5147870">
    <ele>814.8</ele>
    <time>2026-07-31T01:15:11Z</time>
    <extensions>
     <gpxtpx:TrackPointExtension>
      <gpxtpx:atemp>23</gpxtpx:atemp>
      <gpxtpx:hr>144</gpxtpx:hr>
      <gpxtpx:cad>80</gpxtpx:cad>
     </gpxtpx:TrackPointExtension>
    </extensions>
   </trkpt>
   <trkpt lat="12.9297050" lon="77.5147550">
    <ele>815.0</ele>
    <time>2026-07-31T01:15:13Z</time>
    <extensions>
     <gpxtpx:TrackPointExtension>
      <gpxtpx:atemp>23</gpxtpx:atemp>
      <gpxtpx:hr>147</gpxtpx:hr>
      <gpxtpx:cad>80</gpxtpx:cad>
     </gpxtpx:TrackPointExtension>
    </extensions>
   </trkpt>
   <trkpt lat="12.9296820" lon="77.5147420">
    <ele>815.0</ele>
    <time>2026-07-31T01:15:14Z</time>
    <extensions>
     <gpxtpx:TrackPointExtension>
      <gpxtpx:atemp>23</gpxtpx:atemp>
      <gpxtpx:hr>148</gpxtpx:hr>
      <gpxtpx:cad>80</gpxtpx:cad>
     </gpxtpx:TrackPointExtension>
    </extensions>
   </trkpt>
   <trkpt lat="12.9295970" lon="77.5147140">
    <ele>815.6</ele>
    <time>2026-07-31T01:15:18Z</time>
    <extensions>
     <gpxtpx:TrackPointExtension>
      <gpxtpx:atemp>23</gpxtpx:atemp>
      <gpxtpx:hr>152</gpxtpx:hr>
      <gpxtpx:cad>80</gpxtpx:cad>
     </gpxtpx:TrackPointExtension>
    </extensions>
   </trkpt>
   <trkpt lat="12.9295830" lon="77.5147080">
    <ele>815.6</ele>
    <time>2026-07-31T01:15:19Z</time>
    <extensions>
     <gpxtpx:TrackPointExtension>
      <gpxtpx:atemp>23</gpxtpx:atemp>
      <gpxtpx:hr>153</gpxtpx:hr>
      <gpxtpx:cad>79</gpxtpx:cad>
     </gpxtpx:TrackPointExtension>
    </extensions>
   </trkpt>
   <trkpt lat="12.9295510" lon="77.5147000">
    <ele>815.8</ele>
    <time>2026-07-31T01:15:21Z</time>
    <extensions>
     <gpxtpx:TrackPointExtension>
      <gpxtpx:atemp>23</gpxtpx:atemp>
      <gpxtpx:hr>154</gpxtpx:hr>
      <gpxtpx:cad>79</gpxtpx:cad>
     </gpxtpx:TrackPointExtension>
    </extensions>
   </trkpt>
   <trkpt lat="12.9294450" lon="77.5146540">
    <ele>816.2</ele>
    <time>2026-07-31T01:15:25Z</time>
    <extensions>
     <gpxtpx:TrackPointExtension>
      <gpxtpx:atemp>23</gpxtpx:atemp>
      <gpxtpx:hr>157</gpxtpx:hr>
      <gpxtpx:cad>76</gpxtpx:cad>
     </gpxtpx:TrackPointExtension>
    </extensions>
   </trkpt>
   <trkpt lat="12.9294200" lon="77.5146490">
    <ele>816.4</ele>
    <time>2026-07-31T01:15:26Z</time>
    <extensions>
     <gpxtpx:TrackPointExtension>
      <gpxtpx:atemp>23</gpxtpx:atemp>
      <gpxtpx:hr>157</gpxtpx:hr>
      <gpxtpx:cad>75</gpxtpx:cad>
     </gpxtpx:TrackPointExtension>
    </extensions>
   </trkpt>
   <trkpt lat="12.9293680" lon="77.5146390">
    <ele>816.4</ele>
    <time>2026-07-31T01:15:28Z</time>
    <extensions>
     <gpxtpx:TrackPointExtension>
      <gpxtpx:atemp>23</gpxtpx:atemp>
      <gpxtpx:hr>161</gpxtpx:hr>
      <gpxtpx:cad>76</gpxtpx:cad>
     </gpxtpx:TrackPointExtension>
    </extensions>
   </trkpt>
   <trkpt lat="12.9292970" lon="77.5146250">
    <ele>816.4</ele>
    <time>2026-07-31T01:15:31Z</time>
    <extensions>
     <gpxtpx:TrackPointExtension>
      <gpxtpx:atemp>23</gpxtpx:atemp>
      <gpxtpx:hr>164</gpxtpx:hr>
      <gpxtpx:cad>79</gpxtpx:cad>
     </gpxtpx:TrackPointExtension>
    </extensions>
   </trkpt>
   <trkpt lat="12.9292720" lon="77.5146180">
    <ele>816.4</ele>
    <time>2026-07-31T01:15:32Z</time>
    <extensions>
     <gpxtpx:TrackPointExtension>
      <gpxtpx:atemp>23</gpxtpx:atemp>
      <gpxtpx:hr>165</gpxtpx:hr>
      <gpxtpx:cad>79</gpxtpx:cad>
     </gpxtpx:TrackPointExtension>
    </extensions>
   </trkpt>
   <trkpt lat="12.9291900" lon="77.5145910">
    <ele>816.6</ele>
    <time>2026-07-31T01:15:35Z</time>
    <extensions>
     <gpxtpx:TrackPointExtension>
      <gpxtpx:atemp>23</gpxtpx:atemp>
      <gpxtpx:hr>168</gpxtpx:hr>
      <gpxtpx:cad>80</gpxtpx:cad>
     </gpxtpx:TrackPointExtension>
    </extensions>
   </trkpt>
   <trkpt lat="12.9291270" lon="77.5145530">
    <ele>816.6</ele>
    <time>2026-07-31T01:15:38Z</time>
    <extensions>
     <gpxtpx:TrackPointExtension>
      <gpxtpx:atemp>23</gpxtpx:atemp>
      <gpxtpx:hr>171</gpxtpx:hr>
      <gpxtpx:cad>80</gpxtpx:cad>
     </gpxtpx:TrackPointExtension>
    </extensions>
   </trkpt>
   <trkpt lat="12.9291080" lon="77.5145400">
    <ele>816.6</ele>
    <time>2026-07-31T01:15:39Z</time>
    <extensions>
     <gpxtpx:TrackPointExtension>
      <gpxtpx:atemp>23</gpxtpx:atemp>
      <gpxtpx:hr>165</gpxtpx:hr>
      <gpxtpx:cad>79</gpxtpx:cad>
     </gpxtpx:TrackPointExtension>
    </extensions>
   </trkpt>
   <trkpt lat="12.9290520" lon="77.5145060">
    <ele>816.6</ele>
    <time>2026-07-31T01:15:42Z</time>
    <extensions>
     <gpxtpx:TrackPointExtension>
      <gpxtpx:atemp>23</gpxtpx:atemp>
      <gpxtpx:hr>164</gpxtpx:hr>
      <gpxtpx:cad>79</gpxtpx:cad>
     </gpxtpx:TrackPointExtension>
    </extensions>
   </trkpt>
   <trkpt lat="12.9289840" lon="77.5144980">
    <ele>816.8</ele>
    <time>2026-07-31T01:15:44Z</time>
    <extensions>
     <gpxtpx:TrackPointExtension>
      <gpxtpx:atemp>23</gpxtpx:atemp>
      <gpxtpx:hr>166</gpxtpx:hr>
      <gpxtpx:cad>79</gpxtpx:cad>
     </gpxtpx:TrackPointExtension>
    </extensions>
   </trkpt>
   <trkpt lat="12.9288310" lon="77.5144480">
    <ele>817.4</ele>
    <time>2026-07-31T01:15:51Z</time>
    <extensions>
     <gpxtpx:TrackPointExtension>
      <gpxtpx:atemp>23</gpxtpx:atemp>
      <gpxtpx:hr>168</gpxtpx:hr>
      <gpxtpx:cad>79</gpxtpx:cad>
     </gpxtpx:TrackPointExtension>
    </extensions>
   </trkpt>
   <trkpt lat="12.9287160" lon="77.5144530">
    <ele>817.8</ele>
    <time>2026-07-31T01:15:56Z</time>
    <extensions>
     <gpxtpx:TrackPointExtension>
      <gpxtpx:atemp>23</gpxtpx:atemp>
      <gpxtpx:hr>166</gpxtpx:hr>
      <gpxtpx:cad>77</gpxtpx:cad>
     </gpxtpx:TrackPointExtension>
    </extensions>
   </trkpt>
   <trkpt lat="12.9286810" lon="77.5144440">
    <ele>817.8</ele>
    <time>2026-07-31T01:15:58Z</time>
    <extensions>
     <gpxtpx:TrackPointExtension>
      <gpxtpx:atemp>23</gpxtpx:atemp>
      <gpxtpx:hr>167</gpxtpx:hr>
      <gpxtpx:cad>78</gpxtpx:cad>
     </gpxtpx:TrackPointExtension>
    </extensions>
   </trkpt>
   <trkpt lat="12.9285900" lon="77.5144170">
    <ele>818.4</ele>
    <time>2026-07-31T01:16:04Z</time>
    <extensions>
     <gpxtpx:TrackPointExtension>
      <gpxtpx:atemp>23</gpxtpx:atemp>
      <gpxtpx:hr>167</gpxtpx:hr>
      <gpxtpx:cad>77</gpxtpx:cad>
     </gpxtpx:TrackPointExtension>
    </extensions>
   </trkpt>
   <trkpt lat="12.9285760" lon="77.5144180">
    <ele>818.4</ele>
    <time>2026-07-31T01:16:05Z</time>
    <extensions>
     <gpxtpx:TrackPointExtension>
      <gpxtpx:atemp>23</gpxtpx:atemp>
      <gpxtpx:hr>168</gpxtpx:hr>
      <gpxtpx:cad>77</gpxtpx:cad>
     </gpxtpx:TrackPointExtension>
    </extensions>
   </trkpt>
   <trkpt lat="12.9284910" lon="77.5144060">
    <ele>818.8</ele>
    <time>2026-07-31T01:16:11Z</time>
    <extensions>
     <gpxtpx:TrackPointExtension>
      <gpxtpx:atemp>23</gpxtpx:atemp>
      <gpxtpx:hr>170</gpxtpx:hr>
      <gpxtpx:cad>52</gpxtpx:cad>
     </gpxtpx:TrackPointExtension>
    </extensions>
   </trkpt>
   <trkpt lat="12.9284620" lon="77.5144020">
    <ele>818.8</ele>
    <time>2026-07-31T01:16:13Z</time>
    <extensions>
     <gpxtpx:TrackPointExtension>
      <gpxtpx:atemp>23</gpxtpx:atemp>
      <gpxtpx:hr>167</gpxtpx:hr>
      <gpxtpx:cad>51</gpxtpx:cad>
     </gpxtpx:TrackPointExtension>
    </extensions>
   </trkpt>
   <trkpt lat="12.9284510" lon="77.5144090">
    <ele>818.8</ele>
    <time>2026-07-31T01:16:14Z</time>
    <extensions>
     <gpxtpx:TrackPointExtension>
      <gpxtpx:atemp>23</gpxtpx:atemp>
      <gpxtpx:hr>168</gpxtpx:hr>
      <gpxtpx:cad>51</gpxtpx:cad>
     </gpxtpx:TrackPointExtension>
    </extensions>
   </trkpt>
   <trkpt lat="12.9284400" lon="77.5144070">
    <ele>818.8</ele>
    <time>2026-07-31T01:16:15Z</time>
    <extensions>
     <gpxtpx:TrackPointExtension>
      <gpxtpx:atemp>23</gpxtpx:atemp>
      <gpxtpx:hr>167</gpxtpx:hr>
      <gpxtpx:cad>50</gpxtpx:cad>
     </gpxtpx:TrackPointExtension>
    </extensions>
   </trkpt>
   <trkpt lat="12.9284110" lon="77.5143990">
    <ele>819.0</ele>
    <time>2026-07-31T01:16:17Z</time>
    <extensions>
     <gpxtpx:TrackPointExtension>
      <gpxtpx:atemp>23</gpxtpx:atemp>
      <gpxtpx:hr>165</gpxtpx:hr>
      <gpxtpx:cad>50</gpxtpx:cad>
     </gpxtpx:TrackPointExtension>
    </extensions>
   </trkpt>
   <trkpt lat="12.9283660" lon="77.5143740">
    <ele>819.2</ele>
    <time>2026-07-31T01:16:20Z</time>
    <extensions>
     <gpxtpx:TrackPointExtension>
      <gpxtpx:atemp>23</gpxtpx:atemp>
      <gpxtpx:hr>162</gpxtpx:hr>
      <gpxtpx:cad>50</gpxtpx:cad>
     </gpxtpx:TrackPointExtension>
    </extensions>
   </trkpt>
   <trkpt lat="12.9283150" lon="77.5143790">
    <ele>819.2</ele>
    <time>2026-07-31T01:16:23Z</time>
    <extensions>
     <gpxtpx:TrackPointExtension>
      <gpxtpx:atemp>23</gpxtpx:atemp>
      <gpxtpx:hr>161</gpxtpx:hr>
      <gpxtpx:cad>49</gpxtpx:cad>
     </gpxtpx:TrackPointExtension>
    </extensions>
   </trkpt>
   <trkpt lat="12.9283040" lon="77.5143850">
    <ele>819.0</ele>
    <time>2026-07-31T01:16:24Z</time>
    <extensions>
     <gpxtpx:TrackPointExtension>
      <gpxtpx:atemp>23</gpxtpx:atemp>
      <gpxtpx:hr>160</gpxtpx:hr>
      <gpxtpx:cad>49</gpxtpx:cad>
     </gpxtpx:TrackPointExtension>
    </extensions>
   </trkpt>
   <trkpt lat="12.9282700" lon="77.5143770">
    <ele>819.0</ele>
    <time>2026-07-31T01:16:27Z</time>
    <extensions>
     <gpxtpx:TrackPointExtension>
      <gpxtpx:atemp>23</gpxtpx:atemp>
      <gpxtpx:hr>157</gpxtpx:hr>
      <gpxtpx:cad>49</gpxtpx:cad>
     </gpxtpx:TrackPointExtension>
    </extensions>
   </trkpt>
   <trkpt lat="12.9282610" lon="77.5143830">
    <ele>819.0</ele>
    <time>2026-07-31T01:16:28Z</time>
    <extensions>
     <gpxtpx:TrackPointExtension>
      <gpxtpx:atemp>23</gpxtpx:atemp>
      <gpxtpx:hr>157</gpxtpx:hr>
      <gpxtpx:cad>49</gpxtpx:cad>
     </gpxtpx:TrackPointExtension>
    </extensions>
   </trkpt>
   <trkpt lat="12.9282270" lon="77.5143770">
    <ele>819.2</ele>
    <time>2026-07-31T01:16:30Z</time>
    <extensions>
     <gpxtpx:TrackPointExtension>
      <gpxtpx:atemp>23</gpxtpx:atemp>
      <gpxtpx:hr>156</gpxtpx:hr>
      <gpxtpx:cad>49</gpxtpx:cad>
     </gpxtpx:TrackPointExtension>
    </extensions>
   </trkpt>
   <trkpt lat="12.9282130" lon="77.5143760">
    <ele>819.2</ele>
    <time>2026-07-31T01:16:31Z</time>
    <extensions>
     <gpxtpx:TrackPointExtension>
      <gpxtpx:atemp>23</gpxtpx:atemp>
      <gpxtpx:hr>156</gpxtpx:hr>
      <gpxtpx:cad>49</gpxtpx:cad>
     </gpxtpx:TrackPointExtension>
    </extensions>
   </trkpt>
   <trkpt lat="12.9281890" lon="77.5143770">
    <ele>819.4</ele>
    <time>2026-07-31T01:16:33Z</time>
    <extensions>
     <gpxtpx:TrackPointExtension>
      <gpxtpx:atemp>23</gpxtpx:atemp>
      <gpxtpx:hr>155</gpxtpx:hr>
      <gpxtpx:cad>49</gpxtpx:cad>
     </gpxtpx:TrackPointExtension>
    </extensions>
   </trkpt>
   <trkpt lat="12.9281680" lon="77.5143710">
    <ele>819.4</ele>
    <time>2026-07-31T01:16:35Z</time>
    <extensions>
     <gpxtpx:TrackPointExtension>
      <gpxtpx:atemp>23</gpxtpx:atemp>
      <gpxtpx:hr>154</gpxtpx:hr>
      <gpxtpx:cad>48</gpxtpx:cad>
     </gpxtpx:TrackPointExtension>
    </extensions>
   </trkpt>
   <trkpt lat="12.9281090" lon="77.5143480">
    <ele>819.6</ele>
    <time>2026-07-31T01:16:41Z</time>
    <extensions>
     <gpxtpx:TrackPointExtension>
      <gpxtpx:atemp>23</gpxtpx:atemp>
      <gpxtpx:hr>153</gpxtpx:hr>
      <gpxtpx:cad>50</gpxtpx:cad>
     </gpxtpx:TrackPointExtension>
    </extensions>
   </trkpt>
   <trkpt lat="12.9280950" lon="77.5143440">
    <ele>819.6</ele>
    <time>2026-07-31T01:16:42Z</time>
    <extensions>
     <gpxtpx:TrackPointExtension>
      <gpxtpx:atemp>23</gpxtpx:atemp>
      <gpxtpx:hr>152</gpxtpx:hr>
      <gpxtpx:cad>50</gpxtpx:cad>
     </gpxtpx:TrackPointExtension>
    </extensions>
   </trkpt>
   <trkpt lat="12.9280720" lon="77.5143510">
    <ele>819.8</ele>
    <time>2026-07-31T01:16:44Z</time>
    <extensions>
     <gpxtpx:TrackPointExtension>
      <gpxtpx:atemp>23</gpxtpx:atemp>
      <gpxtpx:hr>152</gpxtpx:hr>
      <gpxtpx:cad>51</gpxtpx:cad>
     </gpxtpx:TrackPointExtension>
    </extensions>
   </trkpt>
   <trkpt lat="12.9280180" lon="77.5143620">
    <ele>819.8</ele>
    <time>2026-07-31T01:16:47Z</time>
    <extensions>
     <gpxtpx:TrackPointExtension>
      <gpxtpx:atemp>23</gpxtpx:atemp>
      <gpxtpx:hr>152</gpxtpx:hr>
      <gpxtpx:cad>48</gpxtpx:cad>
     </gpxtpx:TrackPointExtension>
    </extensions>
   </trkpt>
   <trkpt lat="12.9279230" lon="77.5143770">
    <ele>820.2</ele>
    <time>2026-07-31T01:16:55Z</time>
    <extensions>
     <gpxtpx:TrackPointExtension>
      <gpxtpx:atemp>23</gpxtpx:atemp>
      <gpxtpx:hr>149</gpxtpx:hr>
      <gpxtpx:cad>50</gpxtpx:cad>
     </gpxtpx:TrackPointExtension>
    </extensions>
   </trkpt>
   <trkpt lat="12.9278850" lon="77.5143910">
    <ele>820.2</ele>
    <time>2026-07-31T01:16:58Z</time>
    <extensions>
     <gpxtpx:TrackPointExtension>
      <gpxtpx:atemp>23</gpxtpx:atemp>
      <gpxtpx:hr>146</gpxtpx:hr>
      <gpxtpx:cad>49</gpxtpx:cad>
     </gpxtpx:TrackPointExtension>
    </extensions>
   </trkpt>
   <trkpt lat="12.9278210" lon="77.5144000">
    <ele>820.4</ele>
    <time>2026-07-31T01:17:03Z</time>
    <extensions>
     <gpxtpx:TrackPointExtension>
      <gpxtpx:atemp>23</gpxtpx:atemp>
      <gpxtpx:hr>144</gpxtpx:hr>
      <gpxtpx:cad>50</gpxtpx:cad>
     </gpxtpx:TrackPointExtension>
    </extensions>
   </trkpt>
   <trkpt lat="12.9277830" lon="77.5144280">
    <ele>820.4</ele>
    <time>2026-07-31T01:17:08Z</time>
    <extensions>
     <gpxtpx:TrackPointExtension>
      <gpxtpx:atemp>23</gpxtpx:atemp>
      <gpxtpx:hr>143</gpxtpx:hr>
      <gpxtpx:cad>50</gpxtpx:cad>
     </gpxtpx:TrackPointExtension>
    </extensions>
   </trkpt>
   <trkpt lat="12.9277660" lon="77.5144330">
    <ele>820.4</ele>
    <time>2026-07-31T01:17:10Z</time>
    <extensions>
     <gpxtpx:TrackPointExtension>
      <gpxtpx:atemp>23</gpxtpx:atemp>
      <gpxtpx:hr>143</gpxtpx:hr>
      <gpxtpx:cad>50</gpxtpx:cad>
     </gpxtpx:TrackPointExtension>
    </extensions>
   </trkpt>
   <trkpt lat="12.9277550" lon="77.5144360">
    <ele>820.4</ele>
    <time>2026-07-31T01:17:11Z</time>
    <extensions>
     <gpxtpx:TrackPointExtension>
      <gpxtpx:atemp>23</gpxtpx:atemp>
      <gpxtpx:hr>142</gpxtpx:hr>
      <gpxtpx:cad>50</gpxtpx:cad>
     </gpxtpx:TrackPointExtension>
    </extensions>
   </trkpt>
   <trkpt lat="12.9276690" lon="77.5144530">
    <ele>820.2</ele>
    <time>2026-07-31T01:17:19Z</time>
    <extensions>
     <gpxtpx:TrackPointExtension>
      <gpxtpx:atemp>23</gpxtpx:atemp>
      <gpxtpx:hr>138</gpxtpx:hr>
      <gpxtpx:cad>48</gpxtpx:cad>
     </gpxtpx:TrackPointExtension>
    </extensions>
   </trkpt>
   <trkpt lat="12.9276540" lon="77.5144650">
    <ele>820.2</ele>
    <time>2026-07-31T01:17:21Z</time>
    <extensions>
     <gpxtpx:TrackPointExtension>
      <gpxtpx:atemp>23</gpxtpx:atemp>
      <gpxtpx:hr>138</gpxtpx:hr>
      <gpxtpx:cad>49</gpxtpx:cad>
     </gpxtpx:TrackPointExtension>
    </extensions>
   </trkpt>
   <trkpt lat="12.9275800" lon="77.5144670">
    <ele>820.0</ele>
    <time>2026-07-31T01:17:26Z</time>
    <extensions>
     <gpxtpx:TrackPointExtension>
      <gpxtpx:atemp>23</gpxtpx:atemp>
      <gpxtpx:hr>137</gpxtpx:hr>
      <gpxtpx:cad>49</gpxtpx:cad>
     </gpxtpx:TrackPointExtension>
    </extensions>
   </trkpt>
   <trkpt lat="12.9275050" lon="77.5144760">
    <ele>820.0</ele>
    <time>2026-07-31T01:17:32Z</time>
    <extensions>
     <gpxtpx:TrackPointExtension>
      <gpxtpx:atemp>23</gpxtpx:atemp>
      <gpxtpx:hr>139</gpxtpx:hr>
      <gpxtpx:cad>51</gpxtpx:cad>
     </gpxtpx:TrackPointExtension>
    </extensions>
   </trkpt>
   <trkpt lat="12.9274720" lon="77.5144700">
    <ele>820.0</ele>
    <time>2026-07-31T01:17:34Z</time>
    <extensions>
     <gpxtpx:TrackPointExtension>
      <gpxtpx:atemp>23</gpxtpx:atemp>
      <gpxtpx:hr>138</gpxtpx:hr>
      <gpxtpx:cad>51</gpxtpx:cad>
     </gpxtpx:TrackPointExtension>
    </extensions>
   </trkpt>
   <trkpt lat="12.9273910" lon="77.5144850">
    <ele>819.8</ele>
    <time>2026-07-31T01:17:41Z</time>
    <extensions>
     <gpxtpx:TrackPointExtension>
      <gpxtpx:atemp>23</gpxtpx:atemp>
      <gpxtpx:hr>138</gpxtpx:hr>
      <gpxtpx:cad>52</gpxtpx:cad>
     </gpxtpx:TrackPointExtension>
    </extensions>
   </trkpt>
   <trkpt lat="12.9273120" lon="77.5144610">
    <ele>819.8</ele>
    <time>2026-07-31T01:17:47Z</time>
    <extensions>
     <gpxtpx:TrackPointExtension>
      <gpxtpx:atemp>23</gpxtpx:atemp>
      <gpxtpx:hr>137</gpxtpx:hr>
      <gpxtpx:cad>51</gpxtpx:cad>
     </gpxtpx:TrackPointExtension>
    </extensions>
   </trkpt>
   <trkpt lat="12.9272040" lon="77.5144760">
    <ele>819.0</ele>
    <time>2026-07-31T01:17:56Z</time>
    <extensions>
     <gpxtpx:TrackPointExtension>
      <gpxtpx:atemp>23</gpxtpx:atemp>
      <gpxtpx:hr>135</gpxtpx:hr>
      <gpxtpx:cad>51</gpxtpx:cad>
     </gpxtpx:TrackPointExtension>
    </extensions>
   </trkpt>
   <trkpt lat="12.9271650" lon="77.5144820">
    <ele>818.8</ele>
    <time>2026-07-31T01:17:59Z</time>
    <extensions>
     <gpxtpx:TrackPointExtension>
      <gpxtpx:atemp>23</gpxtpx:atemp>
      <gpxtpx:hr>135</gpxtpx:hr>
      <gpxtpx:cad>51</gpxtpx:cad>
     </gpxtpx:TrackPointExtension>
    </extensions>
   </trkpt>
   <trkpt lat="12.9271220" lon="77.5144960">
    <ele>818.6</ele>
    <time>2026-07-31T01:18:02Z</time>
    <extensions>
     <gpxtpx:TrackPointExtension>
      <gpxtpx:atemp>23</gpxtpx:atemp>
      <gpxtpx:hr>132</gpxtpx:hr>
      <gpxtpx:cad>51</gpxtpx:cad>
     </gpxtpx:TrackPointExtension>
    </extensions>
   </trkpt>
   <trkpt lat="12.9271090" lon="77.5145000">
    <ele>818.4</ele>
    <time>2026-07-31T01:18:03Z</time>
    <extensions>
     <gpxtpx:TrackPointExtension>
      <gpxtpx:atemp>23</gpxtpx:atemp>
      <gpxtpx:hr>133</gpxtpx:hr>
      <gpxtpx:cad>51</gpxtpx:cad>
     </gpxtpx:TrackPointExtension>
    </extensions>
   </trkpt>
   <trkpt lat="12.9270820" lon="77.5144970">
    <ele>818.4</ele>
    <time>2026-07-31T01:18:05Z</time>
    <extensions>
     <gpxtpx:TrackPointExtension>
      <gpxtpx:atemp>23</gpxtpx:atemp>
      <gpxtpx:hr>136</gpxtpx:hr>
      <gpxtpx:cad>53</gpxtpx:cad>
     </gpxtpx:TrackPointExtension>
    </extensions>
   </trkpt>
   <trkpt lat="12.9270020" lon="77.5145090">
    <ele>818.2</ele>
    <time>2026-07-31T01:18:11Z</time>
    <extensions>
     <gpxtpx:TrackPointExtension>
      <gpxtpx:atemp>23</gpxtpx:atemp>
      <gpxtpx:hr>133</gpxtpx:hr>
      <gpxtpx:cad>53</gpxtpx:cad>
     </gpxtpx:TrackPointExtension>
    </extensions>
   </trkpt>
   <trkpt lat="12.9269870" lon="77.5145200">
    <ele>818.2</ele>
    <time>2026-07-31T01:18:12Z</time>
    <extensions>
     <gpxtpx:TrackPointExtension>
      <gpxtpx:atemp>23</gpxtpx:atemp>
      <gpxtpx:hr>133</gpxtpx:hr>
      <gpxtpx:cad>53</gpxtpx:cad>
     </gpxtpx:TrackPointExtension>
    </extensions>
   </trkpt>
   <trkpt lat="12.9269200" lon="77.5145400">
    <ele>818.0</ele>
    <time>2026-07-31T01:18:17Z</time>
    <extensions>
     <gpxtpx:TrackPointExtension>
      <gpxtpx:atemp>23</gpxtpx:atemp>
      <gpxtpx:hr>128</gpxtpx:hr>
      <gpxtpx:cad>53</gpxtpx:cad>
     </gpxtpx:TrackPointExtension>
    </extensions>
   </trkpt>
   <trkpt lat="12.9268610" lon="77.5145350">
    <ele>818.0</ele>
    <time>2026-07-31T01:18:20Z</time>
    <extensions>
     <gpxtpx:TrackPointExtension>
      <gpxtpx:atemp>23</gpxtpx:atemp>
      <gpxtpx:hr>128</gpxtpx:hr>
      <gpxtpx:cad>50</gpxtpx:cad>
     </gpxtpx:TrackPointExtension>
    </extensions>
   </trkpt>
   <trkpt lat="12.9267880" lon="77.5145350">
    <ele>817.8</ele>
    <time>2026-07-31T01:18:26Z</time>
    <extensions>
     <gpxtpx:TrackPointExtension>
      <gpxtpx:atemp>23</gpxtpx:atemp>
      <gpxtpx:hr>128</gpxtpx:hr>
      <gpxtpx:cad>51</gpxtpx:cad>
     </gpxtpx:TrackPointExtension>
    </extensions>
   </trkpt>
   <trkpt lat="12.9267170" lon="77.5145560">
    <ele>817.2</ele>
    <time>2026-07-31T01:18:32Z</time>
    <extensions>
     <gpxtpx:TrackPointExtension>
      <gpxtpx:atemp>23</gpxtpx:atemp>
      <gpxtpx:hr>130</gpxtpx:hr>
      <gpxtpx:cad>54</gpxtpx:cad>
     </gpxtpx:TrackPointExtension>
    </extensions>
   </trkpt>
   <trkpt lat="12.9266310" lon="77.5145540">
    <ele>817.0</ele>
    <time>2026-07-31T01:18:39Z</time>
    <extensions>
     <gpxtpx:TrackPointExtension>
      <gpxtpx:atemp>23</gpxtpx:atemp>
      <gpxtpx:hr>131</gpxtpx:hr>
      <gpxtpx:cad>51</gpxtpx:cad>
     </gpxtpx:TrackPointExtension>
    </extensions>
   </trkpt>
   <trkpt lat="12.9265460" lon="77.5145770">
    <ele>817.0</ele>
    <time>2026-07-31T01:18:48Z</time>
    <extensions>
     <gpxtpx:TrackPointExtension>
      <gpxtpx:atemp>23</gpxtpx:atemp>
      <gpxtpx:hr>133</gpxtpx:hr>
      <gpxtpx:cad>50</gpxtpx:cad>
     </gpxtpx:TrackPointExtension>
    </extensions>
   </trkpt>
   <trkpt lat="12.9264990" lon="77.5145940">
    <ele>816.6</ele>
    <time>2026-07-31T01:18:53Z</time>
    <extensions>
     <gpxtpx:TrackPointExtension>
      <gpxtpx:atemp>23</gpxtpx:atemp>
      <gpxtpx:hr>130</gpxtpx:hr>
      <gpxtpx:cad>50</gpxtpx:cad>
     </gpxtpx:TrackPointExtension>
    </extensions>
   </trkpt>
   <trkpt lat="12.9264720" lon="77.5146050">
    <ele>816.6</ele>
    <time>2026-07-31T01:18:55Z</time>
    <extensions>
     <gpxtpx:TrackPointExtension>
      <gpxtpx:atemp>23</gpxtpx:atemp>
      <gpxtpx:hr>130</gpxtpx:hr>
      <gpxtpx:cad>50</gpxtpx:cad>
     </gpxtpx:TrackPointExtension>
    </extensions>
   </trkpt>
   <trkpt lat="12.9264480" lon="77.5146370">
    <ele>816.6</ele>
    <time>2026-07-31T01:18:57Z</time>
    <extensions>
     <gpxtpx:TrackPointExtension>
      <gpxtpx:atemp>23</gpxtpx:atemp>
      <gpxtpx:hr>131</gpxtpx:hr>
      <gpxtpx:cad>49</gpxtpx:cad>
     </gpxtpx:TrackPointExtension>
    </extensions>
   </trkpt>
   <trkpt lat="12.9264160" lon="77.5146480">
    <ele>816.6</ele>
    <time>2026-07-31T01:19:00Z</time>
    <extensions>
     <gpxtpx:TrackPointExtension>
      <gpxtpx:atemp>23</gpxtpx:atemp>
      <gpxtpx:hr>132</gpxtpx:hr>
      <gpxtpx:cad>0</gpxtpx:cad>
     </gpxtpx:TrackPointExtension>
    </extensions>
   </trkpt>
   <trkpt lat="12.9263930" lon="77.5146890">
    <ele>816.6</ele>
    <time>2026-07-31T01:19:06Z</time>
    <extensions>
     <gpxtpx:TrackPointExtension>
      <gpxtpx:atemp>23</gpxtpx:atemp>
      <gpxtpx:hr>129</gpxtpx:hr>
      <gpxtpx:cad>0</gpxtpx:cad>
     </gpxtpx:TrackPointExtension>
    </extensions>
   </trkpt>
   <trkpt lat="12.9263730" lon="77.5147550">
    <ele>816.6</ele>
    <time>2026-07-31T01:19:10Z</time>
    <extensions>
     <gpxtpx:TrackPointExtension>
      <gpxtpx:atemp>23</gpxtpx:atemp>
      <gpxtpx:hr>126</gpxtpx:hr>
      <gpxtpx:cad>47</gpxtpx:cad>
     </gpxtpx:TrackPointExtension>
    </extensions>
   </trkpt>
   <trkpt lat="12.9263680" lon="77.5147800">
    <ele>816.6</ele>
    <time>2026-07-31T01:19:12Z</time>
    <extensions>
     <gpxtpx:TrackPointExtension>
      <gpxtpx:atemp>23</gpxtpx:atemp>
      <gpxtpx:hr>125</gpxtpx:hr>
      <gpxtpx:cad>49</gpxtpx:cad>
     </gpxtpx:TrackPointExtension>
    </extensions>
   </trkpt>
   <trkpt lat="12.9263500" lon="77.5148530">
    <ele>816.4</ele>
    <time>2026-07-31T01:19:18Z</time>
    <extensions>
     <gpxtpx:TrackPointExtension>
      <gpxtpx:atemp>23</gpxtpx:atemp>
      <gpxtpx:hr>122</gpxtpx:hr>
      <gpxtpx:cad>50</gpxtpx:cad>
     </gpxtpx:TrackPointExtension>
    </extensions>
   </trkpt>
   <trkpt lat="12.9263470" lon="77.5148880">
    <ele>816.6</ele>
    <time>2026-07-31T01:19:21Z</time>
    <extensions>
     <gpxtpx:TrackPointExtension>
      <gpxtpx:atemp>23</gpxtpx:atemp>
      <gpxtpx:hr>121</gpxtpx:hr>
      <gpxtpx:cad>51</gpxtpx:cad>
     </gpxtpx:TrackPointExtension>
    </extensions>
   </trkpt>
   <trkpt lat="12.9263530" lon="77.5149260">
    <ele>816.8</ele>
    <time>2026-07-31T01:19:24Z</time>
    <extensions>
     <gpxtpx:TrackPointExtension>
      <gpxtpx:atemp>23</gpxtpx:atemp>
      <gpxtpx:hr>121</gpxtpx:hr>
      <gpxtpx:cad>51</gpxtpx:cad>
     </gpxtpx:TrackPointExtension>
    </extensions>
   </trkpt>
   <trkpt lat="12.9263420" lon="77.5149720">
    <ele>817.0</ele>
    <time>2026-07-31T01:19:27Z</time>
    <extensions>
     <gpxtpx:TrackPointExtension>
      <gpxtpx:atemp>23</gpxtpx:atemp>
      <gpxtpx:hr>121</gpxtpx:hr>
      <gpxtpx:cad>50</gpxtpx:cad>
     </gpxtpx:TrackPointExtension>
    </extensions>
   </trkpt>
   <trkpt lat="12.9263200" lon="77.5151250">
    <ele>817.2</ele>
    <time>2026-07-31T01:19:32Z</time>
    <extensions>
     <gpxtpx:TrackPointExtension>
      <gpxtpx:atemp>23</gpxtpx:atemp>
      <gpxtpx:hr>121</gpxtpx:hr>
      <gpxtpx:cad>83</gpxtpx:cad>
     </gpxtpx:TrackPointExtension>
    </extensions>
   </trkpt>
   <trkpt lat="12.9263160" lon="77.5151690">
    <ele>817.2</ele>
    <time>2026-07-31T01:19:33Z</time>
    <extensions>
     <gpxtpx:TrackPointExtension>
      <gpxtpx:atemp>23</gpxtpx:atemp>
      <gpxtpx:hr>120</gpxtpx:hr>
      <gpxtpx:cad>83</gpxtpx:cad>
     </gpxtpx:TrackPointExtension>
    </extensions>
   </trkpt>
   <trkpt lat="12.9263170" lon="77.5152080">
    <ele>817.2</ele>
    <time>2026-07-31T01:19:34Z</time>
    <extensions>
     <gpxtpx:TrackPointExtension>
      <gpxtpx:atemp>23</gpxtpx:atemp>
      <gpxtpx:hr>124</gpxtpx:hr>
      <gpxtpx:cad>83</gpxtpx:cad>
     </gpxtpx:TrackPointExtension>
    </extensions>
   </trkpt>
   <trkpt lat="12.9263120" lon="77.5152780">
    <ele>817.0</ele>
    <time>2026-07-31T01:19:36Z</time>
    <extensions>
     <gpxtpx:TrackPointExtension>
      <gpxtpx:atemp>23</gpxtpx:atemp>
      <gpxtpx:hr>130</gpxtpx:hr>
      <gpxtpx:cad>84</gpxtpx:cad>
     </gpxtpx:TrackPointExtension>
    </extensions>
   </trkpt>
   <trkpt lat="12.9263060" lon="77.5153470">
    <ele>817.0</ele>
    <time>2026-07-31T01:19:38Z</time>
    <extensions>
     <gpxtpx:TrackPointExtension>
      <gpxtpx:atemp>23</gpxtpx:atemp>
      <gpxtpx:hr>134</gpxtpx:hr>
      <gpxtpx:cad>84</gpxtpx:cad>
     </gpxtpx:TrackPointExtension>
    </extensions>
   </trkpt>
   <trkpt lat="12.9262960" lon="77.5154080">
    <ele>817.0</ele>
    <time>2026-07-31T01:19:40Z</time>
    <extensions>
     <gpxtpx:TrackPointExtension>
      <gpxtpx:atemp>23</gpxtpx:atemp>
      <gpxtpx:hr>137</gpxtpx:hr>
      <gpxtpx:cad>84</gpxtpx:cad>
     </gpxtpx:TrackPointExtension>
    </extensions>
   </trkpt>
   <trkpt lat="12.9262850" lon="77.5154630">
    <ele>817.0</ele>
    <time>2026-07-31T01:19:42Z</time>
    <extensions>
     <gpxtpx:TrackPointExtension>
      <gpxtpx:atemp>23</gpxtpx:atemp>
      <gpxtpx:hr>140</gpxtpx:hr>
      <gpxtpx:cad>83</gpxtpx:cad>
     </gpxtpx:TrackPointExtension>
    </extensions>
   </trkpt>
   <trkpt lat="12.9262660" lon="77.5155170">
    <ele>817.2</ele>
    <time>2026-07-31T01:19:44Z</time>
    <extensions>
     <gpxtpx:TrackPointExtension>
      <gpxtpx:atemp>23</gpxtpx:atemp>
      <gpxtpx:hr>144</gpxtpx:hr>
      <gpxtpx:cad>82</gpxtpx:cad>
     </gpxtpx:TrackPointExtension>
    </extensions>
   </trkpt>
   <trkpt lat="12.9262580" lon="77.5155460">
    <ele>817.2</ele>
    <time>2026-07-31T01:19:45Z</time>
    <extensions>
     <gpxtpx:TrackPointExtension>
      <gpxtpx:atemp>23</gpxtpx:atemp>
      <gpxtpx:hr>145</gpxtpx:hr>
      <gpxtpx:cad>82</gpxtpx:cad>
     </gpxtpx:TrackPointExtension>
    </extensions>
   </trkpt>
   <trkpt lat="12.9262500" lon="77.5156100">
    <ele>817.4</ele>
    <time>2026-07-31T01:19:47Z</time>
    <extensions>
     <gpxtpx:TrackPointExtension>
      <gpxtpx:atemp>23</gpxtpx:atemp>
      <gpxtpx:hr>148</gpxtpx:hr>
      <gpxtpx:cad>82</gpxtpx:cad>
     </gpxtpx:TrackPointExtension>
    </extensions>
   </trkpt>
   <trkpt lat="12.9262320" lon="77.5156960">
    <ele>817.6</ele>
    <time>2026-07-31T01:19:50Z</time>
    <extensions>
     <gpxtpx:TrackPointExtension>
      <gpxtpx:atemp>23</gpxtpx:atemp>
      <gpxtpx:hr>151</gpxtpx:hr>
      <gpxtpx:cad>83</gpxtpx:cad>
     </gpxtpx:TrackPointExtension>
    </extensions>
   </trkpt>
   <trkpt lat="12.9262240" lon="77.5157270">
    <ele>817.6</ele>
    <time>2026-07-31T01:19:51Z</time>
    <extensions>
     <gpxtpx:TrackPointExtension>
      <gpxtpx:atemp>23</gpxtpx:atemp>
      <gpxtpx:hr>152</gpxtpx:hr>
      <gpxtpx:cad>83</gpxtpx:cad>
     </gpxtpx:TrackPointExtension>
    </extensions>
   </trkpt>
   <trkpt lat="12.9262020" lon="77.5158170">
    <ele>817.6</ele>
    <time>2026-07-31T01:19:54Z</time>
    <extensions>
     <gpxtpx:TrackPointExtension>
      <gpxtpx:atemp>23</gpxtpx:atemp>
      <gpxtpx:hr>153</gpxtpx:hr>
      <gpxtpx:cad>82</gpxtpx:cad>
     </gpxtpx:TrackPointExtension>
    </extensions>
   </trkpt>
   <trkpt lat="12.9261700" lon="77.5159400">
    <ele>818.0</ele>
    <time>2026-07-31T01:19:58Z</time>
    <extensions>
     <gpxtpx:TrackPointExtension>
      <gpxtpx:atemp>23</gpxtpx:atemp>
      <gpxtpx:hr>153</gpxtpx:hr>
      <gpxtpx:cad>81</gpxtpx:cad>
     </gpxtpx:TrackPointExtension>
    </extensions>
   </trkpt>
   <trkpt lat="12.9261050" lon="77.5161190">
    <ele>818.6</ele>
    <time>2026-07-31T01:20:04Z</time>
    <extensions>
     <gpxtpx:TrackPointExtension>
      <gpxtpx:atemp>23</gpxtpx:atemp>
      <gpxtpx:hr>152</gpxtpx:hr>
      <gpxtpx:cad>80</gpxtpx:cad>
     </gpxtpx:TrackPointExtension>
    </extensions>
   </trkpt>
   <trkpt lat="12.9260850" lon="77.5161710">
    <ele>818.8</ele>
    <time>2026-07-31T01:20:06Z</time>
    <extensions>
     <gpxtpx:TrackPointExtension>
      <gpxtpx:atemp>23</gpxtpx:atemp>
      <gpxtpx:hr>153</gpxtpx:hr>
      <gpxtpx:cad>80</gpxtpx:cad>
     </gpxtpx:TrackPointExtension>
    </extensions>
   </trkpt>
   <trkpt lat="12.9260740" lon="77.5161970">
    <ele>819.0</ele>
    <time>2026-07-31T01:20:07Z</time>
    <extensions>
     <gpxtpx:TrackPointExtension>
      <gpxtpx:atemp>23</gpxtpx:atemp>
      <gpxtpx:hr>154</gpxtpx:hr>
      <gpxtpx:cad>80</gpxtpx:cad>
     </gpxtpx:TrackPointExtension>
    </extensions>
   </trkpt>
   <trkpt lat="12.9260060" lon="77.5163100">
    <ele>819.4</ele>
    <time>2026-07-31T01:20:12Z</time>
    <extensions>
     <gpxtpx:TrackPointExtension>
      <gpxtpx:atemp>23</gpxtpx:atemp>
      <gpxtpx:hr>156</gpxtpx:hr>
      <gpxtpx:cad>79</gpxtpx:cad>
     </gpxtpx:TrackPointExtension>
    </extensions>
   </trkpt>
   <trkpt lat="12.9259060" lon="77.5164930">
    <ele>819.8</ele>
    <time>2026-07-31T01:20:19Z</time>
    <extensions>
     <gpxtpx:TrackPointExtension>
      <gpxtpx:atemp>23</gpxtpx:atemp>
      <gpxtpx:hr>154</gpxtpx:hr>
      <gpxtpx:cad>83</gpxtpx:cad>
     </gpxtpx:TrackPointExtension>
    </extensions>
   </trkpt>
   <trkpt lat="12.9258870" lon="77.5165210">
    <ele>819.8</ele>
    <time>2026-07-31T01:20:20Z</time>
    <extensions>
     <gpxtpx:TrackPointExtension>
      <gpxtpx:atemp>23</gpxtpx:atemp>
      <gpxtpx:hr>156</gpxtpx:hr>
      <gpxtpx:cad>83</gpxtpx:cad>
     </gpxtpx:TrackPointExtension>
    </extensions>
   </trkpt>
   <trkpt lat="12.9258110" lon="77.5166580">
    <ele>820.0</ele>
    <time>2026-07-31T01:20:26Z</time>
    <extensions>
     <gpxtpx:TrackPointExtension>
      <gpxtpx:atemp>23</gpxtpx:atemp>
      <gpxtpx:hr>158</gpxtpx:hr>
      <gpxtpx:cad>81</gpxtpx:cad>
     </gpxtpx:TrackPointExtension>
    </extensions>
   </trkpt>
   <trkpt lat="12.9257980" lon="77.5166850">
    <ele>820.4</ele>
    <time>2026-07-31T01:20:27Z</time>
    <extensions>
     <gpxtpx:TrackPointExtension>
      <gpxtpx:atemp>23</gpxtpx:atemp>
      <gpxtpx:hr>158</gpxtpx:hr>
      <gpxtpx:cad>81</gpxtpx:cad>
     </gpxtpx:TrackPointExtension>
    </extensions>
   </trkpt>
   <trkpt lat="12.9257620" lon="77.5167600">
    <ele>820.6</ele>
    <time>2026-07-31T01:20:30Z</time>
    <extensions>
     <gpxtpx:TrackPointExtension>
      <gpxtpx:atemp>23</gpxtpx:atemp>
      <gpxtpx:hr>158</gpxtpx:hr>
      <gpxtpx:cad>82</gpxtpx:cad>
     </gpxtpx:TrackPointExtension>
    </extensions>
   </trkpt>
   <trkpt lat="12.9257380" lon="77.5168020">
    <ele>820.6</ele>
    <time>2026-07-31T01:20:32Z</time>
    <extensions>
     <gpxtpx:TrackPointExtension>
      <gpxtpx:atemp>23</gpxtpx:atemp>
      <gpxtpx:hr>157</gpxtpx:hr>
      <gpxtpx:cad>82</gpxtpx:cad>
     </gpxtpx:TrackPointExtension>
    </extensions>
   </trkpt>
   <trkpt lat="12.9256510" lon="77.5169370">
    <ele>820.6</ele>
    <time>2026-07-31T01:20:39Z</time>
    <extensions>
     <gpxtpx:TrackPointExtension>
      <gpxtpx:atemp>23</gpxtpx:atemp>
      <gpxtpx:hr>160</gpxtpx:hr>
      <gpxtpx:cad>79</gpxtpx:cad>
     </gpxtpx:TrackPointExtension>
    </extensions>
   </trkpt>
   <trkpt lat="12.9256400" lon="77.5169580">
    <ele>820.6</ele>
    <time>2026-07-31T01:20:40Z</time>
    <extensions>
     <gpxtpx:TrackPointExtension>
      <gpxtpx:atemp>23</gpxtpx:atemp>
      <gpxtpx:hr>160</gpxtpx:hr>
      <gpxtpx:cad>79</gpxtpx:cad>
     </gpxtpx:TrackPointExtension>
    </extensions>
   </trkpt>
   <trkpt lat="12.9255550" lon="77.5170730">
    <ele>821.0</ele>
    <time>2026-07-31T01:20:44Z</time>
    <extensions>
     <gpxtpx:TrackPointExtension>
      <gpxtpx:atemp>23</gpxtpx:atemp>
      <gpxtpx:hr>160</gpxtpx:hr>
      <gpxtpx:cad>80</gpxtpx:cad>
     </gpxtpx:TrackPointExtension>
    </extensions>
   </trkpt>
   <trkpt lat="12.9255190" lon="77.5171250">
    <ele>821.2</ele>
    <time>2026-07-31T01:20:48Z</time>
    <extensions>
     <gpxtpx:TrackPointExtension>
      <gpxtpx:atemp>23</gpxtpx:atemp>
      <gpxtpx:hr>160</gpxtpx:hr>
      <gpxtpx:cad>0</gpxtpx:cad>
     </gpxtpx:TrackPointExtension>
    </extensions>
   </trkpt>
   <trkpt lat="12.9255050" lon="77.5171680">
    <ele>821.2</ele>
    <time>2026-07-31T01:20:52Z</time>
    <extensions>
     <gpxtpx:TrackPointExtension>
      <gpxtpx:atemp>23</gpxtpx:atemp>
      <gpxtpx:hr>159</gpxtpx:hr>
      <gpxtpx:cad>53</gpxtpx:cad>
     </gpxtpx:TrackPointExtension>
    </extensions>
   </trkpt>
   <trkpt lat="12.9254760" lon="77.5171800">
    <ele>821.2</ele>
    <time>2026-07-31T01:20:55Z</time>
    <extensions>
     <gpxtpx:TrackPointExtension>
      <gpxtpx:atemp>23</gpxtpx:atemp>
      <gpxtpx:hr>158</gpxtpx:hr>
      <gpxtpx:cad>51</gpxtpx:cad>
     </gpxtpx:TrackPointExtension>
    </extensions>
   </trkpt>
   <trkpt lat="12.9254270" lon="77.5172080">
    <ele>821.2</ele>
    <time>2026-07-31T01:20:58Z</time>
    <extensions>
     <gpxtpx:TrackPointExtension>
      <gpxtpx:atemp>23</gpxtpx:atemp>
      <gpxtpx:hr>156</gpxtpx:hr>
      <gpxtpx:cad>52</gpxtpx:cad>
     </gpxtpx:TrackPointExtension>
    </extensions>
   </trkpt>
   <trkpt lat="12.9253960" lon="77.5172390">
    <ele>821.4</ele>
    <time>2026-07-31T01:21:01Z</time>
    <extensions>
     <gpxtpx:TrackPointExtension>
      <gpxtpx:atemp>23</gpxtpx:atemp>
      <gpxtpx:hr>153</gpxtpx:hr>
      <gpxtpx:cad>52</gpxtpx:cad>
     </gpxtpx:TrackPointExtension>
    </extensions>
   </trkpt>
   <trkpt lat="12.9253920" lon="77.5172490">
    <ele>821.4</ele>
    <time>2026-07-31T01:21:02Z</time>
    <extensions>
     <gpxtpx:TrackPointExtension>
      <gpxtpx:atemp>23</gpxtpx:atemp>
      <gpxtpx:hr>152</gpxtpx:hr>
      <gpxtpx:cad>52</gpxtpx:cad>
     </gpxtpx:TrackPointExtension>
    </extensions>
   </trkpt>
   <trkpt lat="12.9253700" lon="77.5172740">
    <ele>821.2</ele>
    <time>2026-07-31T01:21:06Z</time>
    <extensions>
     <gpxtpx:TrackPointExtension>
      <gpxtpx:atemp>23</gpxtpx:atemp>
      <gpxtpx:hr>149</gpxtpx:hr>
      <gpxtpx:cad>52</gpxtpx:cad>
     </gpxtpx:TrackPointExtension>
    </extensions>
   </trkpt>
   <trkpt lat="12.9253390" lon="77.5173120">
    <ele>821.4</ele>
    <time>2026-07-31T01:21:09Z</time>
    <extensions>
     <gpxtpx:TrackPointExtension>
      <gpxtpx:atemp>23</gpxtpx:atemp>
      <gpxtpx:hr>148</gpxtpx:hr>
      <gpxtpx:cad>52</gpxtpx:cad>
     </gpxtpx:TrackPointExtension>
    </extensions>
   </trkpt>
   <trkpt lat="12.9253180" lon="77.5173960">
    <ele>821.6</ele>
    <time>2026-07-31T01:21:14Z</time>
    <extensions>
     <gpxtpx:TrackPointExtension>
      <gpxtpx:atemp>23</gpxtpx:atemp>
      <gpxtpx:hr>145</gpxtpx:hr>
      <gpxtpx:cad>52</gpxtpx:cad>
     </gpxtpx:TrackPointExtension>
    </extensions>
   </trkpt>
   <trkpt lat="12.9253050" lon="77.5174070">
    <ele>821.6</ele>
    <time>2026-07-31T01:21:16Z</time>
    <extensions>
     <gpxtpx:TrackPointExtension>
      <gpxtpx:atemp>23</gpxtpx:atemp>
      <gpxtpx:hr>144</gpxtpx:hr>
      <gpxtpx:cad>51</gpxtpx:cad>
     </gpxtpx:TrackPointExtension>
    </extensions>
   </trkpt>
   <trkpt lat="12.9252900" lon="77.5174090">
    <ele>821.8</ele>
    <time>2026-07-31T01:21:17Z</time>
    <extensions>
     <gpxtpx:TrackPointExtension>
      <gpxtpx:atemp>23</gpxtpx:atemp>
      <gpxtpx:hr>143</gpxtpx:hr>
      <gpxtpx:cad>51</gpxtpx:cad>
     </gpxtpx:TrackPointExtension>
    </extensions>
   </trkpt>
   <trkpt lat="12.9252770" lon="77.5174090">
    <ele>821.8</ele>
    <time>2026-07-31T01:21:18Z</time>
    <extensions>
     <gpxtpx:TrackPointExtension>
      <gpxtpx:atemp>23</gpxtpx:atemp>
      <gpxtpx:hr>143</gpxtpx:hr>
      <gpxtpx:cad>51</gpxtpx:cad>
     </gpxtpx:TrackPointExtension>
    </extensions>
   </trkpt>
   <trkpt lat="12.9252640" lon="77.5174610">
    <ele>821.8</ele>
    <time>2026-07-31T01:21:22Z</time>
    <extensions>
     <gpxtpx:TrackPointExtension>
      <gpxtpx:atemp>23</gpxtpx:atemp>
      <gpxtpx:hr>143</gpxtpx:hr>
      <gpxtpx:cad>51</gpxtpx:cad>
     </gpxtpx:TrackPointExtension>
    </extensions>
   </trkpt>
   <trkpt lat="12.9252610" lon="77.5174950">
    <ele>822.0</ele>
    <time>2026-07-31T01:21:24Z</time>
    <extensions>
     <gpxtpx:TrackPointExtension>
      <gpxtpx:atemp>23</gpxtpx:atemp>
      <gpxtpx:hr>142</gpxtpx:hr>
      <gpxtpx:cad>51</gpxtpx:cad>
     </gpxtpx:TrackPointExtension>
    </extensions>
   </trkpt>
   <trkpt lat="12.9252370" lon="77.5175130">
    <ele>822.2</ele>
    <time>2026-07-31T01:21:26Z</time>
    <extensions>
     <gpxtpx:TrackPointExtension>
      <gpxtpx:atemp>23</gpxtpx:atemp>
      <gpxtpx:hr>140</gpxtpx:hr>
      <gpxtpx:cad>53</gpxtpx:cad>
     </gpxtpx:TrackPointExtension>
    </extensions>
   </trkpt>
   <trkpt lat="12.9251530" lon="77.5175950">
    <ele>822.4</ele>
    <time>2026-07-31T01:21:33Z</time>
    <extensions>
     <gpxtpx:TrackPointExtension>
      <gpxtpx:atemp>23</gpxtpx:atemp>
      <gpxtpx:hr>138</gpxtpx:hr>
      <gpxtpx:cad>53</gpxtpx:cad>
     </gpxtpx:TrackPointExtension>
    </extensions>
   </trkpt>
   <trkpt lat="12.9251540" lon="77.5176160">
    <ele>822.4</ele>
    <time>2026-07-31T01:21:34Z</time>
    <extensions>
     <gpxtpx:TrackPointExtension>
      <gpxtpx:atemp>23</gpxtpx:atemp>
      <gpxtpx:hr>138</gpxtpx:hr>
      <gpxtpx:cad>53</gpxtpx:cad>
     </gpxtpx:TrackPointExtension>
    </extensions>
   </trkpt>
   <trkpt lat="12.9251280" lon="77.5176850">
    <ele>822.6</ele>
    <time>2026-07-31T01:21:39Z</time>
    <extensions>
     <gpxtpx:TrackPointExtension>
      <gpxtpx:atemp>23</gpxtpx:atemp>
      <gpxtpx:hr>135</gpxtpx:hr>
      <gpxtpx:cad>53</gpxtpx:cad>
     </gpxtpx:TrackPointExtension>
    </extensions>
   </trkpt>
   <trkpt lat="12.9251210" lon="77.5177190">
    <ele>822.8</ele>
    <time>2026-07-31T01:21:41Z</time>
    <extensions>
     <gpxtpx:TrackPointExtension>
      <gpxtpx:atemp>23</gpxtpx:atemp>
      <gpxtpx:hr>136</gpxtpx:hr>
      <gpxtpx:cad>53</gpxtpx:cad>
     </gpxtpx:TrackPointExtension>
    </extensions>
   </trkpt>
   <trkpt lat="12.9250600" lon="77.5178310">
    <ele>823.0</ele>
    <time>2026-07-31T01:21:46Z</time>
    <extensions>
     <gpxtpx:TrackPointExtension>
      <gpxtpx:atemp>23</gpxtpx:atemp>
      <gpxtpx:hr>134</gpxtpx:hr>
      <gpxtpx:cad>81</gpxtpx:cad>
     </gpxtpx:TrackPointExtension>
    </extensions>
   </trkpt>
   <trkpt lat="12.9250320" lon="77.5179000">
    <ele>823.2</ele>
    <time>2026-07-31T01:21:49Z</time>
    <extensions>
     <gpxtpx:TrackPointExtension>
      <gpxtpx:atemp>23</gpxtpx:atemp>
      <gpxtpx:hr>136</gpxtpx:hr>
      <gpxtpx:cad>81</gpxtpx:cad>
     </gpxtpx:TrackPointExtension>
    </extensions>
   </trkpt>
   <trkpt lat="12.9249880" lon="77.5179700">
    <ele>823.6</ele>
    <time>2026-07-31T01:21:52Z</time>
    <extensions>
     <gpxtpx:TrackPointExtension>
      <gpxtpx:atemp>23</gpxtpx:atemp>
      <gpxtpx:hr>139</gpxtpx:hr>
      <gpxtpx:cad>80</gpxtpx:cad>
     </gpxtpx:TrackPointExtension>
    </extensions>
   </trkpt>
   <trkpt lat="12.9249760" lon="77.5179800">
    <ele>823.6</ele>
    <time>2026-07-31T01:21:53Z</time>
    <extensions>
     <gpxtpx:TrackPointExtension>
      <gpxtpx:atemp>23</gpxtpx:atemp>
      <gpxtpx:hr>138</gpxtpx:hr>
      <gpxtpx:cad>80</gpxtpx:cad>
     </gpxtpx:TrackPointExtension>
    </extensions>
   </trkpt>
   <trkpt lat="12.9249650" lon="77.5179880">
    <ele>823.8</ele>
    <time>2026-07-31T01:21:54Z</time>
    <extensions>
     <gpxtpx:TrackPointExtension>
      <gpxtpx:atemp>23</gpxtpx:atemp>
      <gpxtpx:hr>141</gpxtpx:hr>
      <gpxtpx:cad>80</gpxtpx:cad>
     </gpxtpx:TrackPointExtension>
    </extensions>
   </trkpt>
   <trkpt lat="12.9249240" lon="77.5180060">
    <ele>824.2</ele>
    <time>2026-07-31T01:21:57Z</time>
    <extensions>
     <gpxtpx:TrackPointExtension>
      <gpxtpx:atemp>23</gpxtpx:atemp>
      <gpxtpx:hr>143</gpxtpx:hr>
      <gpxtpx:cad>80</gpxtpx:cad>
     </gpxtpx:TrackPointExtension>
    </extensions>
   </trkpt>
   <trkpt lat="12.9249100" lon="77.5180170">
    <ele>824.4</ele>
    <time>2026-07-31T01:21:58Z</time>
    <extensions>
     <gpxtpx:TrackPointExtension>
      <gpxtpx:atemp>23</gpxtpx:atemp>
      <gpxtpx:hr>143</gpxtpx:hr>
      <gpxtpx:cad>80</gpxtpx:cad>
     </gpxtpx:TrackPointExtension>
    </extensions>
   </trkpt>
   <trkpt lat="12.9248710" lon="77.5180620">
    <ele>824.4</ele>
    <time>2026-07-31T01:22:03Z</time>
    <extensions>
     <gpxtpx:TrackPointExtension>
      <gpxtpx:atemp>23</gpxtpx:atemp>
      <gpxtpx:hr>142</gpxtpx:hr>
      <gpxtpx:cad>52</gpxtpx:cad>
     </gpxtpx:TrackPointExtension>
    </extensions>
   </trkpt>
   <trkpt lat="12.9248580" lon="77.5180740">
    <ele>824.4</ele>
    <time>2026-07-31T01:22:04Z</time>
    <extensions>
     <gpxtpx:TrackPointExtension>
      <gpxtpx:atemp>23</gpxtpx:atemp>
      <gpxtpx:hr>142</gpxtpx:hr>
      <gpxtpx:cad>52</gpxtpx:cad>
     </gpxtpx:TrackPointExtension>
    </extensions>
   </trkpt>
   <trkpt lat="12.9247870" lon="77.5181110">
    <ele>824.4</ele>
    <time>2026-07-31T01:22:11Z</time>
    <extensions>
     <gpxtpx:TrackPointExtension>
      <gpxtpx:atemp>23</gpxtpx:atemp>
      <gpxtpx:hr>139</gpxtpx:hr>
      <gpxtpx:cad>49</gpxtpx:cad>
     </gpxtpx:TrackPointExtension>
    </extensions>
   </trkpt>
   <trkpt lat="12.9247100" lon="77.5181290">
    <ele>824.4</ele>
    <time>2026-07-31T01:22:18Z</time>
    <extensions>
     <gpxtpx:TrackPointExtension>
      <gpxtpx:atemp>23</gpxtpx:atemp>
      <gpxtpx:hr>136</gpxtpx:hr>
      <gpxtpx:cad>53</gpxtpx:cad>
     </gpxtpx:TrackPointExtension>
    </extensions>
   </trkpt>
   <trkpt lat="12.9246980" lon="77.5181300">
    <ele>824.4</ele>
    <time>2026-07-31T01:22:19Z</time>
    <extensions>
     <gpxtpx:TrackPointExtension>
      <gpxtpx:atemp>23</gpxtpx:atemp>
      <gpxtpx:hr>135</gpxtpx:hr>
      <gpxtpx:cad>51</gpxtpx:cad>
     </gpxtpx:TrackPointExtension>
    </extensions>
   </trkpt>
   <trkpt lat="12.9245900" lon="77.5182000">
    <ele>824.6</ele>
    <time>2026-07-31T01:22:26Z</time>
    <extensions>
     <gpxtpx:TrackPointExtension>
      <gpxtpx:atemp>23</gpxtpx:atemp>
      <gpxtpx:hr>132</gpxtpx:hr>
      <gpxtpx:cad>52</gpxtpx:cad>
     </gpxtpx:TrackPointExtension>
    </extensions>
   </trkpt>
   <trkpt lat="12.9245350" lon="77.5182130">
    <ele>824.2</ele>
    <time>2026-07-31T01:22:28Z</time>
    <extensions>
     <gpxtpx:TrackPointExtension>
      <gpxtpx:atemp>23</gpxtpx:atemp>
      <gpxtpx:hr>131</gpxtpx:hr>
      <gpxtpx:cad>51</gpxtpx:cad>
     </gpxtpx:TrackPointExtension>
    </extensions>
   </trkpt>
   <trkpt lat="12.9243410" lon="77.5182600">
    <ele>823.4</ele>
    <time>2026-07-31T01:22:34Z</time>
    <extensions>
     <gpxtpx:TrackPointExtension>
      <gpxtpx:atemp>23</gpxtpx:atemp>
      <gpxtpx:hr>131</gpxtpx:hr>
      <gpxtpx:cad>85</gpxtpx:cad>
     </gpxtpx:TrackPointExtension>
    </extensions>
   </trkpt>
   <trkpt lat="12.9243030" lon="77.5182700">
    <ele>823.0</ele>
    <time>2026-07-31T01:22:35Z</time>
    <extensions>
     <gpxtpx:TrackPointExtension>
      <gpxtpx:atemp>23</gpxtpx:atemp>
      <gpxtpx:hr>132</gpxtpx:hr>
      <gpxtpx:cad>85</gpxtpx:cad>
     </gpxtpx:TrackPointExtension>
    </extensions>
   </trkpt>
   <trkpt lat="12.9242310" lon="77.5182870">
    <ele>822.4</ele>
    <time>2026-07-31T01:22:37Z</time>
    <extensions>
     <gpxtpx:TrackPointExtension>
      <gpxtpx:atemp>23</gpxtpx:atemp>
      <gpxtpx:hr>135</gpxtpx:hr>
      <gpxtpx:cad>85</gpxtpx:cad>
     </gpxtpx:TrackPointExtension>
    </extensions>
   </trkpt>
   <trkpt lat="12.9241530" lon="77.5182900">
    <ele>822.0</ele>
    <time>2026-07-31T01:22:39Z</time>
    <extensions>
     <gpxtpx:TrackPointExtension>
      <gpxtpx:atemp>23</gpxtpx:atemp>
      <gpxtpx:hr>136</gpxtpx:hr>
      <gpxtpx:cad>85</gpxtpx:cad>
     </gpxtpx:TrackPointExtension>
    </extensions>
   </trkpt>
   <trkpt lat="12.9240810" lon="77.5182930">
    <ele>821.2</ele>
    <time>2026-07-31T01:22:41Z</time>
    <extensions>
     <gpxtpx:TrackPointExtension>
      <gpxtpx:atemp>23</gpxtpx:atemp>
      <gpxtpx:hr>138</gpxtpx:hr>
      <gpxtpx:cad>85</gpxtpx:cad>
     </gpxtpx:TrackPointExtension>
    </extensions>
   </trkpt>
   <trkpt lat="12.9240170" lon="77.5182780">
    <ele>820.6</ele>
    <time>2026-07-31T01:22:43Z</time>
    <extensions>
     <gpxtpx:TrackPointExtension>
      <gpxtpx:atemp>23</gpxtpx:atemp>
      <gpxtpx:hr>141</gpxtpx:hr>
      <gpxtpx:cad>85</gpxtpx:cad>
     </gpxtpx:TrackPointExtension>
    </extensions>
   </trkpt>
   <trkpt lat="12.9239540" lon="77.5182790">
    <ele>820.2</ele>
    <time>2026-07-31T01:22:45Z</time>
    <extensions>
     <gpxtpx:TrackPointExtension>
      <gpxtpx:atemp>23</gpxtpx:atemp>
      <gpxtpx:hr>140</gpxtpx:hr>
      <gpxtpx:cad>85</gpxtpx:cad>
     </gpxtpx:TrackPointExtension>
    </extensions>
   </trkpt>
   <trkpt lat="12.9237910" lon="77.5182970">
    <ele>819.6</ele>
    <time>2026-07-31T01:22:51Z</time>
    <extensions>
     <gpxtpx:TrackPointExtension>
      <gpxtpx:atemp>23</gpxtpx:atemp>
      <gpxtpx:hr>143</gpxtpx:hr>
      <gpxtpx:cad>84</gpxtpx:cad>
     </gpxtpx:TrackPointExtension>
    </extensions>
   </trkpt>
   <trkpt lat="12.9237540" lon="77.5182950">
    <ele>819.4</ele>
    <time>2026-07-31T01:22:52Z</time>
    <extensions>
     <gpxtpx:TrackPointExtension>
      <gpxtpx:atemp>23</gpxtpx:atemp>
      <gpxtpx:hr>144</gpxtpx:hr>
      <gpxtpx:cad>83</gpxtpx:cad>
     </gpxtpx:TrackPointExtension>
    </extensions>
   </trkpt>
   <trkpt lat="12.9236130" lon="77.5182890">
    <ele>818.4</ele>
    <time>2026-07-31T01:22:56Z</time>
    <extensions>
     <gpxtpx:TrackPointExtension>
      <gpxtpx:atemp>23</gpxtpx:atemp>
      <gpxtpx:hr>142</gpxtpx:hr>
      <gpxtpx:cad>82</gpxtpx:cad>
     </gpxtpx:TrackPointExtension>
    </extensions>
   </trkpt>
   <trkpt lat="12.9235790" lon="77.5182900">
    <ele>818.2</ele>
    <time>2026-07-31T01:22:57Z</time>
    <extensions>
     <gpxtpx:TrackPointExtension>
      <gpxtpx:atemp>23</gpxtpx:atemp>
      <gpxtpx:hr>143</gpxtpx:hr>
      <gpxtpx:cad>82</gpxtpx:cad>
     </gpxtpx:TrackPointExtension>
    </extensions>
   </trkpt>
   <trkpt lat="12.9233840" lon="77.5183450">
    <ele>817.6</ele>
    <time>2026-07-31T01:23:03Z</time>
    <extensions>
     <gpxtpx:TrackPointExtension>
      <gpxtpx:atemp>23</gpxtpx:atemp>
      <gpxtpx:hr>142</gpxtpx:hr>
      <gpxtpx:cad>81</gpxtpx:cad>
     </gpxtpx:TrackPointExtension>
    </extensions>
   </trkpt>
   <trkpt lat="12.9233170" lon="77.5183550">
    <ele>817.4</ele>
    <time>2026-07-31T01:23:05Z</time>
    <extensions>
     <gpxtpx:TrackPointExtension>
      <gpxtpx:atemp>23</gpxtpx:atemp>
      <gpxtpx:hr>143</gpxtpx:hr>
      <gpxtpx:cad>81</gpxtpx:cad>
     </gpxtpx:TrackPointExtension>
    </extensions>
   </trkpt>
   <trkpt lat="12.9231820" lon="77.5183730">
    <ele>816.4</ele>
    <time>2026-07-31T01:23:09Z</time>
    <extensions>
     <gpxtpx:TrackPointExtension>
      <gpxtpx:atemp>23</gpxtpx:atemp>
      <gpxtpx:hr>149</gpxtpx:hr>
      <gpxtpx:cad>81</gpxtpx:cad>
     </gpxtpx:TrackPointExtension>
    </extensions>
   </trkpt>
   <trkpt lat="12.9231570" lon="77.5183800">
    <ele>816.2</ele>
    <time>2026-07-31T01:23:10Z</time>
    <extensions>
     <gpxtpx:TrackPointExtension>
      <gpxtpx:atemp>23</gpxtpx:atemp>
      <gpxtpx:hr>149</gpxtpx:hr>
      <gpxtpx:cad>81</gpxtpx:cad>
     </gpxtpx:TrackPointExtension>
    </extensions>
   </trkpt>
   <trkpt lat="12.9229650" lon="77.5184100">
    <ele>815.6</ele>
    <time>2026-07-31T01:23:17Z</time>
    <extensions>
     <gpxtpx:TrackPointExtension>
      <gpxtpx:atemp>23</gpxtpx:atemp>
      <gpxtpx:hr>149</gpxtpx:hr>
      <gpxtpx:cad>83</gpxtpx:cad>
     </gpxtpx:TrackPointExtension>
    </extensions>
   </trkpt>
   <trkpt lat="12.9229530" lon="77.5184200">
    <ele>815.4</ele>
    <time>2026-07-31T01:23:18Z</time>
    <extensions>
     <gpxtpx:TrackPointExtension>
      <gpxtpx:atemp>23</gpxtpx:atemp>
      <gpxtpx:hr>149</gpxtpx:hr>
      <gpxtpx:cad>83</gpxtpx:cad>
     </gpxtpx:TrackPointExtension>
    </extensions>
   </trkpt>
   <trkpt lat="12.9229000" lon="77.5184480">
    <ele>815.4</ele>
    <time>2026-07-31T01:23:23Z</time>
    <extensions>
     <gpxtpx:TrackPointExtension>
      <gpxtpx:atemp>23</gpxtpx:atemp>
      <gpxtpx:hr>148</gpxtpx:hr>
      <gpxtpx:cad>0</gpxtpx:cad>
     </gpxtpx:TrackPointExtension>
    </extensions>
   </trkpt>
   <trkpt lat="12.9228950" lon="77.5184470">
    <ele>815.2</ele>
    <time>2026-07-31T01:23:24Z</time>
    <extensions>
     <gpxtpx:TrackPointExtension>
      <gpxtpx:atemp>23</gpxtpx:atemp>
      <gpxtpx:hr>149</gpxtpx:hr>
      <gpxtpx:cad>0</gpxtpx:cad>
     </gpxtpx:TrackPointExtension>
    </extensions>
   </trkpt>
   <trkpt lat="12.9228300" lon="77.5183900">
    <ele>815.0</ele>
    <time>2026-07-31T01:23:27Z</time>
    <extensions>
     <gpxtpx:TrackPointExtension>
      <gpxtpx:atemp>23</gpxtpx:atemp>
      <gpxtpx:hr>148</gpxtpx:hr>
      <gpxtpx:cad>97</gpxtpx:cad>
     </gpxtpx:TrackPointExtension>
    </extensions>
   </trkpt>
   <trkpt lat="12.9226930" lon="77.5183590">
    <ele>814.4</ele>
    <time>2026-07-31T01:23:32Z</time>
    <extensions>
     <gpxtpx:TrackPointExtension>
      <gpxtpx:atemp>23</gpxtpx:atemp>
      <gpxtpx:hr>145</gpxtpx:hr>
      <gpxtpx:cad>82</gpxtpx:cad>
     </gpxtpx:TrackPointExtension>
    </extensions>
   </trkpt>
   <trkpt lat="12.9226740" lon="77.5183710">
    <ele>814.4</ele>
    <time>2026-07-31T01:23:33Z</time>
    <extensions>
     <gpxtpx:TrackPointExtension>
      <gpxtpx:atemp>23</gpxtpx:atemp>
      <gpxtpx:hr>145</gpxtpx:hr>
      <gpxtpx:cad>82</gpxtpx:cad>
     </gpxtpx:TrackPointExtension>
    </extensions>
   </trkpt>
   <trkpt lat="12.9226560" lon="77.5184020">
    <ele>814.4</ele>
    <time>2026-07-31T01:23:34Z</time>
    <extensions>
     <gpxtpx:TrackPointExtension>
      <gpxtpx:atemp>23</gpxtpx:atemp>
      <gpxtpx:hr>144</gpxtpx:hr>
      <gpxtpx:cad>81</gpxtpx:cad>
     </gpxtpx:TrackPointExtension>
    </extensions>
   </trkpt>
   <trkpt lat="12.9226350" lon="77.5184960">
    <ele>814.2</ele>
    <time>2026-07-31T01:23:37Z</time>
    <extensions>
     <gpxtpx:TrackPointExtension>
      <gpxtpx:atemp>23</gpxtpx:atemp>
      <gpxtpx:hr>144</gpxtpx:hr>
      <gpxtpx:cad>78</gpxtpx:cad>
     </gpxtpx:TrackPointExtension>
    </extensions>
   </trkpt>
   <trkpt lat="12.9226200" lon="77.5185190">
    <ele>814.4</ele>
    <time>2026-07-31T01:23:38Z</time>
    <extensions>
     <gpxtpx:TrackPointExtension>
      <gpxtpx:atemp>23</gpxtpx:atemp>
      <gpxtpx:hr>145</gpxtpx:hr>
      <gpxtpx:cad>78</gpxtpx:cad>
     </gpxtpx:TrackPointExtension>
    </extensions>
   </trkpt>
   <trkpt lat="12.9225910" lon="77.5186170">
    <ele>814.6</ele>
    <time>2026-07-31T01:23:41Z</time>
    <extensions>
     <gpxtpx:TrackPointExtension>
      <gpxtpx:atemp>23</gpxtpx:atemp>
      <gpxtpx:hr>145</gpxtpx:hr>
      <gpxtpx:cad>76</gpxtpx:cad>
     </gpxtpx:TrackPointExtension>
    </extensions>
   </trkpt>
   <trkpt lat="12.9225900" lon="77.5188140">
    <ele>815.0</ele>
    <time>2026-07-31T01:23:48Z</time>
    <extensions>
     <gpxtpx:TrackPointExtension>
      <gpxtpx:atemp>23</gpxtpx:atemp>
      <gpxtpx:hr>147</gpxtpx:hr>
      <gpxtpx:cad>81</gpxtpx:cad>
     </gpxtpx:TrackPointExtension>
    </extensions>
   </trkpt>
   <trkpt lat="12.9225870" lon="77.5188540">
    <ele>815.0</ele>
    <time>2026-07-31T01:23:50Z</time>
    <extensions>
     <gpxtpx:TrackPointExtension>
      <gpxtpx:atemp>23</gpxtpx:atemp>
      <gpxtpx:hr>148</gpxtpx:hr>
      <gpxtpx:cad>81</gpxtpx:cad>
     </gpxtpx:TrackPointExtension>
    </extensions>
   </trkpt>
   <trkpt lat="12.9225820" lon="77.5188920">
    <ele>815.2</ele>
    <time>2026-07-31T01:23:52Z</time>
    <extensions>
     <gpxtpx:TrackPointExtension>
      <gpxtpx:atemp>23</gpxtpx:atemp>
      <gpxtpx:hr>151</gpxtpx:hr>
      <gpxtpx:cad>80</gpxtpx:cad>
     </gpxtpx:TrackPointExtension>
    </extensions>
   </trkpt>
   <trkpt lat="12.9225770" lon="77.5189110">
    <ele>815.4</ele>
    <time>2026-07-31T01:23:53Z</time>
    <extensions>
     <gpxtpx:TrackPointExtension>
      <gpxtpx:atemp>23</gpxtpx:atemp>
      <gpxtpx:hr>150</gpxtpx:hr>
      <gpxtpx:cad>80</gpxtpx:cad>
     </gpxtpx:TrackPointExtension>
    </extensions>
   </trkpt>
   <trkpt lat="12.9225710" lon="77.5189290">
    <ele>815.2</ele>
    <time>2026-07-31T01:23:54Z</time>
    <extensions>
     <gpxtpx:TrackPointExtension>
      <gpxtpx:atemp>23</gpxtpx:atemp>
      <gpxtpx:hr>147</gpxtpx:hr>
      <gpxtpx:cad>80</gpxtpx:cad>
     </gpxtpx:TrackPointExtension>
    </extensions>
   </trkpt>
   <trkpt lat="12.9225480" lon="77.5189780">
    <ele>815.6</ele>
    <time>2026-07-31T01:23:57Z</time>
    <extensions>
     <gpxtpx:TrackPointExtension>
      <gpxtpx:atemp>23</gpxtpx:atemp>
      <gpxtpx:hr>149</gpxtpx:hr>
      <gpxtpx:cad>81</gpxtpx:cad>
     </gpxtpx:TrackPointExtension>
    </extensions>
   </trkpt>
   <trkpt lat="12.9225400" lon="77.5190270">
    <ele>815.6</ele>
    <time>2026-07-31T01:23:59Z</time>
    <extensions>
     <gpxtpx:TrackPointExtension>
      <gpxtpx:atemp>23</gpxtpx:atemp>
      <gpxtpx:hr>150</gpxtpx:hr>
      <gpxtpx:cad>80</gpxtpx:cad>
     </gpxtpx:TrackPointExtension>
    </extensions>
   </trkpt>
   <trkpt lat="12.9225810" lon="77.5191400">
    <ele>815.6</ele>
    <time>2026-07-31T01:24:03Z</time>
    <extensions>
     <gpxtpx:TrackPointExtension>
      <gpxtpx:atemp>23</gpxtpx:atemp>
      <gpxtpx:hr>153</gpxtpx:hr>
      <gpxtpx:cad>80</gpxtpx:cad>
     </gpxtpx:TrackPointExtension>
    </extensions>
   </trkpt>
   <trkpt lat="12.9225930" lon="77.5191530">
    <ele>815.8</ele>
    <time>2026-07-31T01:24:04Z</time>
    <extensions>
     <gpxtpx:TrackPointExtension>
      <gpxtpx:atemp>23</gpxtpx:atemp>
      <gpxtpx:hr>152</gpxtpx:hr>
      <gpxtpx:cad>80</gpxtpx:cad>
     </gpxtpx:TrackPointExtension>
    </extensions>
   </trkpt>
   <trkpt lat="12.9225950" lon="77.5192180">
    <ele>816.0</ele>
    <time>2026-07-31T01:24:08Z</time>
    <extensions>
     <gpxtpx:TrackPointExtension>
      <gpxtpx:atemp>23</gpxtpx:atemp>
      <gpxtpx:hr>151</gpxtpx:hr>
      <gpxtpx:cad>80</gpxtpx:cad>
     </gpxtpx:TrackPointExtension>
    </extensions>
   </trkpt>
   <trkpt lat="12.9225700" lon="77.5193500">
    <ele>816.2</ele>
    <time>2026-07-31T01:24:13Z</time>
    <extensions>
     <gpxtpx:TrackPointExtension>
      <gpxtpx:atemp>23</gpxtpx:atemp>
      <gpxtpx:hr>152</gpxtpx:hr>
      <gpxtpx:cad>79</gpxtpx:cad>
     </gpxtpx:TrackPointExtension>
    </extensions>
   </trkpt>
   <trkpt lat="12.9225690" lon="77.5194680">
    <ele>816.2</ele>
    <time>2026-07-31T01:24:18Z</time>
    <extensions>
     <gpxtpx:TrackPointExtension>
      <gpxtpx:atemp>23</gpxtpx:atemp>
      <gpxtpx:hr>149</gpxtpx:hr>
      <gpxtpx:cad>79</gpxtpx:cad>
     </gpxtpx:TrackPointExtension>
    </extensions>
   </trkpt>
   <trkpt lat="12.9225550" lon="77.5195180">
    <ele>816.4</ele>
    <time>2026-07-31T01:24:20Z</time>
    <extensions>
     <gpxtpx:TrackPointExtension>
      <gpxtpx:atemp>23</gpxtpx:atemp>
      <gpxtpx:hr>149</gpxtpx:hr>
      <gpxtpx:cad>79</gpxtpx:cad>
     </gpxtpx:TrackPointExtension>
    </extensions>
   </trkpt>
   <trkpt lat="12.9225350" lon="77.5195640">
    <ele>816.8</ele>
    <time>2026-07-31T01:24:25Z</time>
    <extensions>
     <gpxtpx:TrackPointExtension>
      <gpxtpx:atemp>23</gpxtpx:atemp>
      <gpxtpx:hr>150</gpxtpx:hr>
      <gpxtpx:cad>51</gpxtpx:cad>
     </gpxtpx:TrackPointExtension>
    </extensions>
   </trkpt>
   <trkpt lat="12.9225170" lon="77.5196150">
    <ele>817.0</ele>
    <time>2026-07-31T01:24:28Z</time>
    <extensions>
     <gpxtpx:TrackPointExtension>
      <gpxtpx:atemp>23</gpxtpx:atemp>
      <gpxtpx:hr>146</gpxtpx:hr>
      <gpxtpx:cad>50</gpxtpx:cad>
     </gpxtpx:TrackPointExtension>
    </extensions>
   </trkpt>
   <trkpt lat="12.9225120" lon="77.5196610">
    <ele>817.0</ele>
    <time>2026-07-31T01:24:32Z</time>
    <extensions>
     <gpxtpx:TrackPointExtension>
      <gpxtpx:atemp>23</gpxtpx:atemp>
      <gpxtpx:hr>147</gpxtpx:hr>
      <gpxtpx:cad>50</gpxtpx:cad>
     </gpxtpx:TrackPointExtension>
    </extensions>
   </trkpt>
   <trkpt lat="12.9225130" lon="77.5197210">
    <ele>817.0</ele>
    <time>2026-07-31T01:24:36Z</time>
    <extensions>
     <gpxtpx:TrackPointExtension>
      <gpxtpx:atemp>23</gpxtpx:atemp>
      <gpxtpx:hr>150</gpxtpx:hr>
      <gpxtpx:cad>51</gpxtpx:cad>
     </gpxtpx:TrackPointExtension>
    </extensions>
   </trkpt>
   <trkpt lat="12.9225060" lon="77.5197430">
    <ele>817.2</ele>
    <time>2026-07-31T01:24:38Z</time>
    <extensions>
     <gpxtpx:TrackPointExtension>
      <gpxtpx:atemp>23</gpxtpx:atemp>
      <gpxtpx:hr>148</gpxtpx:hr>
      <gpxtpx:cad>51</gpxtpx:cad>
     </gpxtpx:TrackPointExtension>
    </extensions>
   </trkpt>
   <trkpt lat="12.9224820" lon="77.5198270">
    <ele>817.0</ele>
    <time>2026-07-31T01:24:43Z</time>
    <extensions>
     <gpxtpx:TrackPointExtension>
      <gpxtpx:atemp>23</gpxtpx:atemp>
      <gpxtpx:hr>144</gpxtpx:hr>
      <gpxtpx:cad>51</gpxtpx:cad>
     </gpxtpx:TrackPointExtension>
    </extensions>
   </trkpt>
   <trkpt lat="12.9224860" lon="77.5198750">
    <ele>817.0</ele>
    <time>2026-07-31T01:24:45Z</time>
    <extensions>
     <gpxtpx:TrackPointExtension>
      <gpxtpx:atemp>23</gpxtpx:atemp>
      <gpxtpx:hr>145</gpxtpx:hr>
      <gpxtpx:cad>51</gpxtpx:cad>
     </gpxtpx:TrackPointExtension>
    </extensions>
   </trkpt>
   <trkpt lat="12.9224800" lon="77.5199150">
    <ele>817.4</ele>
    <time>2026-07-31T01:24:47Z</time>
    <extensions>
     <gpxtpx:TrackPointExtension>
      <gpxtpx:atemp>23</gpxtpx:atemp>
      <gpxtpx:hr>146</gpxtpx:hr>
      <gpxtpx:cad>82</gpxtpx:cad>
     </gpxtpx:TrackPointExtension>
    </extensions>
   </trkpt>
   <trkpt lat="12.9224740" lon="77.5199330">
    <ele>817.6</ele>
    <time>2026-07-31T01:24:48Z</time>
    <extensions>
     <gpxtpx:TrackPointExtension>
      <gpxtpx:atemp>23</gpxtpx:atemp>
      <gpxtpx:hr>145</gpxtpx:hr>
      <gpxtpx:cad>81</gpxtpx:cad>
     </gpxtpx:TrackPointExtension>
    </extensions>
   </trkpt>
   <trkpt lat="12.9224300" lon="77.5200700">
    <ele>817.8</ele>
    <time>2026-07-31T01:24:51Z</time>
    <extensions>
     <gpxtpx:TrackPointExtension>
      <gpxtpx:atemp>23</gpxtpx:atemp>
      <gpxtpx:hr>145</gpxtpx:hr>
      <gpxtpx:cad>80</gpxtpx:cad>
     </gpxtpx:TrackPointExtension>
    </extensions>
   </trkpt>
   <trkpt lat="12.9224420" lon="77.5201510">
    <ele>818.2</ele>
    <time>2026-07-31T01:24:55Z</time>
    <extensions>
     <gpxtpx:TrackPointExtension>
      <gpxtpx:atemp>23</gpxtpx:atemp>
      <gpxtpx:hr>148</gpxtpx:hr>
      <gpxtpx:cad>80</gpxtpx:cad>
     </gpxtpx:TrackPointExtension>
    </extensions>
   </trkpt>
   <trkpt lat="12.9224520" lon="77.5202060">
    <ele>818.2</ele>
    <time>2026-07-31T01:24:58Z</time>
    <extensions>
     <gpxtpx:TrackPointExtension>
      <gpxtpx:atemp>23</gpxtpx:atemp>
      <gpxtpx:hr>150</gpxtpx:hr>
      <gpxtpx:cad>80</gpxtpx:cad>
     </gpxtpx:TrackPointExtension>
    </extensions>
   </trkpt>
   <trkpt lat="12.9224380" lon="77.5202720">
    <ele>818.6</ele>
    <time>2026-07-31T01:25:01Z</time>
    <extensions>
     <gpxtpx:TrackPointExtension>
      <gpxtpx:atemp>23</gpxtpx:atemp>
      <gpxtpx:hr>151</gpxtpx:hr>
      <gpxtpx:cad>80</gpxtpx:cad>
     </gpxtpx:TrackPointExtension>
    </extensions>
   </trkpt>
   <trkpt lat="12.9224240" lon="77.5203410">
    <ele>819.0</ele>
    <time>2026-07-31T01:25:04Z</time>
    <extensions>
     <gpxtpx:TrackPointExtension>
      <gpxtpx:atemp>23</gpxtpx:atemp>
      <gpxtpx:hr>152</gpxtpx:hr>
      <gpxtpx:cad>80</gpxtpx:cad>
     </gpxtpx:TrackPointExtension>
    </extensions>
   </trkpt>
   <trkpt lat="12.9224140" lon="77.5203660">
    <ele>819.2</ele>
    <time>2026-07-31T01:25:05Z</time>
    <extensions>
     <gpxtpx:TrackPointExtension>
      <gpxtpx:atemp>23</gpxtpx:atemp>
      <gpxtpx:hr>151</gpxtpx:hr>
      <gpxtpx:cad>79</gpxtpx:cad>
     </gpxtpx:TrackPointExtension>
    </extensions>
   </trkpt>
   <trkpt lat="12.9223820" lon="77.5204660">
    <ele>819.4</ele>
    <time>2026-07-31T01:25:09Z</time>
    <extensions>
     <gpxtpx:TrackPointExtension>
      <gpxtpx:atemp>23</gpxtpx:atemp>
      <gpxtpx:hr>152</gpxtpx:hr>
      <gpxtpx:cad>79</gpxtpx:cad>
     </gpxtpx:TrackPointExtension>
    </extensions>
   </trkpt>
   <trkpt lat="12.9223570" lon="77.5205540">
    <ele>819.8</ele>
    <time>2026-07-31T01:25:12Z</time>
    <extensions>
     <gpxtpx:TrackPointExtension>
      <gpxtpx:atemp>23</gpxtpx:atemp>
      <gpxtpx:hr>152</gpxtpx:hr>
      <gpxtpx:cad>78</gpxtpx:cad>
     </gpxtpx:TrackPointExtension>
    </extensions>
   </trkpt>
   <trkpt lat="12.9223550" lon="77.5206040">
    <ele>820.4</ele>
    <time>2026-07-31T01:25:14Z</time>
    <extensions>
     <gpxtpx:TrackPointExtension>
      <gpxtpx:atemp>23</gpxtpx:atemp>
      <gpxtpx:hr>152</gpxtpx:hr>
      <gpxtpx:cad>78</gpxtpx:cad>
     </gpxtpx:TrackPointExtension>
    </extensions>
   </trkpt>
   <trkpt lat="12.9223650" lon="77.5206190">
    <ele>820.4</ele>
    <time>2026-07-31T01:25:16Z</time>
    <extensions>
     <gpxtpx:TrackPointExtension>
      <gpxtpx:atemp>23</gpxtpx:atemp>
      <gpxtpx:hr>152</gpxtpx:hr>
      <gpxtpx:cad>0</gpxtpx:cad>
     </gpxtpx:TrackPointExtension>
    </extensions>
   </trkpt>
   <trkpt lat="12.9223730" lon="77.5205470">
    <ele>820.2</ele>
    <time>2026-07-31T01:25:22Z</time>
    <extensions>
     <gpxtpx:TrackPointExtension>
      <gpxtpx:atemp>23</gpxtpx:atemp>
      <gpxtpx:hr>152</gpxtpx:hr>
      <gpxtpx:cad>0</gpxtpx:cad>
     </gpxtpx:TrackPointExtension>
    </extensions>
   </trkpt>
   <trkpt lat="12.9223810" lon="77.5203860">
    <ele>819.0</ele>
    <time>2026-07-31T01:25:28Z</time>
    <extensions>
     <gpxtpx:TrackPointExtension>
      <gpxtpx:atemp>23</gpxtpx:atemp>
      <gpxtpx:hr>149</gpxtpx:hr>
      <gpxtpx:cad>79</gpxtpx:cad>
     </gpxtpx:TrackPointExtension>
    </extensions>
   </trkpt>
   <trkpt lat="12.9223820" lon="77.5203500">
    <ele>818.8</ele>
    <time>2026-07-31T01:25:29Z</time>
    <extensions>
     <gpxtpx:TrackPointExtension>
      <gpxtpx:atemp>23</gpxtpx:atemp>
      <gpxtpx:hr>150</gpxtpx:hr>
      <gpxtpx:cad>79</gpxtpx:cad>
     </gpxtpx:TrackPointExtension>
    </extensions>
   </trkpt>
   <trkpt lat="12.9224030" lon="77.5202770">
    <ele>818.6</ele>
    <time>2026-07-31T01:25:32Z</time>
    <extensions>
     <gpxtpx:TrackPointExtension>
      <gpxtpx:atemp>23</gpxtpx:atemp>
      <gpxtpx:hr>151</gpxtpx:hr>
      <gpxtpx:cad>79</gpxtpx:cad>
     </gpxtpx:TrackPointExtension>
    </extensions>
   </trkpt>
   <trkpt lat="12.9224110" lon="77.5202450">
    <ele>818.6</ele>
    <time>2026-07-31T01:25:33Z</time>
    <extensions>
     <gpxtpx:TrackPointExtension>
      <gpxtpx:atemp>23</gpxtpx:atemp>
      <gpxtpx:hr>150</gpxtpx:hr>
      <gpxtpx:cad>79</gpxtpx:cad>
     </gpxtpx:TrackPointExtension>
    </extensions>
   </trkpt>
   <trkpt lat="12.9224050" lon="77.5201010">
    <ele>818.2</ele>
    <time>2026-07-31T01:25:38Z</time>
    <extensions>
     <gpxtpx:TrackPointExtension>
      <gpxtpx:atemp>23</gpxtpx:atemp>
      <gpxtpx:hr>152</gpxtpx:hr>
      <gpxtpx:cad>80</gpxtpx:cad>
     </gpxtpx:TrackPointExtension>
    </extensions>
   </trkpt>
   <trkpt lat="12.9223820" lon="77.5200010">
    <ele>818.0</ele>
    <time>2026-07-31T01:25:42Z</time>
    <extensions>
     <gpxtpx:TrackPointExtension>
      <gpxtpx:atemp>23</gpxtpx:atemp>
      <gpxtpx:hr>153</gpxtpx:hr>
      <gpxtpx:cad>79</gpxtpx:cad>
     </gpxtpx:TrackPointExtension>
    </extensions>
   </trkpt>
   <trkpt lat="12.9223740" lon="77.5199820">
    <ele>818.0</ele>
    <time>2026-07-31T01:25:43Z</time>
    <extensions>
     <gpxtpx:TrackPointExtension>
      <gpxtpx:atemp>23</gpxtpx:atemp>
      <gpxtpx:hr>155</gpxtpx:hr>
      <gpxtpx:cad>79</gpxtpx:cad>
     </gpxtpx:TrackPointExtension>
    </extensions>
   </trkpt>
   <trkpt lat="12.9224040" lon="77.5198620">
    <ele>817.4</ele>
    <time>2026-07-31T01:25:48Z</time>
    <extensions>
     <gpxtpx:TrackPointExtension>
      <gpxtpx:atemp>23</gpxtpx:atemp>
      <gpxtpx:hr>155</gpxtpx:hr>
      <gpxtpx:cad>79</gpxtpx:cad>
     </gpxtpx:TrackPointExtension>
    </extensions>
   </trkpt>
   <trkpt lat="12.9224410" lon="77.5197400">
    <ele>817.2</ele>
    <time>2026-07-31T01:25:53Z</time>
    <extensions>
     <gpxtpx:TrackPointExtension>
      <gpxtpx:atemp>23</gpxtpx:atemp>
      <gpxtpx:hr>157</gpxtpx:hr>
      <gpxtpx:cad>79</gpxtpx:cad>
     </gpxtpx:TrackPointExtension>
    </extensions>
   </trkpt>
   <trkpt lat="12.9224700" lon="77.5196070">
    <ele>816.8</ele>
    <time>2026-07-31T01:25:59Z</time>
    <extensions>
     <gpxtpx:TrackPointExtension>
      <gpxtpx:atemp>23</gpxtpx:atemp>
      <gpxtpx:hr>157</gpxtpx:hr>
      <gpxtpx:cad>79</gpxtpx:cad>
     </gpxtpx:TrackPointExtension>
    </extensions>
   </trkpt>
   <trkpt lat="12.9224950" lon="77.5195630">
    <ele>816.8</ele>
    <time>2026-07-31T01:26:02Z</time>
    <extensions>
     <gpxtpx:TrackPointExtension>
      <gpxtpx:atemp>23</gpxtpx:atemp>
      <gpxtpx:hr>158</gpxtpx:hr>
      <gpxtpx:cad>79</gpxtpx:cad>
     </gpxtpx:TrackPointExtension>
    </extensions>
   </trkpt>
   <trkpt lat="12.9225120" lon="77.5194680">
    <ele>816.8</ele>
    <time>2026-07-31T01:26:06Z</time>
    <extensions>
     <gpxtpx:TrackPointExtension>
      <gpxtpx:atemp>23</gpxtpx:atemp>
      <gpxtpx:hr>158</gpxtpx:hr>
      <gpxtpx:cad>78</gpxtpx:cad>
     </gpxtpx:TrackPointExtension>
    </extensions>
   </trkpt>
   <trkpt lat="12.9225240" lon="77.5194410">
    <ele>816.8</ele>
    <time>2026-07-31T01:26:09Z</time>
    <extensions>
     <gpxtpx:TrackPointExtension>
      <gpxtpx:atemp>23</gpxtpx:atemp>
      <gpxtpx:hr>158</gpxtpx:hr>
      <gpxtpx:cad>77</gpxtpx:cad>
     </gpxtpx:TrackPointExtension>
    </extensions>
   </trkpt>
   <trkpt lat="12.9225290" lon="77.5194480">
    <ele>816.8</ele>
    <time>2026-07-31T01:26:10Z</time>
    <extensions>
     <gpxtpx:TrackPointExtension>
      <gpxtpx:atemp>23</gpxtpx:atemp>
      <gpxtpx:hr>158</gpxtpx:hr>
      <gpxtpx:cad>77</gpxtpx:cad>
     </gpxtpx:TrackPointExtension>
    </extensions>
   </trkpt>
   <trkpt lat="12.9225330" lon="77.5195200">
    <ele>816.6</ele>
    <time>2026-07-31T01:26:13Z</time>
    <extensions>
     <gpxtpx:TrackPointExtension>
      <gpxtpx:atemp>23</gpxtpx:atemp>
      <gpxtpx:hr>158</gpxtpx:hr>
      <gpxtpx:cad>53</gpxtpx:cad>
     </gpxtpx:TrackPointExtension>
    </extensions>
   </trkpt>
   <trkpt lat="12.9225180" lon="77.5196090">
    <ele>816.8</ele>
    <time>2026-07-31T01:26:19Z</time>
    <extensions>
     <gpxtpx:TrackPointExtension>
      <gpxtpx:atemp>23</gpxtpx:atemp>
      <gpxtpx:hr>156</gpxtpx:hr>
      <gpxtpx:cad>78</gpxtpx:cad>
     </gpxtpx:TrackPointExtension>
    </extensions>
   </trkpt>
   <trkpt lat="12.9225070" lon="77.5196200">
    <ele>817.2</ele>
    <time>2026-07-31T01:26:22Z</time>
    <extensions>
     <gpxtpx:TrackPointExtension>
      <gpxtpx:atemp>23</gpxtpx:atemp>
      <gpxtpx:hr>159</gpxtpx:hr>
      <gpxtpx:cad>0</gpxtpx:cad>
     </gpxtpx:TrackPointExtension>
    </extensions>
   </trkpt>
   <trkpt lat="12.9225030" lon="77.5196260">
    <ele>817.2</ele>
    <time>2026-07-31T01:26:23Z</time>
    <extensions>
     <gpxtpx:TrackPointExtension>
      <gpxtpx:atemp>23</gpxtpx:atemp>
      <gpxtpx:hr>159</gpxtpx:hr>
      <gpxtpx:cad>0</gpxtpx:cad>
     </gpxtpx:TrackPointExtension>
    </extensions>
   </trkpt>
  </trkseg>
 </trk>
</gpx>
